9.990199415887041141e+02,1.094360724377179849e+03,1.043289410075048636e+03,1.070563966473768232e+03,1.180735977166683824e+03,1.322523439323931598e+03,1.371755812264970700e+03,1.453631589828710048e+03,1.607655462326623137e+03,1.685542073899096522e+03,1.788029571142633358e+03,1.623839487013404778e+03,1.764553281578247379e+03,1.769398440882045634e+03,1.690837681357816791e+03,1.575861141860813859e+03,1.533563357511389086e+03,1.670199856674141301e+03,1.527781821209087411e+03,1.558685828369630372e+03,1.379385605254744405e+03,1.417975940564980419e+03,1.349125697371481465e+03,1.415712505333000081e+03,1.350613231618749069e+03,1.415616031141130179e+03,1.381217673918227092e+03,1.345143461287205810e+03,1.378306075183912526e+03,1.445878549869809149e+03,1.450907195863984725e+03,1.496123510619113858e+03,1.529760504547427672e+03,1.600570382234272529e+03,1.668963104911684241e+03,1.365055808605974562e+03,1.445569932169503318e+03,1.275255383739033732e+03,1.534513096807538204e+03,1.550100196817592860e+03,1.341542621052625918e+03,1.293518976532308670e+03,1.077095292775883991e+03,1.014852298737727324e+03,1.033188976606445976e+03,1.148734856235912730e+03,1.146433619595017717e+03,1.322138912006344071e+03,1.541539992689467454e+03,1.887190801051112430e+03,1.843242049187899738e+03,1.898467961818955018e+03,1.777259146764461548e+03,1.811592947375379936e+03,1.787847814753739613e+03,1.742857749795693053e+03,1.647397681030728108e+03,1.716598836974535971e+03,1.592794778776029261e+03,1.434607445811002890e+03,1.565561689758661942e+03,1.414260463371091191e+03,1.277591237705606090e+03,1.359730198791823113e+03,1.289584236992090155e+03,1.143679775938586545e+03,1.117183949552310878e+03,1.166456896628684717e+03,1.070533813372270288e+03,9.311161611313057165e+02,8.857264908226007947e+02,8.770947594670885792e+02,8.482111097109047932e+02,8.173132718873874865e+02,6.901965695056757113e+02,5.920158786325814617e+02,5.532839150741262984e+02,5.431836152227054981e+02,5.472827360556768781e+02,5.367575153201333933e+02,1.000000000000000000e+00
7.926574027927499628e+02,8.737432032171768697e+02,9.463753870892146551e+02,1.006003549729094971e+03,1.094610361104367030e+03,1.043872188322621696e+03,1.061801220132539356e+03,1.181457275793824238e+03,1.327015273683065288e+03,1.372907679331047348e+03,1.455276235458919018e+03,1.634097286706131399e+03,1.687829072027418761e+03,1.787875357456702432e+03,1.624050317179094236e+03,1.763856060855992837e+03,1.768245646323318852e+03,1.645766457989963783e+03,1.575003417820450977e+03,1.545143881663482262e+03,1.669944653589968084e+03,1.523459688887068978e+03,1.554540616762262744e+03,1.378554724249912624e+03,1.398308999169086292e+03,1.356243392519017107e+03,1.418333547246489161e+03,1.349700746756909439e+03,1.407609077376361256e+03,1.380256506798755709e+03,1.344013570596755471e+03,1.400842059407667421e+03,1.447375915731562600e+03,1.453419222521928987e+03,1.498350868217828065e+03,1.529477598627066072e+03,1.566098573714212989e+03,1.631110784005731603e+03,1.364360657462971858e+03,1.445396794205132665e+03,1.304223862237560070e+03,1.510325854641214164e+03,1.576011128054699157e+03,1.339052034154324474e+03,1.260162688815995807e+03,1.090352388559079827e+03,1.014944844456239025e+03,1.041372449073793859e+03,1.149609124077880324e+03,1.147929446966152682e+03,1.323329756437095057e+03,1.545361618032323577e+03,1.826821056419414617e+03,1.840769798047783070e+03,1.909333852068089072e+03,1.777541175709836352e+03,1.811940496555417212e+03,1.788377020489306233e+03,1.743684870767020584e+03,1.607939599644781310e+03,1.717027238039843041e+03,1.592503092049881843e+03,1.432194357221431801e+03,1.566111981838880411e+03,1.414079955581074273e+03,1.293383595441810940e+03,1.343842083718566073e+03,1.232592126441946675e+03,1.154531296186882628e+03,1.117092068585741799e+03,1.166812205920151428e+03,1.072110165116753024e+03,9.546961097661381928e+02,8.858130855718163730e+02,8.840929051606420899e+02,8.580704896983866092e+02,8.170113758219009696e+02,6.900544892281969851e+02,5.918818584293660479e+02,5.455715627148999829e+02,1.000000000000000000e+00
8.483511847725008010e+02,8.353816322916615036e+02,8.042183376955357517e+02,8.024192726935636983e+02,8.732052594520203002e+02,9.382559017846772349e+02,1.006117573515561617e+03,1.058581073209760689e+03,1.071516051221140970e+03,1.069393107705403736e+03,1.169366587725505269e+03,1.327960734205281824e+03,1.388408765402074778e+03,1.456904164430045967e+03,1.635315136119259023e+03,1.685688880461101462e+03,1.783150370387235171e+03,1.587994441619560348e+03,1.763185160531987776e+03,1.775407888697506678e+03,1.644724464398740565e+03,1.574172292895202645e+03,1.604278701807064408e+03,1.663931385433883861e+03,1.535002183481963812e+03,1.553673183082044716e+03,1.377786350611169155e+03,1.397677370113493453e+03,1.371314396566119967e+03,1.418118639984330912e+03,1.348812388552835955e+03,1.383500810149688732e+03,1.379325537669272080e+03,1.342916681097553919e+03,1.407486080081825094e+03,1.445687290547275552e+03,1.455913907706962391e+03,1.500564188224608642e+03,1.529211723886096934e+03,1.566919183880766923e+03,1.585650349625662329e+03,1.363689219536024211e+03,1.445238279130266164e+03,1.304091802879040642e+03,1.512600139529541138e+03,1.608458865851154997e+03,1.336616799416745607e+03,1.253442636358698110e+03,1.096612148859547460e+03,1.015044699363315772e+03,1.053904123425716534e+03,1.150480302646220025e+03,1.149415636349792294e+03,1.359628799486927846e+03,1.549151886564056440e+03,1.830874396204049390e+03,1.840645426982827757e+03,1.908552483347439875e+03,1.817528575354734357e+03,1.812300026778397296e+03,1.776733031755562706e+03,1.744504420670628633e+03,1.608072920052743484e+03,1.743055119784882663e+03,1.577236074952617855e+03,1.418476330209334265e+03,1.559442363860205660e+03,1.454828485968921086e+03,1.293550804216789174e+03,1.346099967505965651e+03,1.232517842261899432e+03,1.169252582682208185e+03,1.117003426105979543e+03,1.167040071898851693e+03,1.071793821065046586e+03,9.395451980588138667e+02,8.859000125650692326e+02,8.841845090895171779e+02,8.508446211832665540e+02,8.167149529447287932e+02,1.000000000000000000e+00
8.781064359799421482e+02,8.933354611682782433e+02,8.701499210651828662e+02,8.363952797120401783e+02,8.349070021652551077e+02,7.953629637557521619e+02,8.020639257277783827e+02,8.675911026741830483e+02,9.381403326571478374e+02,1.006235688276757969e+03,1.058817317919723337e+03,1.072118470125279828e+03,1.070049403132140469e+03,1.170059525351774255e+03,1.328900106110823344e+03,1.389559443145690466e+03,1.499540589576171897e+03,1.636525540377185280e+03,1.687920896067004833e+03,1.793823483572209625e+03,1.587281996744466596e+03,1.740485341750224507e+03,1.774307609545586274e+03,1.643946384535370271e+03,1.577766187612014164e+03,1.597392807003996950e+03,1.663962497809606248e+03,1.531040221811271749e+03,1.557008365249723283e+03,1.377041755723065990e+03,1.386199309626746071e+03,1.374695745535662354e+03,1.417918185285662730e+03,1.347947629476225302e+03,1.382988291740964542e+03,1.364165076897942072e+03,1.358609947269187160e+03,1.406037222129988322e+03,1.444042746825351969e+03,1.458390029782945021e+03,1.502762733599270632e+03,1.564251583021607530e+03,1.567739500746851718e+03,1.550327968212659243e+03,1.363040843388588200e+03,1.445093831207564790e+03,1.303972844962312138e+03,1.514855517402464557e+03,1.585495504536140061e+03,1.334236107843787750e+03,1.238409472297544198e+03,1.082091377830008014e+03,1.015151463232308515e+03,1.042662214310559875e+03,1.179829104873183496e+03,1.143020332657833478e+03,1.360847727329714417e+03,1.595708380967160792e+03,1.784423530399801848e+03,1.824917328483047640e+03,1.907799491201943965e+03,1.822800579142691959e+03,1.812670952504193565e+03,1.776535480042056406e+03,1.741720313490187436e+03,1.663000625152373914e+03,1.743369244372530829e+03,1.576936148623898816e+03,1.418463673938196962e+03,1.559549864603784727e+03,1.439838691872185564e+03,1.293718185180422552e+03,1.309499103976204879e+03,1.232446561346649105e+03,1.169240454669701421e+03,1.116918063988402537e+03,1.144374426361181577e+03,1.071483465082689236e+03,9.561919461663867423e+02,8.859871522318917414e+02,1.000000000000000000e+00
9.342737112662246091e+02,9.268065229717419697e+02,9.256809014912774956e+02,8.776187230538746462e+02,8.861593071016034173e+02,8.695866170747714250e+02,8.379480758485552769e+02,8.244564168066198135e+02,7.949648492505589275e+02,8.127982398299660645e+02,8.672392334785936328e+02,9.482496374990066670e+02,1.020816079911285897e+03,1.059055933174954134e+03,1.072716876591875689e+03,1.077513211475484241e+03,1.190200932191113679e+03,1.344511347359376032e+03,1.407072847257978765e+03,1.501197085520533619e+03,1.637727868505439801e+03,1.698636201753843352e+03,1.792871499328124173e+03,1.607550130314463559e+03,1.757361199509510470e+03,1.773240004164905258e+03,1.643193749466439840e+03,1.569488162070474118e+03,1.596555346089623299e+03,1.664007947592269147e+03,1.559064921186915626e+03,1.556214327394469819e+03,1.376320355349408146e+03,1.402091925326664523e+03,1.374051776670090476e+03,1.424188744218508418e+03,1.347106003155060762e+03,1.401867327982845154e+03,1.350555580576988177e+03,1.357616118677629629e+03,1.404627721328788084e+03,1.442441284642328128e+03,1.460846880108332698e+03,1.500028021083400290e+03,1.564082268144111595e+03,1.568558814042200993e+03,1.548537177617270572e+03,1.353055124792581182e+03,1.444962953261055191e+03,1.303866479347871518e+03,1.533350417549212807e+03,1.588261502264132560e+03,1.304752244077741580e+03,1.237192576658537291e+03,1.083630061923487119e+03,1.015264709559130097e+03,1.043415915550156342e+03,1.127031277158248031e+03,1.144459023979467929e+03,1.382286863636342787e+03,1.684979366201665243e+03,1.788128797794339107e+03,1.824822238449894485e+03,1.907074014997128643e+03,1.772334291647294549e+03,1.809295113618361711e+03,1.765670583529512669e+03,1.729675767052179481e+03,1.656518737078844424e+03,1.743678922875313447e+03,1.576643706889205532e+03,1.418454095271267079e+03,1.559656672500150307e+03,1.439670411423082442e+03,1.289794231263543907e+03,1.309476460958363987e+03,1.232378174864923039e+03,1.169230109909663497e+03,1.116835808285513167e+03,1.165773444995350928e+03,1.000000000000000000e+00
9.829187356208948358e+02,1.007855706236988794e+03,9.129905690194453882e+02,9.456800191021266073e+02,9.302839686919953692e+02,9.397796841209126342e+02,8.771451839369350409e+02,8.855186057712439833e+02,8.690390402305799853e+02,8.392540158103906833e+02,8.240127090152324172e+02,7.945787135258804028e+02,8.366707508518595660e+02,8.668987901997788867e+02,9.613107668656523401e+02,1.011137804530726044e+03,1.059296500860256174e+03,1.073310868713455648e+03,1.078159844331480826e+03,1.190899808439191474e+03,1.345423139544537662e+03,1.408179676152990623e+03,1.529852672952951025e+03,1.658419335148070104e+03,1.700850936499881072e+03,1.754708233511163826e+03,1.638676289248543753e+03,1.757471822533088471e+03,1.772204592070575927e+03,1.642465886378726282e+03,1.542278751792014646e+03,1.647460667660577883e+03,1.664066865437444221e+03,1.530129269062864751e+03,1.555446645028463536e+03,1.375621687789484213e+03,1.401143532140492425e+03,1.373429243836973228e+03,1.424060865329719945e+03,1.338600737224897784e+03,1.401228102544020430e+03,1.342691735572456082e+03,1.364248091312525048e+03,1.403256829595404724e+03,1.440882141462502886e+03,1.463283358661245529e+03,1.534955561289844354e+03,1.607362341600174204e+03,1.560459371625991480e+03,1.511184265628491175e+03,1.360109755874861548e+03,1.417990819789668421e+03,1.328228542126832053e+03,1.535708513300562799e+03,1.589232879335205325e+03,1.302558675260847849e+03,1.236005919641757146e+03,1.083372000841178078e+03,1.019838355708571385e+03,1.043852953130186961e+03,1.127884874854969894e+03,1.122760268035902754e+03,1.383439035455879321e+03,1.688347613286420255e+03,1.791804562407819276e+03,1.834260935670764411e+03,1.912030406312645709e+03,1.760256041497857495e+03,1.815875759519459962e+03,1.765451669068098454e+03,1.730256196060078764e+03,1.684639762739424441e+03,1.743984149969644932e+03,1.576358659753910388e+03,1.443648422307447618e+03,1.559762832571756462e+03,1.406838900039999317e+03,1.265055400424258551e+03,1.309456159575066522e+03,1.232312654629826739e+03,1.000000000000000000e+00
9.755610679225744661e+02,1.014529543696625751e+03,9.670912603420620144e+02,9.559757978112965020e+02,1.005052600549592853e+03,9.180506052453979464e+02,9.451002103440526980e+02,9.297639142729810828e+02,9.320695744461028198e+02,8.700636627094166897e+02,8.848954824706606814e+02,8.685070078857856970e+02,8.337203552700063938e+02,8.160775781382740206e+02,7.942043547769771976e+02,8.471307932000928531e+02,8.757745913561689122e+02,9.612522519512253893e+02,1.011249573768193613e+03,1.044916343000865027e+03,1.073900187776247549e+03,1.072684654706442871e+03,1.197703708591671102e+03,1.346327572417503234e+03,1.409275804024997342e+03,1.531514864639006419e+03,1.659625041933160901e+03,1.699233361275668130e+03,1.743031158233531642e+03,1.655912539364009717e+03,1.722374415839999301e+03,1.758532296767835760e+03,1.641762333518866853e+03,1.537865017605207186e+03,1.646630549236434490e+03,1.664138580235765630e+03,1.528504213970900310e+03,1.554704677335652150e+03,1.386789092655476679e+03,1.400222376045918054e+03,1.375435520351366449e+03,1.423946807956234807e+03,1.337782880721058518e+03,1.400607674681005619e+03,1.342022431482992033e+03,1.363243146888042702e+03,1.401923667506283891e+03,1.490374377659636139e+03,1.465698618266941139e+03,1.537174133975798668e+03,1.608083972474614256e+03,1.551510072779304210e+03,1.509467275238576804e+03,1.359450021386727258e+03,1.325313504235041364e+03,1.328199038804755446e+03,1.537142939536282256e+03,1.588749203216713795e+03,1.333419584478381012e+03,1.260426212714641451e+03,1.079629356160537554e+03,1.011234281303489070e+03,1.044291299405340851e+03,1.128734044053933985e+03,1.124782971278539890e+03,1.384587324913320344e+03,1.678345693456137724e+03,1.795449518315459045e+03,1.834260191514167445e+03,1.910525791833521907e+03,1.798267362964072618e+03,1.816164473991923387e+03,1.743817602410032123e+03,1.746717052036569612e+03,1.684820779635412237e+03,1.744284902349332697e+03,1.575074541817162299e+03,1.443670759845197836e+03,1.570882060220580570e+03,1.406566400751348965e+03,1.000000000000000000e+00
1.024303468893000172e+03,1.028425812020851708e+03,1.024348767753553830e+03,9.880266883977221823e+02,1.006076505624651986e+03,9.665666226680302771e+02,9.554273194705643846e+02,9.970567029342096248e+02,9.286233151949711555e+02,9.627518957002237130e+02,9.066572290408962544e+02,9.315360123643612269e+02,8.576470428225633214e+02,8.735047520794718139e+02,8.679901884611889500e+02,8.333268595737453097e+02,8.156765477724859466e+02,7.842462755627939259e+02,8.467984570903888653e+02,8.754364708159550901e+02,9.611997038553513448e+02,1.011364449361794641e+03,1.045147073539153553e+03,1.078179946923920852e+03,1.073312235699748953e+03,1.198383653264703526e+03,1.354934943350157937e+03,1.410360720000330730e+03,1.577815933443792801e+03,1.663601359181283442e+03,1.701382862099794238e+03,1.742150097304734572e+03,1.658907978280257339e+03,1.722553793459552026e+03,1.756724718142156462e+03,1.641082380807402842e+03,1.537157864933700239e+03,1.645826403020223779e+03,1.670662128093021010e+03,1.526921428611490228e+03,1.553987612570012743e+03,1.365051558360763920e+03,1.393713885281218609e+03,1.370914629618505614e+03,1.423846146152885240e+03,1.336987236345062684e+03,1.376177436644203226e+03,1.341376556681022521e+03,1.362268491244711640e+03,1.400627455781777371e+03,1.492942010970391493e+03,1.466881040847600389e+03,1.539373272711666232e+03,1.608804641857422666e+03,1.515867514380064222e+03,1.507792785741423813e+03,1.358812250598362425e+03,1.325215908431369826e+03,1.385740475215776087e+03,1.552906925422623317e+03,1.588287529537156388e+03,1.331726584338615794e+03,1.259281380669677674e+03,1.067485229605808854e+03,9.817810173818338626e+02,1.044730478256499737e+03,1.129578232861892729e+03,1.141990094568917584e+03,1.396455606262537913e+03,1.679420145349012955e+03,1.753514254601581797e+03,1.834277442573865756e+03,1.910784923656437741e+03,1.768052058893338199e+03,1.833275413221354484e+03,1.754734709103031264e+03,1.747489896470318854e+03,1.673899755403344443e+03,1.744581154328608591e+03,1.574763064411695495e+03,1.000000000000000000e+00
1.048207008451763159e+03,1.047863726420043122e+03,1.020262435865770158e+03,1.023763056390889005e+03,1.027984159316979003e+03,1.023860770837460564e+03,9.874828859517322144e+02,1.004681339570061027e+03,9.730594633342993802e+02,9.488270589937379782e+02,9.923723660098204391e+02,9.329217138242465808e+02,9.621959336258501025e+02,9.061755828014941017e+02,9.310180810603660575e+02,8.572343521961842043e+02,8.850010796089222822e+02,8.674883461196498047e+02,8.329454581868074001e+02,8.152876428670110727e+02,7.790808822925121149e+02,8.464769062369100538e+02,8.817069205918214720e+02,9.611529747646820852e+02,1.011482147401290831e+03,1.045378838269472453e+03,1.063750176084904297e+03,1.073933649307527503e+03,1.199057208527552802e+03,1.355820389694734331e+03,1.411433964834377548e+03,1.579535850634003282e+03,1.665877494677185041e+03,1.703505410869230673e+03,1.741296930095239986e+03,1.681501440788170839e+03,1.722741376481830457e+03,1.747994524906872357e+03,1.640425456800676102e+03,1.536473697698618253e+03,1.645047642891498072e+03,1.670797093641899437e+03,1.525380031819599253e+03,1.541308245034937045e+03,1.380382629339330606e+03,1.392849282347081271e+03,1.366862812233624481e+03,1.423758233001758299e+03,1.342651470987671701e+03,1.375764604619214197e+03,1.340753408879054177e+03,1.362987647088920312e+03,1.425641914815957080e+03,1.520996554724582438e+03,1.478090749425684635e+03,1.547154409398448024e+03,1.577933390040166159e+03,1.516697390459633198e+03,1.506160007335276759e+03,1.378102731416712913e+03,1.325129875560844084e+03,1.386394309352384653e+03,1.532798047415973315e+03,1.564514807951294642e+03,1.357723217310303198e+03,1.258165795096872216e+03,1.070132790341382588e+03,9.816523681091789513e+02,1.045170228401560507e+03,1.130417084257266652e+03,1.143978946426071161e+03,1.442026590900047267e+03,1.680492983384391664e+03,1.756815097356332899e+03,1.834311861215081308e+03,1.911042534627342548e+03,1.768135075793301439e+03,1.833554944246092873e+03,1.754550877745082744e+03,1.747708457590324997e+03,1.000000000000000000e+00
1.048669699425129920e+03,1.048344201608979347e+03,1.048012739976371222e+03,1.047675319415641297e+03,1.047332220861498172e+03,1.019696511968515665e+03,1.023238952892645784e+03,1.020382755335475167e+03,1.023387795454968909e+03,9.869552546524255376e+02,1.004166460779354338e+03,9.619218895884055200e+02,9.483148828880002839e+02,9.824014692940751274e+02,9.586771993389534146e+02,9.583529204565577402e+02,9.057083363686471102e+02,9.360610115597908134e+02,8.671936096581172251e+02,8.765541353979026553e+02,8.670011405980709469e+02,8.325758100510333861e+02,8.149106520032777325e+02,7.787645036700985202e+02,8.461659515944497798e+02,8.814065599091295553e+02,9.583902125382830945e+02,1.011602399382009821e+03,1.045611384068143707e+03,1.064309908126719165e+03,1.081717535143709028e+03,1.201479418423838524e+03,1.356697007541058156e+03,1.412494872587649752e+03,1.581232037998110854e+03,1.672083456878129255e+03,1.695413073047104035e+03,1.755348674338160436e+03,1.689654207369859932e+03,1.755580918708515583e+03,1.747123046302340981e+03,1.634581448011338580e+03,1.504282149509480405e+03,1.644293752087138273e+03,1.670941832091184096e+03,1.552169348200593959e+03,1.528179247026483381e+03,1.379866695809364501e+03,1.392010045099963463e+03,1.367527073981038484e+03,1.416111298125741996e+03,1.358777242711085819e+03,1.375369858140379392e+03,1.340152370844422421e+03,1.362075003585590139e+03,1.413041206589203966e+03,1.488264956113486960e+03,1.480472261304984841e+03,1.553514268043131551e+03,1.578628238210015297e+03,1.517522567343251012e+03,1.494678132139870058e+03,1.377397692446303381e+03,1.325055024361246979e+03,1.387046819093700378e+03,1.494305338463595263e+03,1.561580593254886708e+03,1.355984565492851743e+03,1.257078829672524080e+03,1.072229063593961655e+03,9.815330474864624648e+02,1.065003821491699000e+03,1.112835660358469340e+03,1.145947167175626873e+03,1.438126475009695014e+03,1.681563133701672314e+03,1.760085046131271156e+03,1.834362582081374512e+03,1.911298651994982265e+03,1.768229564641072102e+03,1.000000000000000000e+00
1.049094853417430841e+03,1.048787591141703388e+03,1.048474116656175738e+03,1.048154509240360312e+03,1.047828886155416967e+03,1.047497372116194811e+03,1.047160037287264004e+03,1.046817027733113946e+03,1.025323992467570861e+03,1.022730854174394608e+03,1.019828687601501542e+03,1.021080382565698869e+03,9.943291769634870434e+02,1.003667205949064851e+03,9.748401888420155501e+02,9.492907410207767498e+02,9.640525549975250215e+02,9.647560784587901708e+02,9.492383925658701855e+02,8.979600840637025385e+02,9.355604611512173960e+02,8.668011599733256389e+02,8.760172991489301921e+02,8.843007029068635347e+02,8.322177863148483539e+02,8.035849570896842806e+02,7.781965024050834927e+02,8.470486347695357381e+02,8.766708194768007161e+02,9.583790610812488922e+02,1.042331067797696505e+03,1.045844242303123565e+03,1.060154256184348469e+03,1.076415149195782078e+03,1.209433538954913729e+03,1.357512840373040490e+03,1.413542941185894506e+03,1.597377170711050894e+03,1.674309811314205490e+03,1.697462883088485341e+03,1.754515283736801393e+03,1.688920193420389523e+03,1.724034902843748114e+03,1.746279146396459055e+03,1.655318104617283552e+03,1.513910935060756856e+03,1.614359078274108924e+03,1.671095787729243966e+03,1.574804509139373522e+03,1.527579087358295965e+03,1.379368796898525943e+03,1.406531658834199789e+03,1.370155330783856925e+03,1.416022046543139140e+03,1.382462443537385980e+03,1.374992728641057511e+03,1.329767370004393797e+03,1.361190547394265877e+03,1.392597922753581315e+03,1.471401987869126287e+03,1.507941229496262167e+03,1.552864110907659096e+03,1.625929884767520434e+03,1.512112071686686249e+03,1.493199968251200744e+03,1.376714929494691660e+03,1.324990733103667253e+03,1.363517467112222221e+03,1.495932024142643968e+03,1.558713856336590197e+03,1.354287448470752452e+03,1.256020010341592979e+03,1.046471863613479400e+03,9.814225621775610762e+02,1.065409780178536721e+03,1.128585854201248821e+03,1.169213726073369344e+03,1.439061200071419307e+03,1.711311182765143258e+03,1.763322918011859201e+03,1.000000000000000000e+00
1.049481730927332364e+03,1.049193094617365659e+03,1.048898026776836105e+03,1.048596652953005332e+03,1.048289052214963249e+03,1.047975268541668129e+03,1.047655464445099142e+03,1.047329716977957105e+03,1.046998113306274263e+03,1.046660811262234802e+03,1.046317890571932139e+03,1.024805226412143384e+03,1.022238454190379798e+03,1.019291404458389934e+03,1.020624693115406899e+03,9.938606353208865585e+02,1.012016249672238132e+03,9.743597132899358257e+02,9.648403970151742897e+02,9.635702599386099791e+02,9.696668511274846196e+02,9.234312564845040470e+02,8.975195900165674630e+02,9.321424647049152554e+02,8.573430599855040555e+02,8.754962103421820530e+02,8.838323246019274393e+02,8.318710299043190162e+02,8.130090385100822914e+02,7.779090189577432284e+02,8.536747159306959247e+02,8.766010265285310652e+02,9.445220301271439212e+02,1.039912651330370863e+03,1.046077209039895934e+03,1.060700141139877587e+03,1.077006955174179211e+03,1.210067831680480140e+03,1.358378465901271738e+03,1.414577674386433273e+03,1.599080170807652621e+03,1.676503971768288920e+03,1.699483418589586563e+03,1.753708607725354341e+03,1.688209805515830567e+03,1.704109633504720932e+03,1.729209336298915332e+03,1.654676919965874276e+03,1.502370416452596828e+03,1.613710657025673299e+03,1.671258150765886057e+03,1.573314767422711611e+03,1.527000342405957099e+03,1.355382769389973646e+03,1.405731356480894874e+03,1.369888664828454239e+03,1.415942760691856165e+03,1.381788882488878244e+03,1.374632533024202530e+03,1.349808654755305952e+03,1.360333449789442739e+03,1.391394400012498409e+03,1.469968975738463996e+03,1.510309748139503199e+03,1.562047664475519923e+03,1.626654634618592127e+03,1.512934944127734070e+03,1.487927058573166278e+03,1.376054237584543898e+03,1.302246861713112594e+03,1.384263682678386203e+03,1.497541264740487577e+03,1.538701535378347899e+03,1.352631327794666049e+03,1.254988833594327389e+03,1.033870998204398802e+03,9.813206613358720460e+02,1.065815667242954760e+03,1.129261551127829534e+03,1.171137446300585680e+03,1.000000000000000000e+00
1.049829645321812905e+03,1.049560049568656950e+03,1.049283871175568493e+03,1.049001090646677312e+03,1.048711915807864898e+03,1.048416304976388801e+03,1.048114457496967134e+03,1.047806415646753067e+03,1.047492342920255851e+03,1.047172290756488337e+03,1.046846377201976111e+03,1.046514693835909611e+03,1.046177391146588889e+03,1.045834502161829050e+03,1.037741926768036819e+03,1.021761466208356069e+03,1.018770733370274684e+03,1.023471786177530703e+03,9.934067485171540284e+02,1.011495706621067939e+03,9.887864868784848795e+02,9.771526150082428330e+02,9.631028513374141085e+02,9.691930727177455083e+02,9.262630770939575768e+02,8.968902008304818310e+02,9.447611005895131484e+02,8.569871258018004028e+02,8.749904929917665868e+02,8.833781627597804800e+02,8.359465365599602364e+02,8.126690356929590280e+02,7.776310396936673897e+02,8.519917219072867738e+02,8.880329453100216597e+02,9.445282187246275498e+02,1.042303207955633070e+03,1.058326505154215738e+03,1.061239403773170352e+03,1.077591321108569446e+03,1.205642719493915365e+03,1.359233461215153284e+03,1.415598620307760029e+03,1.593968916663709479e+03,1.709356048723605454e+03,1.701474100686979000e+03,1.781282015491619632e+03,1.687522546375349066e+03,1.695891367134458960e+03,1.731278290304222764e+03,1.654057679675062218e+03,1.501631619656144721e+03,1.669849292658960167e+03,1.666504374917821224e+03,1.571865668762399309e+03,1.510717813772727368e+03,1.354935033181922336e+03,1.401949502914808591e+03,1.369634938750135234e+03,1.377015394501551555e+03,1.381134828519423081e+03,1.374288736840496767e+03,1.349227930785652461e+03,1.359503213627041987e+03,1.389437065648769476e+03,1.490793780574605989e+03,1.513839631973620044e+03,1.555785635976539197e+03,1.627375347137766312e+03,1.513751468072711759e+03,1.486418398734697803e+03,1.375414746570971374e+03,1.302118470004724713e+03,1.417208425178408106e+03,1.465278028233411533e+03,1.511528513067200720e+03,1.351015516149000632e+03,1.253984876375622662e+03,1.052703867889689263e+03,9.594597052813288656e+02,1.000000000000000000e+00
1.050138034942903914e+03,1.049887843065505422e+03,1.049630828703207726e+03,1.049367074070707531e+03,1.049096659932745524e+03,1.048819685888864797e+03,1.048536226580196171e+03,1.048246367492334457e+03,1.047950225213240628e+03,1.047647902017000433e+03,1.047339437284095311e+03,1.047025048913000091e+03,1.046704755476442415e+03,1.046378623888914490e+03,1.046046827406991724e+03,1.045709440407385728e+03,1.045366607174143610e+03,1.037238792405006279e+03,1.021299724016334039e+03,1.017649078718692181e+03,1.023021333972559205e+03,9.929672953400694269e+02,1.010991356416074268e+03,9.928478960133450073e+02,9.766719658635875021e+02,9.626500208618031138e+02,9.606140329468241816e+02,9.258352999504080572e+02,8.906168918694704644e+02,9.443113919835100205e+02,8.566425838342943280e+02,8.734771777896565936e+02,8.746029220444373777e+02,8.356302290505276460e+02,8.123399021120837915e+02,7.773623652884268722e+02,8.517329402337938973e+02,8.879569787775585610e+02,9.454456231260269305e+02,1.042497230287407092e+03,1.058544799000238754e+03,1.061771599664644782e+03,1.078245819351192040e+03,1.206244968823967156e+03,1.365753092106544500e+03,1.423675021113243929e+03,1.594978048997394126e+03,1.683258407118580180e+03,1.711272559418555829e+03,1.781147061307048261e+03,1.686858028685325735e+03,1.695395940352500702e+03,1.730505084122173685e+03,1.653459787946232382e+03,1.500915980137536280e+03,1.669300844396072762e+03,1.686354818596143787e+03,1.570456512961956832e+03,1.503697110166860966e+03,1.342042134769397308e+03,1.401200420381197773e+03,1.369393720599547123e+03,1.378844517924706224e+03,1.380499892757878570e+03,1.368550583957004847e+03,1.334540239061104330e+03,1.358699158486328542e+03,1.388309061318023168e+03,1.489484622882433996e+03,1.530604741332585036e+03,1.555133102527911888e+03,1.635340780831271786e+03,1.514561146505048328e+03,1.484948807925502933e+03,1.374796036770706451e+03,1.302000877961614833e+03,1.417394444658310022e+03,1.466874466482341631e+03,1.509339058520716662e+03,1.349439398889452605e+03,1.000000000000000000e+00
1.050406391811263575e+03,1.050175867051666955e+03,1.049938391793068604e+03,1.049693959070400297e+03,1.049442726122291788e+03,1.049184702488144922e+03,1.048920030221015168e+03,1.048648747191696202e+03,1.048371001722034634e+03,1.048086826475930366e+03,1.047796334988123590e+03,1.047499617099968646e+03,1.047196780061705113e+03,1.046887900416029652e+03,1.046573131868256496e+03,1.046252496754899767e+03,1.045926182935104862e+03,1.045594227831692706e+03,1.045256791351933998e+03,1.044913973641208258e+03,1.034859233261356394e+03,1.020852865268750975e+03,1.017317027998765752e+03,1.009861141818215515e+03,9.920672065649257547e+02,1.010048070224403546e+03,9.923874013467251416e+02,9.762064913420855419e+02,9.622115729111778819e+02,9.601260960664064896e+02,9.182132674474476062e+02,8.978405261522975707e+02,9.438758831934304681e+02,8.563092804390748825e+02,8.730127676309468825e+02,8.741801788172028864e+02,8.353243756123856656e+02,7.995770548871300889e+02,7.771027800857659713e+02,8.514831989041367706e+02,8.911537639392732899e+02,9.176176007847946039e+02,1.042691073680435011e+03,1.058762581078739004e+03,1.062296567940172736e+03,1.063509766326313638e+03,1.206839193610541770e+03,1.386665427594893345e+03,1.453464647985098509e+03,1.558349143574777145e+03,1.685332007771607550e+03,1.719407392468323224e+03,1.779050619509633634e+03,1.665726282225471550e+03,1.694919774081948617e+03,1.689431082522545012e+03,1.652882799576863135e+03,1.500222895972597598e+03,1.668771999194760610e+03,1.686369052938569666e+03,1.569086525757262734e+03,1.503239126799461928e+03,1.340465414748808826e+03,1.400474359442779587e+03,1.381448541738220911e+03,1.378718531995163858e+03,1.361087657893802543e+03,1.370553599636326453e+03,1.333983916522920936e+03,1.331933100805948015e+03,1.379944474895285566e+03,1.477776519832954364e+03,1.532846549093429530e+03,1.554502319175578805e+03,1.629376638938091673e+03,1.513155550023991736e+03,1.483517790054526813e+03,1.367365602272305068e+03,1.301893600385305035e+03,1.405804651956830185e+03,1.000000000000000000e+00
1.050634245924421521e+03,1.050423699798872349e+03,1.050205985861927729e+03,1.049981222891089601e+03,1.049749453722972703e+03,1.049510760575135691e+03,1.049265211505820844e+03,1.049012901810199764e+03,1.048753888428509981e+03,1.048488270960162708e+03,1.048216149573989924e+03,1.047937565892777911e+03,1.047652682872724654e+03,1.047361511492558748e+03,1.047064187462479822e+03,1.046760803970073084e+03,1.046451480991552671e+03,1.046136304719318332e+03,1.045815379859880977e+03,1.045488770460483011e+03,1.045156680125732919e+03,1.044819119151766245e+03,1.044476255206704764e+03,1.034371391969539445e+03,1.020420686256710496e+03,1.016996550786681269e+03,1.009453096482240653e+03,9.916571724364478086e+02,1.015686817027188113e+03,9.857189762472846724e+02,9.861282763472518127e+02,9.688819096586581736e+02,9.596534671512816885e+02,9.178326833851161837e+02,9.016728930254852230e+02,9.508605931616809812e+02,8.447408173150231505e+02,8.835036425851141075e+02,8.737707767356147315e+02,8.356790528466526666e+02,7.958934764825899038e+02,7.838257936965128465e+02,8.512423759320904537e+02,8.910692864067665369e+02,9.176328321932791141e+02,1.033701299200675749e+03,1.059542577149050430e+03,1.062813819734579283e+03,1.070955437315356903e+03,1.209177201006194991e+03,1.387552632495394391e+03,1.454526357019008401e+03,1.560241801655748532e+03,1.687370845015544774e+03,1.742663737804330367e+03,1.778360797611410135e+03,1.665135794415689134e+03,1.694462310239198359e+03,1.696575222632214945e+03,1.652326023622066486e+03,1.514322056612267943e+03,1.668262174185377717e+03,1.686391948321873770e+03,1.554110383604775507e+03,1.502798958302133542e+03,1.317747791932598830e+03,1.399770921446454395e+03,1.401437458608377256e+03,1.378602037572157769e+03,1.360501641489741587e+03,1.360937336208238548e+03,1.333447440236938519e+03,1.331200135314074032e+03,1.378892102919408899e+03,1.476509944639000423e+03,1.535058490464638680e+03,1.562379379050479201e+03,1.629741637686748163e+03,1.513962996654951894e+03,1.482124744679736523e+03,1.000000000000000000e+00
1.050821193653406226e+03,1.050630794067446232e+03,1.050433182970541111e+03,1.050228338918294867e+03,1.050016365833070040e+03,1.049797280278441576e+03,1.049571216304810150e+03,1.049338154790058070e+03,1.049098260484568527e+03,1.048851579948950302e+03,1.048598168914350936e+03,1.048338169785128230e+03,1.048071598096611524e+03,1.047798579959635617e+03,1.047519196324509949e+03,1.047233498612824405e+03,1.046941645988857772e+03,1.046643713272421337e+03,1.046339784697147024e+03,1.046029950385626535e+03,1.045714374560923261e+03,1.045393073901650041e+03,1.045066201227569536e+03,1.044733878094506053e+03,1.044396175440628667e+03,1.044053291342080911e+03,1.019703245604185895e+03,1.020002910683596383e+03,1.016687476697651391e+03,1.009058757122185398e+03,9.912607924047172219e+02,1.000841353542373554e+03,9.822932090938149940e+02,9.856777185479427317e+02,9.684639815297659879e+02,9.591960254863923865e+02,9.174645919011029491e+02,9.012737897234135289e+02,9.504235861474655849e+02,8.467692248904937742e+02,8.952895658351551447e+02,8.634699315011038152e+02,8.352751054754090774e+02,7.956031548192273704e+02,7.839533991738919667e+02,8.510102310250790651e+02,9.010807813655824248e+02,9.091053350975615786e+02,1.033907035446253531e+03,1.092812812582132210e+03,1.063323163518984529e+03,1.111169535606782802e+03,1.209754791416523403e+03,1.388425455658149076e+03,1.459920324182410923e+03,1.574313889495138483e+03,1.689373996831099475e+03,1.741909885501433109e+03,1.777694508937982619e+03,1.664565469306221985e+03,1.694023076929119725e+03,1.661910875818424302e+03,1.636502140972615507e+03,1.481383764654661036e+03,1.667770988077386164e+03,1.659019737881540095e+03,1.543464676322693322e+03,1.459494665016194404e+03,1.317379282291256914e+03,1.399795439244283216e+03,1.401282246545272073e+03,1.395915366511823777e+03,1.359933338018421637e+03,1.360403153644394024e+03,1.287536837868720795e+03,1.319485472808215491e+03,1.377870979560616433e+03,1.478541592181394208e+03,1.546437988781226522e+03,1.583983019227426666e+03,1.000000000000000000e+00
1.050966892142712595e+03,1.050796956827424765e+03,1.050619615523575021e+03,1.050434911236596690e+03,1.050242960195435899e+03,1.050043772408864925e+03,1.049837432287466754e+03,1.049624004258288096e+03,1.049403511322392205e+03,1.049176098345714991e+03,1.048941810506560614e+03,1.048700670843484886e+03,1.048452843663306339e+03,1.048198320660028457e+03,1.047937273766947101e+03,1.047669758119940752e+03,1.047395828195920330e+03,1.047115585153450183e+03,1.046829131340613003e+03,1.046536551980001605e+03,1.046237967634495362e+03,1.045933460204297944e+03,1.045623099933658978e+03,1.045307062338124979e+03,1.044985379686531360e+03,1.044658233072515941e+03,1.044325651492068801e+03,1.043987806052486803e+03,1.043644768115319039e+03,1.008248464360469143e+03,1.019599307678090668e+03,1.006459128863251522e+03,1.008677787990266097e+03,9.810915614183370508e+02,1.000374296905000961e+03,9.939850268653985950e+02,9.852420417608813068e+02,9.617167823613108339e+02,9.587534810833064967e+02,9.171087530385398168e+02,9.007820418766815465e+02,9.411174116659246920e+02,8.464652778044226125e+02,8.948525443563864883e+02,8.614391225065669460e+02,8.348840860861713509e+02,7.953226365465493473e+02,7.837238144014165755e+02,8.626642872533930131e+02,9.007364255335737653e+02,9.091102547295068916e+02,1.034111308674174325e+03,1.099243586113099582e+03,1.058874720507610618e+03,1.113338744079903790e+03,1.219788238282859538e+03,1.375038216246853835e+03,1.461132064053713520e+03,1.576064199199563518e+03,1.666166143277203446e+03,1.741180907862359618e+03,1.777051341887216040e+03,1.664599765784925012e+03,1.691692731076710061e+03,1.691266368588174373e+03,1.635954137647977859e+03,1.464339406816217434e+03,1.639437552386772268e+03,1.655279032281422133e+03,1.542301846154944997e+03,1.477860079623989577e+03,1.317985577050415031e+03,1.363375861976835040e+03,1.401136740357781946e+03,1.395758694910311306e+03,1.359382340824216953e+03,1.359885339466317873e+03,1.287023287659586686e+03,1.318806213711640567e+03,1.376880514109819160e+03,1.000000000000000000e+00
1.051071166651282965e+03,1.050921793590678590e+03,1.050764925463000054e+03,1.050600625333178414e+03,1.050428902749600411e+03,1.050249813255408753e+03,1.050063467239798456e+03,1.049869908722074342e+03,1.049669135257244079e+03,1.049461277506217584e+03,1.049246351573360243e+03,1.049024477372778392e+03,1.048795713320625509e+03,1.048560158748728327e+03,1.048317810591434409e+03,1.048068766611724641e+03,1.047813168445870360e+03,1.047551043161353391e+03,1.047282535367205810e+03,1.047007652311416450e+03,1.046726532613850168e+03,1.046439284703883914e+03,1.046145997488791181e+03,1.045846729939950819e+03,1.045541572856974199e+03,1.045230706702378939e+03,1.044914184276435662e+03,1.044592089449582090e+03,1.044264573694192904e+03,1.043931716750598071e+03,1.043593621488176723e+03,1.043250494399061836e+03,1.007829566415148747e+03,1.019209673869226208e+03,1.006178199477049702e+03,1.023497633426006360e+03,9.807007785019327457e+02,9.871323296465709518e+02,9.935706143982196181e+02,9.848209776465619143e+02,9.613385267831362171e+02,9.545843644500193932e+02,9.267372693757411071e+02,9.004056879903209847e+02,9.299345922657591927e+02,8.430333473868469127e+02,8.924213734152052666e+02,8.589399410066280325e+02,8.317173269195849343e+02,7.950516836692108882e+02,7.795461131173439071e+02,8.624456233436800403e+02,9.113147419016104323e+02,9.091178979492731287e+02,1.034313919240172027e+03,1.099489926215268042e+03,1.059363487070554811e+03,1.113844321529961007e+03,1.231031693052335868e+03,1.375863245882131650e+03,1.462320646126419433e+03,1.562714760211475095e+03,1.694932465427399165e+03,1.740476203187108695e+03,1.776430700964502421e+03,1.650262262033101251e+03,1.660954601520311144e+03,1.690530808131194362e+03,1.634349510118598346e+03,1.463802321032779219e+03,1.644807876556277051e+03,1.655621543280326023e+03,1.541173330144667034e+03,1.477531202903718395e+03,1.317644718151291954e+03,1.362791418702452120e+03,1.401000468881016104e+03,1.395611722460405190e+03,1.358848449096014292e+03,1.359383620218820170e+03,1.000000000000000000e+00
1.051133786787220060e+03,1.051005143318645651e+03,1.050868896978943212e+03,1.050725137796185209e+03,1.050573861877731133e+03,1.050415090209315622e+03,1.050248927950651250e+03,1.050075446996525216e+03,1.049894674868768107e+03,1.049706634887667406e+03,1.049511369973123465e+03,1.049309060866898335e+03,1.049099643770883631e+03,1.048883294575333821e+03,1.048659991767852034e+03,1.048429845793110871e+03,1.048192972357154758e+03,1.047949370140276415e+03,1.047699165613204741e+03,1.047442416771709304e+03,1.047179201191568154e+03,1.046909678278737829e+03,1.046633877623828084e+03,1.046351877714779903e+03,1.046063771612113669e+03,1.045769719691414821e+03,1.045469724121790705e+03,1.045163959786630585e+03,1.044852503957965382e+03,1.044535465876662784e+03,1.044212925172859286e+03,1.043885013594351221e+03,1.043551851213002010e+03,1.043213565065062994e+03,1.042870238596270610e+03,1.007148292934288179e+03,1.018833706313303310e+03,1.005907676229632898e+03,1.023157942940080261e+03,9.803235676055186332e+02,9.796099753425482959e+02,9.870374937079932351e+02,9.732582555943188254e+02,9.609731966573397131e+02,9.541847208677579601e+02,9.264021977163530437e+02,9.069884512343876395e+02,9.115618960596909801e+02,8.517186593213929200e+02,8.920113696827797867e+02,8.574435323478262490e+02,8.307904651904440243e+02,7.947901572229685598e+02,7.741445485111669313e+02,8.622351361524963522e+02,9.009122592522738842e+02,9.091280412895274594e+02,1.034514525966150359e+03,1.099733567897715375e+03,1.076872359139979153e+03,1.114340977523921083e+03,1.224159961498497751e+03,1.376673002078898890e+03,1.463485574035962372e+03,1.563581898246351102e+03,1.688665373374961746e+03,1.739795371404068646e+03,1.764075472156253682e+03,1.649785556570636572e+03,1.658000532325492713e+03,1.689819894274599164e+03,1.630446165016709756e+03,1.463283635988995911e+03,1.644386648129127934e+03,1.618108380832095008e+03,1.540078685533685075e+03,1.478445833655902106e+03,1.324921897514217108e+03,1.362226277778104304e+03,1.426681054855918319e+03,1.000000000000000000e+00
1.051154677770672379e+03,1.051046856653847044e+03,1.050931357715375270e+03,1.050808253390063101e+03,1.050677529811393924e+03,1.050539298450812112e+03,1.050393512953854042e+03,1.050240322074653022e+03,1.050079691070669242e+03,1.049911716068646456e+03,1.049736421336320745e+03,1.049553876075604876e+03,1.049364109068045082e+03,1.049167282771729560e+03,1.048963374536395577e+03,1.048752417238672479e+03,1.048534588153145705e+03,1.048309840314357871e+03,1.048078356166108733e+03,1.047840123723272882e+03,1.047595257562576762e+03,1.047343846935368447e+03,1.047085953430429527e+03,1.046821685643844148e+03,1.046551056947851521e+03,1.046274285320082299e+03,1.045991339862513314e+03,1.045702427513072507e+03,1.045407528697024645e+03,1.045106816173623201e+03,1.044800381111045226e+03,1.044488301098922648e+03,1.044170716092578004e+03,1.043847731529667726e+03,1.043519347088435097e+03,1.043185860352088639e+03,1.042847299929206883e+03,1.042503711976801696e+03,1.015608572815607090e+03,1.006878813663031565e+03,1.005647401961373134e+03,1.022830602749147602e+03,9.754000082456110476e+02,9.774610276823773347e+02,9.866605502937655956e+02,9.619702753097915320e+02,9.606206930471778378e+02,9.537988834999766823e+02,9.177090081950673266e+02,9.066276090283413396e+02,9.112020423466526609e+02,8.321614165302580659e+02,8.916151505833249757e+02,8.571165009563387684e+02,8.305573634753543502e+02,7.945378581005130627e+02,7.739361449324464957e+02,8.533787713440656262e+02,9.193280387497629818e+02,9.091403786199416572e+02,1.017765116361320224e+03,1.118152801843641782e+03,1.069384178516869952e+03,1.114828459096378538e+03,1.224715528182594198e+03,1.377467093673768204e+03,1.464626416667512558e+03,1.564433326066288828e+03,1.690461963215013384e+03,1.739137838135779930e+03,1.733799126722910387e+03,1.665484259984919845e+03,1.657607520613971019e+03,1.689132806341777723e+03,1.643741931584167560e+03,1.462782991655698424e+03,1.614892851907776958e+03,1.618437468495484154e+03,1.539017152990011027e+03,1.478148765435100358e+03,1.000000000000000000e+00
1.051133790261333615e+03,1.051046838890057188e+03,1.050952208542625840e+03,1.050849852484318262e+03,1.050739850513835336e+03,1.050622217010916074e+03,1.050496962779110390e+03,1.050364218532410632e+03,1.050223919635640868e+03,1.050076197519751531e+03,1.049921042993661104e+03,1.049758544953391720e+03,1.049588715622523523e+03,1.049411570816174844e+03,1.049227349830877529e+03,1.049035909001388291e+03,1.048837399410933813e+03,1.048631880011214662e+03,1.048419385634636001e+03,1.048200021113181265e+03,1.047973860291937399e+03,1.047740935151434087e+03,1.047501356363395644e+03,1.047255244590683787e+03,1.047002556937875624e+03,1.046743499365158186e+03,1.046478077223434411e+03,1.046206442313797652e+03,1.045928625577859520e+03,1.045644783132392149e+03,1.045354920840021350e+03,1.045059239397834062e+03,1.044757745477986646e+03,1.044450569702318489e+03,1.044137895539869078e+03,1.043819699240236559e+03,1.043496188692274472e+03,1.043167407652319071e+03,1.042833521477043632e+03,1.042494624501201770e+03,1.042150819081814916e+03,1.032645660508790797e+03,1.006545730785081332e+03,9.987307590247702365e+02,1.022515339642163894e+03,9.750450322931569644e+02,9.638592697747815237e+02,9.862971254562842205e+02,9.615963293983699032e+02,9.602807512985261837e+02,9.682812751799845046e+02,9.174004871589576169e+02,9.062793640242251740e+02,9.108547156771976461e+02,8.374178271011861625e+02,8.802479525610810924e+02,8.469338344995337593e+02,8.303328336603874504e+02,7.942946056620611444e+02,7.737354983614631010e+02,8.408501022021184781e+02,9.192060606022105276e+02,9.195519589772958398e+02,1.017956808410949634e+03,1.108725367412791684e+03,1.069833305929788821e+03,1.115306443260707965e+03,1.224185058892973530e+03,1.387226609024901791e+03,1.465742782570834152e+03,1.565268644710309218e+03,1.695900865105208823e+03,1.780323766344224623e+03,1.699510928245538707e+03,1.665077347621485842e+03,1.690918101247169034e+03,1.673395616184761820e+03,1.638207057197252198e+03,1.462300024844774271e+03,1.614544681201467029e+03,1.000000000000000000e+00
1.051071152025297351e+03,1.051005163191478005e+03,1.050931361525145576e+03,1.050849849733463770e+03,1.050760622174153468e+03,1.050663724730144395e+03,1.050559147761112172e+03,1.050446939048686545e+03,1.050327159094943681e+03,1.050199853004237411e+03,1.050064973899763572e+03,1.049922716812275894e+03,1.049772948887765551e+03,1.049615859603899253e+03,1.049451452073403971e+03,1.049279779540305753e+03,1.049100882390434435e+03,1.048914816830854988e+03,1.048721692190271369e+03,1.048521487241068144e+03,1.048314375322327805e+03,1.048100338791020704e+03,1.047879449623722849e+03,1.047651786352683757e+03,1.047417499067946437e+03,1.047176566790230481e+03,1.046929090341689516e+03,1.046675194932243130e+03,1.046414932946251156e+03,1.046148354590796998e+03,1.045875640325174800e+03,1.045596763278395201e+03,1.045311946009508802e+03,1.045021180439257478e+03,1.044724605906534180e+03,1.044422338177031634e+03,1.044114452538724208e+03,1.043801075165306429e+03,1.043482287642869323e+03,1.043158155241501390e+03,1.042828921028047716e+03,1.042494598305399222e+03,1.042155337722005470e+03,1.041811247778671941e+03,1.021568997919146000e+03,1.006225185742792974e+03,9.984888149048786090e+02,1.031103951795501644e+03,9.733128526495637516e+02,9.738208195424542737e+02,9.859468944807963453e+02,9.612359673887158351e+02,9.599532138085185125e+02,9.679089619288916992e+02,9.171031938240087129e+02,9.132015942118803196e+02,9.105198003860211884e+02,8.371463691379582315e+02,8.720749575743391233e+02,8.382642041298253162e+02,8.185419485221534615e+02,7.890519261842773631e+02,7.735424296118244456e+02,8.406599341320572876e+02,9.190897107229950507e+02,9.195538764559439642e+02,1.018145848777824312e+03,1.108983577971577233e+03,1.070273198272633408e+03,1.105621023457784077e+03,1.224715673363223914e+03,1.387975049847554601e+03,1.467303298103711768e+03,1.566087345132883911e+03,1.732166778670463827e+03,1.779704873597974711e+03,1.665222541641170665e+03,1.682674897740395409e+03,1.698215798244501002e+03,1.672739790588595270e+03,1.000000000000000000e+00
1.050966882246336581e+03,1.050921786526841515e+03,1.050868904540471704e+03,1.050808261148997644e+03,1.050739840275641427e+03,1.050663710051227326e+03,1.050579824128555401e+03,1.050488335856375215e+03,1.050389118705929150e+03,1.050282335401296223e+03,1.050167972064911737e+03,1.050046042115562386e+03,1.049916605562026461e+03,1.049779693319118451e+03,1.049635371276293426e+03,1.049483653748188772e+03,1.049324588377448435e+03,1.049158314359842961e+03,1.048984747279526573e+03,1.048804014697564526e+03,1.048616207877148554e+03,1.048421343927197313e+03,1.048219508856610219e+03,1.048010712255584394e+03,1.047795076083108825e+03,1.047572675028643971e+03,1.047343553250159403e+03,1.047107776496081669e+03,1.046865450223815515e+03,1.046616676456134655e+03,1.046361500896106236e+03,1.046099997506844829e+03,1.045832315568276044e+03,1.045558444280011145e+03,1.045278529036497048e+03,1.044992663735446058e+03,1.044700962346710412e+03,1.044403516007894495e+03,1.044100413211821433e+03,1.043791744818495545e+03,1.043477634574779131e+03,1.043158180628170157e+03,1.042833506187311968e+03,1.042503729023041387e+03,1.042168944278733761e+03,1.041829235519729536e+03,1.041484821573870249e+03,1.021273373547789674e+03,1.005917076137730191e+03,9.982565610067817943e+02,1.019323818214771904e+03,9.729891491906965939e+02,9.735081972407514286e+02,9.856097757570876183e+02,9.608888889042846131e+02,9.484705567852331569e+02,9.675503143677777871e+02,9.247394696194128301e+02,9.128719396465432965e+02,9.101970858863792273e+02,8.471512680552770007e+02,8.838710440407888882e+02,8.379769336878647437e+02,8.183383106466158097e+02,7.994017188913987866e+02,7.733567877344537465e+02,8.517609723613702499e+02,9.050859788436907820e+02,9.195579482134612590e+02,1.018332016116572731e+03,1.109237436408988970e+03,1.070703628253973420e+03,1.101942629236769108e+03,1.225235041814881924e+03,1.388707056401763111e+03,1.468370078785057785e+03,1.566889021481771351e+03,1.733917950701109021e+03,1.801631259142831823e+03,1.665339298961420127e+03,1.000000000000000000e+00
1.050821179202710255e+03,1.050796950908899362e+03,1.050764951489310306e+03,1.050725131745642557e+03,1.050677575063219138e+03,1.050622192264429941e+03,1.050559117886260083e+03,1.050488329135226650e+03,1.050409839725463371e+03,1.050323653853188944e+03,1.050229854527258794e+03,1.050128395587778414e+03,1.050019356573480309e+03,1.049902804387574633e+03,1.049778698061373916e+03,1.049647159216328873e+03,1.049508185653710825e+03,1.049361819135343694e+03,1.049208089761958490e+03,1.049047121067966145e+03,1.048878865786543656e+03,1.048703455785592723e+03,1.048520923125700847e+03,1.048331310547770045e+03,1.048134730757507668e+03,1.047931149806221129e+03,1.047720754511810355e+03,1.047503496665466628e+03,1.047279528389242842e+03,1.047048929683020106e+03,1.046811690360069861e+03,1.046567971367199561e+03,1.046317840194377368e+03,1.046061340529451400e+03,1.045798587952929893e+03,1.045529662169842595e+03,1.045254685735611019e+03,1.044973684861550055e+03,1.044686780020881997e+03,1.044394105506574306e+03,1.044095742173697545e+03,1.043791736850491816e+03,1.043482272525784083e+03,1.043167408589638399e+03,1.042847290949517628e+03,1.042521981208574061e+03,1.042191632231360472e+03,1.041856299480860116e+03,1.041516204684560762e+03,1.041171355587400285e+03,1.020989521277997255e+03,1.017343778680112450e+03,9.980338024310883611e+02,1.019029403749265498e+03,9.764831229017305532e+02,9.732076367207337171e+02,9.852855612718959719e+02,9.610682599245744768e+02,9.481657679012787412e+02,9.672050528468625998e+02,9.244545861554402109e+02,9.125545988466135441e+02,9.202739030461644916e+02,8.468918105829836804e+02,8.835313971252819556e+02,8.377002605759955713e+02,8.181425614089002920e+02,7.991802357627681204e+02,7.767855276773420883e+02,8.605353819798752966e+02,9.049811131142654403e+02,9.208229086085142399e+02,1.018515179926743826e+03,1.107056310884327104e+03,1.079128443696528848e+03,1.102384042227709415e+03,1.225742798653557657e+03,1.389422195399884004e+03,1.472659064949538561e+03,1.603617140749360942e+03,1.000000000000000000e+00
1.050634227276412730e+03,1.050630795749495746e+03,1.050619595788953575e+03,1.050600615204779388e+03,1.050573817443882717e+03,1.050539314214502610e+03,1.050496978620474692e+03,1.050446933981057327e+03,1.050389135038768700e+03,1.050323663354790597e+03,1.050250462490360178e+03,1.050169603885414062e+03,1.050081093365999550e+03,1.049984997513657618e+03,1.049881316466742419e+03,1.049770048935957448e+03,1.049651278859246759e+03,1.049525062487867672e+03,1.049391367796493341e+03,1.049250322533519693e+03,1.049101923312520967e+03,1.048946182562519425e+03,1.048783222805613605e+03,1.048613088763434916e+03,1.048435780713173699e+03,1.048251412131539837e+03,1.048059981914875607e+03,1.047861641843454890e+03,1.047656355009274876e+03,1.047444284816947402e+03,1.047225422007888710e+03,1.046999885652954617e+03,1.046767730364049612e+03,1.046529056874494017e+03,1.046283882826275203e+03,1.046032324622316537e+03,1.045774533946109159e+03,1.045510484073889756e+03,1.045240344063166731e+03,1.044964195210939579e+03,1.044682069674271133e+03,1.044394104643635274e+03,1.044100394397897617e+03,1.043801057541422779e+03,1.043496183874993676e+03,1.043185869703075696e+03,1.042870207063791895e+03,1.042549338946342004e+03,1.042223380384138409e+03,1.041892393924945054e+03,1.041556571602588065e+03,1.041215937813441769e+03,1.040870693475800408e+03,1.020717323119801790e+03,1.017068012111943744e+03,9.981349698651579274e+02,1.007502850776011883e+03,9.762012485236773500e+02,9.729190096452904299e+02,9.813150846550386177e+02,9.607546023463189613e+02,9.478727818528811895e+02,9.668731062594345076e+02,9.118352151495319049e+02,9.122493591570719218e+02,9.086215670723950097e+02,8.582598060072161843e+02,8.710167032883374532e+02,8.374340490435005222e+02,8.179546244093523910e+02,7.989672668741955022e+02,7.698823171206606730e+02,8.603696004248973850e+02,9.171932096862039998e+02,9.341497912295295691e+02,1.004065789150756018e+03,1.107310954347900406e+03,1.079550104298275983e+03,1.102815046766181467e+03,1.229915236396724822e+03,1.000000000000000000e+00
1.050406391819784858e+03,1.050423683777132283e+03,1.050433216390878215e+03,1.050434928001975550e+03,1.050428904063496702e+03,1.050415111607577501e+03,1.050393541332885434e+03,1.050364226083014728e+03,1.050327145395655634e+03,1.050282336808288392e+03,1.050229820931377617e+03,1.050169600798539250e+03,1.050101709188403674e+03,1.050026119712508716e+03,1.049942926508698747e+03,1.049852112992606180e+03,1.049753682499589331e+03,1.049647741155283938e+03,1.049534273549876161e+03,1.049413310067927114e+03,1.049284896602118579e+03,1.049149112226147736e+03,1.049005932588359428e+03,1.048855490282706796e+03,1.048697784416431659e+03,1.048532821351696612e+03,1.048360752565843541e+03,1.048181544883565493e+03,1.047995291643329210e+03,1.047802076217534250e+03,1.047601939199525532e+03,1.047394954973862241e+03,1.047181189992979398e+03,1.046960689086452021e+03,1.046733543919078784e+03,1.046499870306656476e+03,1.046259659773670137e+03,1.046013033736419175e+03,1.045760082026831242e+03,1.045500895132864798e+03,1.045235572423543317e+03,1.044964165732478705e+03,1.044686779018210927e+03,1.044403536799592530e+03,1.044114439990140909e+03,1.043819698939346836e+03,1.043519381392240348e+03,1.043213565038621709e+03,1.042902366036233389e+03,1.042585880612607525e+03,1.042264235521784030e+03,1.041937558689052594e+03,1.041605917476734703e+03,1.041269486971428478e+03,1.040928326238403315e+03,1.040582589382432388e+03,1.020456491110625393e+03,1.016803808893357996e+03,9.979264752525361928e+02,1.007231959309927788e+03,9.724236156919314453e+02,9.726420434579296170e+02,9.914074956980093702e+02,9.604533759307008722e+02,9.529385195434316529e+02,9.665541189874796828e+02,9.115816109440888795e+02,9.119560303726735810e+02,9.083288352125246092e+02,8.869728828079047389e+02,8.739923974615805946e+02,8.371780851755968342e+02,8.166851008899790259e+02,7.989316400973616510e+02,7.697235159105860021e+02,8.602107483212781744e+02,9.171014411408621072e+02,9.626678324519439229e+02,1.004240870181919036e+03,1.107560200587505506e+03,1.000000000000000000e+00
1.050138066426266960e+03,1.050175891802777869e+03,1.050205980216237094e+03,1.050228358948921596e+03,1.050242970584253271e+03,1.050249828911130862e+03,1.050248937395037046e+03,1.050240334930876088e+03,1.050223966781016770e+03,1.050199852833005934e+03,1.050167959087346617e+03,1.050128390748833453e+03,1.050081086553479736e+03,1.050026146116182872e+03,1.049963470953207889e+03,1.049893160958820772e+03,1.049815176006058664e+03,1.049729626909801709e+03,1.049636483163221556e+03,1.049535772706827629e+03,1.049427548189700019e+03,1.049311878074785454e+03,1.049188708251062053e+03,1.049058117255861362e+03,1.048920227171871829e+03,1.048774963058329149e+03,1.048622443296361325e+03,1.048462691209187597e+03,1.048295755352939523e+03,1.048121716250220970e+03,1.047940618744152971e+03,1.047752504107136247e+03,1.047557464512623483e+03,1.047355560816251909e+03,1.047146775192029963e+03,1.046931312618285574e+03,1.046709128428184158e+03,1.046480371710646068e+03,1.046245110005629385e+03,1.046003383746177633e+03,1.045755271464955968e+03,1.045500924846812723e+03,1.045240354885281704e+03,1.044973660097232823e+03,1.044700971897780164e+03,1.044422355075948190e+03,1.044137872497106400e+03,1.043847681261463094e+03,1.043551835279709849e+03,1.043250487087780130e+03,1.042943704838259237e+03,1.042631561222059190e+03,1.042314229347934543e+03,1.041991771947031793e+03,1.041664330327410653e+03,1.041332000249099110e+03,1.040994941279549266e+03,1.040653195853020861e+03,1.040306948267196276e+03,1.020207000300734080e+03,1.016550963074942501e+03,9.977271361448094922e+02,1.006972533682766652e+03,9.851840200815439630e+02,9.723766636554555589e+02,9.911059030310369735e+02,9.733043996260298627e+02,9.445932155714076544e+02,9.662480754507034817e+02,9.113383587087593014e+02,9.116744608384874482e+02,9.080477586878810143e+02,8.867312745243805239e+02,8.736858239322637019e+02,8.426993163372561639e+02,8.165041396492999866e+02,8.091754265543073643e+02,7.796057139416858490e+02,8.600586502886442304e+02,9.170142966543462535e+02,1.000000000000000000e+00
1.049829665653172242e+03,1.049887853339528419e+03,1.049938364072459080e+03,1.049981208780426641e+03,1.050016351601748511e+03,1.050043769838027174e+03,1.050063492447610770e+03,1.050075449221558756e+03,1.050079681685638661e+03,1.050076216792007699e+03,1.050064985497241651e+03,1.050046043939262063e+03,1.050019368741644485e+03,1.049984988765355183e+03,1.049942927222571370e+03,1.049893176275679025e+03,1.049835730667503867e+03,1.049770619407846198e+03,1.049697908769134301e+03,1.049617541409927981e+03,1.049529625506167577e+03,1.049434146140784833e+03,1.049331170475952604e+03,1.049220703506933205e+03,1.049102744910410593e+03,1.048977394177142287e+03,1.048844656108527261e+03,1.048704596796453643e+03,1.048557222468618420e+03,1.048402637454371870e+03,1.048240846817229340e+03,1.048071954983440946e+03,1.047895892957728620e+03,1.047712857429886071e+03,1.047522861713967586e+03,1.047325982896174082e+03,1.047122223006786044e+03,1.046911701209636249e+03,1.046694507314922930e+03,1.046470661271936706e+03,1.046240262257961831e+03,1.046003404105752679e+03,1.045760086852794757e+03,1.045510488747297813e+03,1.045254680556816766e+03,1.044992670588815145e+03,1.044724641252457559e+03,1.044450604233831200e+03,1.044170692854373101e+03,1.043885033163220442e+03,1.043593654617151287e+03,1.043296695401999614e+03,1.042994244425332681e+03,1.042686458074171469e+03,1.042373366769660151e+03,1.042055112728142376e+03,1.041731807829425861e+03,1.041403536460650685e+03,1.041070466793255491e+03,1.040732703805053006e+03,1.040390330297734408e+03,1.040043500987995230e+03,1.019968553220785225e+03,1.003207958260430019e+03,9.975367987830309175e+02,9.951949159559428608e+02,9.986917391974317297e+02,9.821826369284710836e+02,9.908169938826162024e+02,9.767996334661511355e+02,9.443325069842848052e+02,9.548246026981927344e+02,9.230159135554381464e+02,9.114044396061740372e+02,9.077781934243309934e+02,8.864996970852546383e+02,8.733915385521892176e+02,8.390700440331393111e+02,8.163307620425252935e+02,8.024105387893620218e+02,1.000000000000000000e+00
1.049481710863042736e+03,1.049560053839241164e+03,1.049630828889855820e+03,1.049693984848826631e+03,1.049749470177001513e+03,1.049797280420326388e+03,1.049837437238599250e+03,1.049869884614785860e+03,1.049894639633059796e+03,1.049911722730001884e+03,1.049921048229068219e+03,1.049922656104327871e+03,1.049916582687955952e+03,1.049902840984839713e+03,1.049881296769056235e+03,1.049852115292395865e+03,1.049815211513186796e+03,1.049770649655579518e+03,1.049718387864352280e+03,1.049658467387355358e+03,1.049590945524146946e+03,1.049515846787888677e+03,1.049433088099921633e+03,1.049342839108074031e+03,1.049245029197292524e+03,1.049139716680857418e+03,1.049026989998761337e+03,1.048906793808606380e+03,1.048779241761386174e+03,1.048644294854067539e+03,1.048502102401557750e+03,1.048352618868016862e+03,1.048195951661035906e+03,1.048032058916412325e+03,1.047861129506944735e+03,1.047683156570083611e+03,1.047498181070951432e+03,1.047306304087359649e+03,1.047107498262146237e+03,1.046901917393830445e+03,1.046689627943158484e+03,1.046470631930444824e+03,1.046245119490102297e+03,1.046013041675669456e+03,1.045774535460016523e+03,1.045529634470281735e+03,1.045278537069789991e+03,1.045021183356873735e+03,1.044757735596315115e+03,1.044488292410271924e+03,1.044212925535176055e+03,1.043931718350184383e+03,1.043644761297648756e+03,1.043352200272298433e+03,1.043054089530609190e+03,1.042750520201248946e+03,1.042441671452430000e+03,1.042127545980529248e+03,1.041808333524872978e+03,1.041484132343320425e+03,1.041155022328736322e+03,1.040821192077062051e+03,1.040482676457162825e+03,1.040139615067368368e+03,1.039792214597337534e+03,1.019741069035585383e+03,1.002965401178000207e+03,1.001008102598315531e+03,1.008037924741830466e+03,1.014092186261940924e+03,9.819321731657539658e+02,9.905407012805155773e+02,9.765466472588948363e+02,9.440830315778021031e+02,9.409583043087768601e+02,9.096282242777814417e+02,8.939531259351931567e+02,8.999794531117920542e+02,8.987055515364071425e+02,8.837840830934371752e+02,1.000000000000000000e+00
1.049094828963000964e+03,1.049193131319099393e+03,1.049283865074142341e+03,1.049367052096227553e+03,1.049442724859389955e+03,1.049510743985132194e+03,1.049571174282021275e+03,1.049624002077310706e+03,1.049669122011071522e+03,1.049706614752074756e+03,1.049736430174747056e+03,1.049758514655003410e+03,1.049772955519579909e+03,1.049779722247521477e+03,1.049778703064838737e+03,1.049770048357616588e+03,1.049753675201847273e+03,1.049729617101088024e+03,1.049697893321761057e+03,1.049658483506588937e+03,1.049611372542375420e+03,1.049556681673009962e+03,1.049494342919482506e+03,1.049424343479595336e+03,1.049346865857056855e+03,1.049261759787853634e+03,1.049169100379033125e+03,1.049068989248082289e+03,1.048961380234374246e+03,1.048846352068246233e+03,1.048723922569341767e+03,1.048594133366139431e+03,1.048456999736893977e+03,1.048312650776119199e+03,1.048161038953997604e+03,1.048002261584285861e+03,1.047836319574906611e+03,1.047663351081503379e+03,1.047483391131138433e+03,1.047296455322274142e+03,1.047102580217035211e+03,1.046901942669464916e+03,1.046694512566183448e+03,1.046480379860324092e+03,1.046259639970993703e+03,1.046032348084112300e+03,1.045798571095268017e+03,1.045558420870298505e+03,1.045311935434849602e+03,1.045059217278463620e+03,1.044800382137960924e+03,1.044535474224085192e+03,1.044264570259792436e+03,1.043987805809434803e+03,1.043705268256218460e+03,1.043416978401488905e+03,1.043123155012780671e+03,1.042823859004226051e+03,1.042519135463375733e+03,1.042209150972317730e+03,1.041894027697879437e+03,1.041573829209371524e+03,1.041248654029207955e+03,1.040918673462695324e+03,1.040583975612786162e+03,1.040244675359739631e+03,1.039900910509628602e+03,1.039552821111707772e+03,1.019524379701068028e+03,1.002734204723626817e+03,1.000833657360567031e+03,1.011551715934953108e+03,1.013836152875024368e+03,9.690362276496234699e+02,9.902768028840687293e+02,9.763050606715886488e+02,9.558057921814329347e+02,9.406992721334881935e+02,9.094160863319248165e+02,8.923065565990511914e+02,1.000000000000000000e+00
1.048669703775591643e+03,1.048787599485818419e+03,1.048898107248679253e+03,1.049001092113283221e+03,1.049096626842090245e+03,1.049184713577531511e+03,1.049265224751075721e+03,1.049338135058459557e+03,1.049403536214767655e+03,1.049461259832950645e+03,1.049511391569578791e+03,1.049553876218304367e+03,1.049588708564140006e+03,1.049615881002840069e+03,1.049635370028659963e+03,1.049647159210591326e+03,1.049651315721997435e+03,1.049647721673774413e+03,1.049636477987003673e+03,1.049617540528141944e+03,1.049590931377172865e+03,1.049556653020540580e+03,1.049514744659155440e+03,1.049465193418457602e+03,1.049407979819999127e+03,1.049343184188618579e+03,1.049270839019110781e+03,1.049190867612818693e+03,1.049103380792147618e+03,1.049008399050408570e+03,1.048905907814440980e+03,1.048796012229172902e+03,1.048678698415903455e+03,1.048554015299731418e+03,1.048421989564088790e+03,1.048282659275127799e+03,1.048136110133695638e+03,1.047982353557782062e+03,1.047821456575917864e+03,1.047653463074409046e+03,1.047478440557305476e+03,1.047296433248626499e+03,1.047107497884392615e+03,1.046911753257919827e+03,1.046709148060350117e+03,1.046499832854136912e+03,1.046283869548634357e+03,1.046061332672531535e+03,1.045832295221834556e+03,1.045596784602140360e+03,1.045354964771369168e+03,1.045106811017018345e+03,1.044852500523130857e+03,1.044592084790296667e+03,1.044325633592221038e+03,1.044053281732081814e+03,1.043775091168152358e+03,1.043491141942919057e+03,1.043201581223727999e+03,1.042906462685834867e+03,1.042605895790800560e+03,1.042299995051784663e+03,1.041988849927553929e+03,1.041672614980168873e+03,1.041351375621026818e+03,1.041025222251839295e+03,1.040694303903525679e+03,1.040358712280714826e+03,1.040018572387312815e+03,1.039674024828503661e+03,1.039325168150603531e+03,1.019318464971735466e+03,1.002514225327056351e+03,1.000667842304549595e+03,1.011346424248556787e+03,1.013592177807767030e+03,9.688168961542050965e+02,9.900252019417293923e+02,9.760746999868009652e+02,9.555743114943170440e+02,1.000000000000000000e+00
1.048206994761600981e+03,1.048344199312086403e+03,1.048474129272031178e+03,1.048596697018306259e+03,1.048711907852600916e+03,1.048819684286103893e+03,1.048920019142116871e+03,1.049012896088906700e+03,1.049098279169772468e+03,1.049176055198602626e+03,1.049246365663414508e+03,1.049309034126577671e+03,1.049364148618346235e+03,1.049411604966691584e+03,1.049451466679798386e+03,1.049483628637175116e+03,1.049508170760793064e+03,1.049525069512183336e+03,1.049534267443984390e+03,1.049535778511041372e+03,1.049529653694870376e+03,1.049515808278264103e+03,1.049494308346413845e+03,1.049465196495403688e+03,1.049428385107415124e+03,1.049383991305047857e+03,1.049331896317490191e+03,1.049272235669779093e+03,1.049205000429695929e+03,1.049130171787120389e+03,1.049047825880386654e+03,1.048957948753656865e+03,1.048860581966296422e+03,1.048755768719202479e+03,1.048643559578873692e+03,1.048523921290761791e+03,1.048396899629192831e+03,1.048262640907313880e+03,1.048121145818563491e+03,1.047972393023176210e+03,1.047816474188954544e+03,1.047653458456974477e+03,1.047483386341104961e+03,1.047306283043545136e+03,1.047122205584203584e+03,1.046931310867701313e+03,1.046733516392765523e+03,1.046529037410775345e+03,1.046317822037603264e+03,1.046100013600636203e+03,1.045875623749594524e+03,1.045644784300155152e+03,1.045407538671952807e+03,1.045163974282137133e+03,1.044914182490575286e+03,1.044658230031961011e+03,1.044396212161436324e+03,1.044128195332390760e+03,1.043854359134771812e+03,1.043574674093419617e+03,1.043289319996267750e+03,1.042998368561070720e+03,1.042701894510939155e+03,1.042400082508922878e+03,1.042092943946025116e+03,1.041780610677020377e+03,1.041463219994542669e+03,1.041140907695575379e+03,1.040813702157179705e+03,1.040481766851274642e+03,1.040145284128877393e+03,1.039804226663561394e+03,1.039458847285272213e+03,1.039109264783377057e+03,1.019122974524492747e+03,9.949966211894243315e+02,1.001302619773483229e+03,1.011151387097487600e+03,1.021541141760192886e+03,9.686082619166752465e+02,1.000000000000000000e+00
1.047707588269852067e+03,1.047863721277554532e+03,1.048012728297158446e+03,1.048154491438530385e+03,1.048289077068350480e+03,1.048416300247886738e+03,1.048536256365048303e+03,1.048648744213278405e+03,1.048753921748822449e+03,1.048851576807539004e+03,1.048941797521615399e+03,1.049024483946072905e+03,1.049099679768489068e+03,1.049167277118928496e+03,1.049227336975645812e+03,1.049279810835087574e+03,1.049324633292549834e+03,1.049361826827412187e+03,1.049391389379516795e+03,1.049413300192441966e+03,1.049427576602177851e+03,1.049434148189772031e+03,1.049433102559884446e+03,1.049424377123926206e+03,1.049408030714224196e+03,1.049383965156653176e+03,1.049352295465344469e+03,1.049312967048602104e+03,1.049266033257405070e+03,1.049211498337951980e+03,1.049149337683873910e+03,1.049079639064230378e+03,1.049002385917916399e+03,1.048917622260701137e+03,1.048825348817345912e+03,1.048725626802985971e+03,1.048618450317388124e+03,1.048503867212818477e+03,1.048381930507738844e+03,1.048252681036660306e+03,1.048116120219748609e+03,1.047972389911616801e+03,1.047821475234034551e+03,1.047663343882529261e+03,1.047498200994763238e+03,1.047325938585798667e+03,1.047146791620309614e+03,1.046960683393447653e+03,1.046767671235724038e+03,1.046567985257838473e+03,1.046361502373982603e+03,1.046148354892637144e+03,1.045928650549900340e+03,1.045702412523083694e+03,1.045469717946413766e+03,1.045230704888025230e+03,1.044985382843803336e+03,1.044733875319984918e+03,1.044476234108251674e+03,1.044212612441939200e+03,1.043943042493907569e+03,1.043667625805631587e+03,1.043386480117480232e+03,1.043099614295990023e+03,1.042807259751562924e+03,1.042509437778722940e+03,1.042206250725042537e+03,1.041897850108985267e+03,1.041584287922021076e+03,1.041265723409308976e+03,1.040942235962381346e+03,1.040613946311856580e+03,1.040280978529028971e+03,1.039943461753501197e+03,1.039601509505936292e+03,1.039255237562635102e+03,1.038904796897352753e+03,1.018937877813698606e+03,9.948212299508074921e+02,1.001154254986319984e+03,1.000000000000000000e+00
1.047172239528361388e+03,1.047346950794676559e+03,1.047514704028088772e+03,1.047675347821975720e+03,1.047828911393252383e+03,1.047975303906795943e+03,1.048114444962231573e+03,1.048246366865714208e+03,1.048370996979916526e+03,1.048488275426979726e+03,1.048598191425559207e+03,1.048700673463679323e+03,1.048795715856819015e+03,1.048883296359968881e+03,1.048963347362951936e+03,1.049035908606438170e+03,1.049100870962525505e+03,1.049158301473063830e+03,1.049208109703349464e+03,1.049250327870219280e+03,1.049284907754646383e+03,1.049311873225618456e+03,1.049331185134117050e+03,1.049342815487982080e+03,1.049346838694847293e+03,1.049343188622836351e+03,1.049331934816479588e+03,1.049312982860132934e+03,1.049286385553654782e+03,1.049252168189210806e+03,1.049210351149158669e+03,1.049160880973359099e+03,1.049103846694936692e+03,1.049039237734365315e+03,1.048967075035427342e+03,1.048887399329752043e+03,1.048800157655059365e+03,1.048705516363483866e+03,1.048603377825359985e+03,1.048493843449755332e+03,1.048376917460496543e+03,1.048252662542539383e+03,1.048121149284332205e+03,1.047982334950179393e+03,1.047836370141442558e+03,1.047683170139642243e+03,1.047522863218992825e+03,1.047355515491981350e+03,1.047181183359019769e+03,1.046999889339216224e+03,1.046811686316897067e+03,1.046616702761230272e+03,1.046414942144917404e+03,1.046206444464225115e+03,1.045991330531482845e+03,1.045769703920297388e+03,1.045541601063806866e+03,1.045307037638866859e+03,1.045066199316139318e+03,1.044819142193702419e+03,1.044565840879202597e+03,1.044306548467657421e+03,1.044041236959749767e+03,1.043770004398641049e+03,1.043493001451302007e+03,1.043210312330126726e+03,1.042921967143846132e+03,1.042628134984575354e+03,1.042328914661462932e+03,1.042024354450726605e+03,1.041714609846077792e+03,1.041399774176190931e+03,1.041079963505028445e+03,1.040755239942522621e+03,1.040425853847221560e+03,1.040091815110253265e+03,1.039753232442873923e+03,1.039410309550482907e+03,1.039063075361329766e+03,1.038711715510098429e+03,1.000000000000000000e+00
1.046602004840982318e+03,1.046794827918354031e+03,1.046980890504860781e+03,1.047160028785548548e+03,1.047332201691857335e+03,1.047497365469252600e+03,1.047655431949640843e+03,1.047806448168897077e+03,1.047950223507276178e+03,1.048086811741931115e+03,1.048216134548480568e+03,1.048338172978591956e+03,1.048452830200310700e+03,1.048560119852408434e+03,1.048659987513476153e+03,1.048752417516935338e+03,1.048837396421238054e+03,1.048914848462175996e+03,1.048984762032889648e+03,1.049047093844807478e+03,1.049101901730853797e+03,1.049149102586646677e+03,1.049188711973989257e+03,1.049220651909273784e+03,1.049245037291504559e+03,1.049261720494153678e+03,1.049270847565631811e+03,1.049272244461920764e+03,1.049266034414864862e+03,1.049252178876315156e+03,1.049230680026200616e+03,1.049201529275270332e+03,1.049164793397061430e+03,1.049120438777365052e+03,1.049068473484602237e+03,1.049008923192100610e+03,1.048941861331933524e+03,1.048867247131644717e+03,1.048785059305007280e+03,1.048695451055948297e+03,1.048598366424983624e+03,1.048493850072317855e+03,1.048381950444458653e+03,1.048262688637239762e+03,1.048136073749746174e+03,1.048002267868505442e+03,1.047861169153581159e+03,1.047712857363771946e+03,1.047557463249926059e+03,1.047394957846496482e+03,1.047225406819861973e+03,1.047048932626621308e+03,1.046865473359706812e+03,1.046675212049194897e+03,1.046478086684408936e+03,1.046274301797824137e+03,1.046063797363682852e+03,1.045846727563549166e+03,1.045623094464540145e+03,1.045393074809406926e+03,1.045156677463350206e+03,1.044913967915915237e+03,1.044665052102859590e+03,1.044410037753410506e+03,1.044148974936557806e+03,1.043881939454393205e+03,1.043609053965483326e+03,1.043330441739509297e+03,1.043046118794843778e+03,1.042756274313594304e+03,1.042460898669173275e+03,1.042160148291397945e+03,1.041854238482288110e+03,1.041543109449369467e+03,1.041226936181107931e+03,1.040905837338064430e+03,1.040579904897363349e+03,1.040249301643431636e+03,1.039914120186299442e+03,1.039574450548444020e+03,1.000000000000000000e+00
1.045997761568794431e+03,1.046208334020051552e+03,1.046412265759232014e+03,1.046609431860996438e+03,1.046799836881490137e+03,1.046983425916559554e+03,1.047160026420280474e+03,1.047329699461371547e+03,1.047492348685763091e+03,1.047647888338565963e+03,1.047796306487287666e+03,1.047937548247752147e+03,1.048071588974594533e+03,1.048198372434975681e+03,1.048317782503128456e+03,1.048429859939783910e+03,1.048534582111795316e+03,1.048631862768267638e+03,1.048721675812567128e+03,1.048804049725645200e+03,1.048878871046331597e+03,1.048946183822221883e+03,1.049005952820953780e+03,1.049058137066626387e+03,1.049102749137836327e+03,1.049139723705010056e+03,1.049169106248205935e+03,1.049190870907170620e+03,1.049205012946690886e+03,1.049211483624868379e+03,1.049210334844911586e+03,1.049201588518195422e+03,1.049185119765510763e+03,1.049161079771721006e+03,1.049129397220536930e+03,1.049090110228765752e+03,1.049043217933747428e+03,1.048988783356082422e+03,1.048926738094452048e+03,1.048857145770902662e+03,1.048780070649869231e+03,1.048695431169154062e+03,1.048603386224931455e+03,1.048503877720376067e+03,1.048396950745282538e+03,1.048282654325105341e+03,1.048161015857391021e+03,1.048032063401060213e+03,1.047895902681828147e+03,1.047752500275011244e+03,1.047601948459816185e+03,1.047444253687314358e+03,1.047279532611675904e+03,1.047107780184119520e+03,1.046929089642459303e+03,1.046743516604683919e+03,1.046551073541209007e+03,1.046351883004356750e+03,1.046145979195460995e+03,1.045933462402379519e+03,1.045714334930215273e+03,1.045488792185679131e+03,1.045256793303859922e+03,1.045018469274409426e+03,1.044773850576010545e+03,1.044523103646458821e+03,1.044266251057785212e+03,1.044003402196381785e+03,1.043734639027905132e+03,1.043460035251230238e+03,1.043179761683956258e+03,1.042893801978920919e+03,1.042602368457661669e+03,1.042305464534175826e+03,1.042003229934920455e+03,1.041695809513124459e+03,1.041383255479100171e+03,1.041065696876539278e+03,1.040743281170794717e+03,1.040416066856993439e+03,1.000000000000000000e+00
1.045360700585764562e+03,1.045588453272701827e+03,1.045809793784914064e+03,1.046024576372600677e+03,1.046232790193976825e+03,1.046434290786193287e+03,1.046629039923397158e+03,1.046817006766457780e+03,1.046998126324301893e+03,1.047172288935643337e+03,1.047339495558184353e+03,1.047499634290136328e+03,1.047652684287229022e+03,1.047798585332604716e+03,1.047937306304459298e+03,1.048068772730094679e+03,1.048192958517137640e+03,1.048309840865009619e+03,1.048419383069730657e+03,1.048521535965109933e+03,1.048616219094657026e+03,1.048703475157527691e+03,1.048783256531876305e+03,1.048855485604002524e+03,1.048920189924950819e+03,1.048977344031381335e+03,1.049026980785086380e+03,1.049068988768415693e+03,1.049103375940304431e+03,1.049130194564764224e+03,1.049149367355984396e+03,1.049160902745597468e+03,1.049164794077869374e+03,1.049161097149510624e+03,1.049149723419593329e+03,1.049130755237674066e+03,1.049104112366182562e+03,1.049069907121001734e+03,1.049028068497305185e+03,1.048978653453870947e+03,1.048921694674595528e+03,1.048857176320785129e+03,1.048785099358436582e+03,1.048705504718384645e+03,1.048618432280791694e+03,1.048523920967392996e+03,1.048421961036894572e+03,1.048312626492618392e+03,1.048195931026287553e+03,1.048071918465896943e+03,1.047940625283223881e+03,1.047802065835724079e+03,1.047656370355285389e+03,1.047503501340712319e+03,1.047343538800526403e+03,1.047176521721096378e+03,1.047002552339116846e+03,1.046821663974767716e+03,1.046633872511366690e+03,1.046439280784682069e+03,1.046237960470432881e+03,1.046029986259512043e+03,1.045815379512115896e+03,1.045594234714500089e+03,1.045366653618895270e+03,1.045132622256160403e+03,1.044892348857855723e+03,1.044645839483929876e+03,1.044393174680370521e+03,1.044134487182370094e+03,1.043869797714027754e+03,1.043599271634322349e+03,1.043322935394429578e+03,1.043040900178364836e+03,1.042753311105352850e+03,1.042460190689599813e+03,1.042161716156980901e+03,1.041857951408135250e+03,1.041548953966374938e+03,1.041234943287709029e+03,1.000000000000000000e+00
1.044691860351161040e+03,1.044936334961685361e+03,1.045174581691465164e+03,1.045406474176494385e+03,1.045631974312291050e+03,1.045851015010545325e+03,1.046063448245698737e+03,1.046269284757770492e+03,1.046468427770631251e+03,1.046660813222306388e+03,1.046846364607957639e+03,1.047025024848844623e+03,1.047196778472614596e+03,1.047361494165925251e+03,1.047519185909336329e+03,1.047669727660220360e+03,1.047813145328531391e+03,1.047949360631165746e+03,1.048078353046051234e+03,1.048200018263915354e+03,1.048314380990000700e+03,1.048421357030056015e+03,1.048520940129092878e+03,1.048613086631680289e+03,1.048697767249381513e+03,1.048774944349462430e+03,1.048844658700577611e+03,1.048906746348194929e+03,1.048961389864873809e+03,1.049008396788833124e+03,1.049047806587374680e+03,1.049079620930890314e+03,1.049103850430054308e+03,1.049120403650783828e+03,1.049129414778413548e+03,1.049130748473115773e+03,1.049124438629002043e+03,1.049110535431056860e+03,1.049088986735220715e+03,1.049059788778858319e+03,1.049023033686355120e+03,1.048978682815962884e+03,1.048926757834019782e+03,1.048867223961907484e+03,1.048800172969524510e+03,1.048725585112484850e+03,1.048643535180445951e+03,1.048554009576967019e+03,1.048457014935527013e+03,1.048352616723191204e+03,1.048240857228250661e+03,1.048121734450029408e+03,1.047995311657114598e+03,1.047861615998799380e+03,1.047720752879073643e+03,1.047572676244836430e+03,1.047417488806872370e+03,1.047255219857020847e+03,1.047085934648892589e+03,1.046909687499261054e+03,1.046726531866276673e+03,1.046536581622875474e+03,1.046339803580578064e+03,1.046136301345287848e+03,1.045926193659355249e+03,1.045709466922648062e+03,1.045486216270511932e+03,1.045256585517913436e+03,1.045020579636956654e+03,1.044778267416372955e+03,1.044529820717624261e+03,1.044275235136833317e+03,1.044014651381804015e+03,1.043748097511358765e+03,1.043475724731382115e+03,1.043197584231621931e+03,1.042913828609056736e+03,1.042624471138145282e+03,1.042329672471004415e+03,1.042029542577532311e+03,1.000000000000000000e+00
1.043992501353336593e+03,1.044253121823772744e+03,1.044507687872110409e+03,1.044756194996337399e+03,1.044998512662533358e+03,1.045234521234168369e+03,1.045464211777058381e+03,1.045687452710724529e+03,1.045904214211171620e+03,1.046114370817665986e+03,1.046317879245857966e+03,1.046514676988190558e+03,1.046704720761333192e+03,1.046887916701527956e+03,1.047064194448103081e+03,1.047233530985026391e+03,1.047395818679535068e+03,1.047551065262779503e+03,1.047699186983484879e+03,1.047840114198452738e+03,1.047973847833449554e+03,1.048100338023996073e+03,1.048219479334037942e+03,1.048331326493694633e+03,1.048435778509134934e+03,1.048532839371507862e+03,1.048622449470949277e+03,1.048704583440987108e+03,1.048779225937002138e+03,1.048846359935934743e+03,1.048905937940856802e+03,1.048957938162913024e+03,1.049002415087277086e+03,1.049039243507446599e+03,1.049068476593326750e+03,1.049090137741843137e+03,1.049104116777876015e+03,1.049110495637045460e+03,1.049109258912238602e+03,1.049100402700696122e+03,1.049083918572819812e+03,1.049059797008578244e+03,1.049028107331295814e+03,1.048988759215535083e+03,1.048941854132960543e+03,1.048887398990739712e+03,1.048825341148697362e+03,1.048755769228382860e+03,1.048678677441893797e+03,1.048594119769103827e+03,1.048502074079395243e+03,1.048402633946248443e+03,1.048295776418487776e+03,1.048181563153429352e+03,1.048059999430200151e+03,1.047931170324895447e+03,1.047795098417051577e+03,1.047651818844130275e+03,1.047501387700349596e+03,1.047343842559254426e+03,1.047179240137420948e+03,1.047007674499316636e+03,1.046829125497150244e+03,1.046643718720777997e+03,1.046451504015385581e+03,1.046252472094831319e+03,1.046046805404267843e+03,1.045834523203277968e+03,1.045615659438263492e+03,1.045390319802874728e+03,1.045158577514070203e+03,1.044920542735696245e+03,1.044676186144766689e+03,1.044425728989671597e+03,1.044169181880682572e+03,1.043906645477303755e+03,1.043638187190884310e+03,1.043363976750049460e+03,1.043083975065487266e+03,1.042798405632272079e+03,1.000000000000000000e+00
1.043263881648870438e+03,1.043540049233241689e+03,1.043810434791753323e+03,1.044074924988342445e+03,1.044333508371244989e+03,1.044586013588110291e+03,1.044832416574138051e+03,1.045072572064763335e+03,1.045306411132081621e+03,1.045533911177659320e+03,1.045754964816929487e+03,1.045969470112694580e+03,1.046177356999344283e+03,1.046378581477270927e+03,1.046573126849223627e+03,1.046760829650062078e+03,1.046941678807684184e+03,1.047115578714155163e+03,1.047282512465132186e+03,1.047442409195012488e+03,1.047595255996797960e+03,1.047740932069546034e+03,1.047879440690206138e+03,1.048010727543718986e+03,1.048134683163788168e+03,1.048251382823916174e+03,1.048360743084414935e+03,1.048462696764762086e+03,1.048557212538577460e+03,1.048644317566915788e+03,1.048723887739656902e+03,1.048796055384438205e+03,1.048860567446520008e+03,1.048917649124900436e+03,1.048967096654786019e+03,1.049008961838546156e+03,1.049043239881993941e+03,1.049069934528228941e+03,1.049088985896734584e+03,1.049100422388590687e+03,1.049104218302903519e+03,1.049100406301345629e+03,1.049088952995375394e+03,1.049069898939296081e+03,1.049043227021514895e+03,1.049008951422497375e+03,1.048967075702291822e+03,1.048917621480987464e+03,1.048860579321054502e+03,1.048796016120050581e+03,1.048723891303819755e+03,1.048644304592406797e+03,1.048557245648152957e+03,1.048462678127197250e+03,1.048360753168428573e+03,1.048251419648968749e+03,1.048134715215400320e+03,1.048010684179362215e+03,1.047879437258344979e+03,1.047740962341681552e+03,1.047595265428736184e+03,1.047442459250574757e+03,1.047282525277184959e+03,1.047115568732435122e+03,1.046941653855085860e+03,1.046760831968234697e+03,1.046573107139697413e+03,1.046378620095743372e+03,1.046177365616105590e+03,1.045969479234007622e+03,1.045754930683911198e+03,1.045533927098173308e+03,1.045306465850271934e+03,1.045072518913709018e+03,1.044832400444862969e+03,1.044585997539218397e+03,1.044333536719132780e+03,1.044074954070532613e+03,1.043810419925749329e+03,1.043540030876343963e+03,1.000000000000000000e+00
1.042507308090438300e+03,1.042798400030403172e+03,1.043083968146399684e+03,1.043363952787642120e+03,1.043638195637422086e+03,1.043906615807172329e+03,1.044169160960175304e+03,1.044425736577180487e+03,1.044676192004743143e+03,1.044920497862800175e+03,1.045158591482815154e+03,1.045390328981024595e+03,1.045615663998853506e+03,1.045834485655811022e+03,1.046046807503573746e+03,1.046252467710834253e+03,1.046451498021726366e+03,1.046643714257968213e+03,1.046829150602396794e+03,1.047007676682594592e+03,1.047179241821715550e+03,1.047343843386501703e+03,1.047501375840195124e+03,1.047651818550288908e+03,1.047795089261874409e+03,1.047931129865424737e+03,1.048060000259346225e+03,1.048181562168421124e+03,1.048295762721163555e+03,1.048402634318013725e+03,1.048502097883736042e+03,1.048594135131346093e+03,1.048678694945854886e+03,1.048755773562719696e+03,1.048825331008928288e+03,1.048887384564041668e+03,1.048941863556578028e+03,1.048988756735975130e+03,1.049028101037222541e+03,1.049059796187144684e+03,1.049083921931944360e+03,1.049100427339144744e+03,1.049109261982228873e+03,1.049110524446310365e+03,1.049104119741086834e+03,1.049090135701485224e+03,1.049068479751638506e+03,1.049039252216602563e+03,1.049002402519527777e+03,1.048957933023305031e+03,1.048905927804932162e+03,1.048846349607532147e+03,1.048779233660432283e+03,1.048704578273399420e+03,1.048622440785576146e+03,1.048532825450327891e+03,1.048435779854781458e+03,1.048331345505179115e+03,1.048219458945899987e+03,1.048100317397366780e+03,1.047973864185313232e+03,1.047840121665650940e+03,1.047699147587388779e+03,1.047551065947536244e+03,1.047395811124929878e+03,1.047233511049350909e+03,1.047064193886888006e+03,1.046887872407393843e+03,1.046704728757125849e+03,1.046514709134373106e+03,1.046317890325248300e+03,1.046114379279503510e+03,1.045904203742011077e+03,1.045687429797614641e+03,1.045464210668846817e+03,1.045234519786784404e+03,1.044998504746972685e+03,1.044756220689227348e+03,1.044507706811541311e+03,1.044253109078296120e+03,1.000000000000000000e+00
1.041724168335696049e+03,1.042029550940952277e+03,1.042329705257210435e+03,1.042624469080645440e+03,1.042913829096466998e+03,1.043197581387677701e+03,1.043475703737201457e+03,1.043748073152174584e+03,1.044014646193521685e+03,1.044275247135372410e+03,1.044529794589445146e+03,1.044778271609035301e+03,1.045020558640790114e+03,1.045256558120973523e+03,1.045486221123676160e+03,1.045709440858343896e+03,1.045926171317753642e+03,1.046136307826772509e+03,1.046339787381579526e+03,1.046536547671319568e+03,1.046726530266075542e+03,1.046909700671744304e+03,1.047085941604292429e+03,1.047255213144819209e+03,1.047417489853339248e+03,1.047572665084667278e+03,1.047720717897848544e+03,1.047861646635057468e+03,1.047995315654131900e+03,1.048121758249965296e+03,1.048240868168183852e+03,1.048352613659571261e+03,1.048457043751223409e+03,1.048554005392942145e+03,1.048643545146532460e+03,1.048725592420920066e+03,1.048800182961752853e+03,1.048867179976865373e+03,1.048926746906469816e+03,1.048978678223586485e+03,1.049023045599975831e+03,1.049059803241925692e+03,1.049088981317236176e+03,1.049110510552154665e+03,1.049124443157005999e+03,1.049130729026176596e+03,1.049129413889985699e+03,1.049120451878894755e+03,1.049103857757410424e+03,1.049079647900339751e+03,1.049047799299682993e+03,1.049008398511790801e+03,1.048961376269936409e+03,1.048906820163787870e+03,1.048844665695723279e+03,1.048774949576760491e+03,1.048697771075121409e+03,1.048613085930413263e+03,1.048520919771350236e+03,1.048421334501475940e+03,1.048314373750053392e+03,1.048200022974488547e+03,1.048078330737921533e+03,1.047949370197771941e+03,1.047813164954465037e+03,1.047669752671631386e+03,1.047519182772939985e+03,1.047361490155712772e+03,1.047196785621679737e+03,1.047025039702268941e+03,1.046846364215325821e+03,1.046660796378557734e+03,1.046468415480740077e+03,1.046269287709012588e+03,1.046063454487594981e+03,1.045850980970603132e+03,1.045631970809226914e+03,1.045406478561549193e+03,1.045174569637061040e+03,1.044936326255076892e+03,1.000000000000000000e+00
1.040915972183200438e+03,1.041234946982300698e+03,1.041548953397534206e+03,1.041857928877726863e+03,1.042161711094769089e+03,1.042460197030655081e+03,1.042753291628560191e+03,1.043040887599143844e+03,1.043322930181579522e+03,1.043599246224442140e+03,1.043869802407110910e+03,1.044134485114559538e+03,1.044393183499977340e+03,1.044645847106839710e+03,1.044892344911442933e+03,1.045132658675806624e+03,1.045366624522834400e+03,1.045594226638465443e+03,1.045815343585406481e+03,1.046029993993318840e+03,1.046237946576365403e+03,1.046439298792302679e+03,1.046633874421728478e+03,1.046821675963272355e+03,1.047002603278899414e+03,1.047176576197681243e+03,1.047343506050836822e+03,1.047503528582159561e+03,1.047656370643070659e+03,1.047802088106133851e+03,1.047940623250123053e+03,1.048071918518403663e+03,1.048195945275970189e+03,1.048312652183761202e+03,1.048421967634111297e+03,1.048523931268539627e+03,1.048618423727634763e+03,1.048705504520555451e+03,1.048785102381919614e+03,1.048857151013377006e+03,1.048921672403358343e+03,1.048978701380574876e+03,1.049028109065705394e+03,1.049069892183464617e+03,1.049104160938612949e+03,1.049130718589431808e+03,1.049149710462545954e+03,1.049161073249747460e+03,1.049164817496119895e+03,1.049160912644689233e+03,1.049149341581798581e+03,1.049130179565261415e+03,1.049103397686535345e+03,1.049068973659015683e+03,1.049026954276997458e+03,1.048977410485347036e+03,1.048920213043126296e+03,1.048855485546023601e+03,1.048783219440826315e+03,1.048703467011915336e+03,1.048616204312216723e+03,1.048521507469711423e+03,1.048419361997092437e+03,1.048309825778830827e+03,1.048192988763191806e+03,1.048068766760886547e+03,1.047937253138105234e+03,1.047798571932420145e+03,1.047652669155956801e+03,1.047499601075823875e+03,1.047339455108972516e+03,1.047172282154061804e+03,1.046998110088848762e+03,1.046817012218905802e+03,1.046629048530730643e+03,1.046434261900977617e+03,1.046232777035130312e+03,1.046024591290750095e+03,1.045809811863687628e+03,1.045588494017333232e+03,1.000000000000000000e+00
1.040084180185543801e+03,1.040416085891870352e+03,1.040743262206824056e+03,1.041065739251118885e+03,1.041383233319098736e+03,1.041695809680206366e+03,1.042003246845585181e+03,1.042305448839159908e+03,1.042602363528209253e+03,1.042893812980323219e+03,1.043179715117561045e+03,1.043460062843145806e+03,1.043734608195062492e+03,1.044003411030246070e+03,1.044266234422988873e+03,1.044523104758167619e+03,1.044773861538202709e+03,1.045018478476521523e+03,1.045256786559822103e+03,1.045488796914093882e+03,1.045714374306134459e+03,1.045933442321334496e+03,1.046145980978800935e+03,1.046351900528075930e+03,1.046551109472278313e+03,1.046743470648906623e+03,1.046929105559969230e+03,1.047107768226613643e+03,1.047279549208468779e+03,1.047444266706489088e+03,1.047601935062468556e+03,1.047752495608567642e+03,1.047895910130260745e+03,1.048032099567929208e+03,1.048161029199512996e+03,1.048282652583358413e+03,1.048396955939748068e+03,1.048503857131021732e+03,1.048603387928520988e+03,1.048695460468535430e+03,1.048780006167431793e+03,1.048857160643788802e+03,1.048926727842537503e+03,1.048988764994387566e+03,1.049043225291175077e+03,1.049090140291781154e+03,1.049129403699348359e+03,1.049161082360617229e+03,1.049185095513862507e+03,1.049201541697922266e+03,1.049210349171628195e+03,1.049211486205133951e+03,1.049204998756222722e+03,1.049190876654429530e+03,1.049169129959401062e+03,1.049139725010105394e+03,1.049102739947932378e+03,1.049058126844559865e+03,1.049005948547759544e+03,1.048946187728098948e+03,1.048878876308679764e+03,1.048804031939718698e+03,1.048721724231831104e+03,1.048631880230599791e+03,1.048534584514864491e+03,1.048429880983913108e+03,1.048317758794167275e+03,1.048198331113691665e+03,1.048071588903105294e+03,1.047937564378218667e+03,1.047796308983750123e+03,1.047647921482748870e+03,1.047492334447383200e+03,1.047329688752846096e+03,1.047160063376496964e+03,1.046983398308504093e+03,1.046799865433898958e+03,1.046609473709340364e+03,1.046412258708334775e+03,1.046208349695587913e+03,1.000000000000000000e+00
1.039230449277742082e+03,1.039574458721485371e+03,1.039914094537965184e+03,1.040249329182849579e+03,1.040579926980465643e+03,1.040905831951514529e+03,1.041226928456527503e+03,1.041543116377261640e+03,1.041854222155328898e+03,1.042160151630077053e+03,1.042460930854408616e+03,1.042756243007388775e+03,1.043046116789817233e+03,1.043330414909552928e+03,1.043609071097960168e+03,1.043881926432368800e+03,1.044148936808947838e+03,1.044410027538260465e+03,1.044665052671304693e+03,1.044913979434848443e+03,1.045156661814399968e+03,1.045393078672605952e+03,1.045623125504625932e+03,1.045846680590496135e+03,1.046063798459745158e+03,1.046274283437928034e+03,1.046478095619743726e+03,1.046675180532851755e+03,1.046865463467553127e+03,1.047048933697194570e+03,1.047225414291581046e+03,1.047394959209244462e+03,1.047557452972717556e+03,1.047712853529185395e+03,1.047861153783552936e+03,1.048002236788922801e+03,1.048136088555656670e+03,1.048262691469546553e+03,1.048381946399541448e+03,1.048493820801082620e+03,1.048598365798648501e+03,1.048695453049605021e+03,1.048785086337450366e+03,1.048867231074227902e+03,1.048941863695165466e+03,1.049008952367959182e+03,1.049068478290814710e+03,1.049120470193674009e+03,1.049164796689879040e+03,1.049201528278370006e+03,1.049230670475539227e+03,1.049252151916992943e+03,1.049266028917361155e+03,1.049272243209787575e+03,1.049270823968175137e+03,1.049261762895122047e+03,1.049245018892933331e+03,1.049220670010013009e+03,1.049188704856195500e+03,1.049149122318897071e+03,1.049101888518860960e+03,1.049047110275019122e+03,1.048984737100949360e+03,1.048914844676279699e+03,1.048837374268911390e+03,1.048752430857088484e+03,1.048660030562122074e+03,1.048560111061931821e+03,1.048452840314810373e+03,1.048338164080368188e+03,1.048216145342771142e+03,1.048086821131528040e+03,1.047950233704928678e+03,1.047806444176422019e+03,1.047655457767937150e+03,1.047497371712466929e+03,1.047332215738757441e+03,1.047160053302331107e+03,1.046980899140531392e+03,1.046794860165080536e+03,1.000000000000000000e+00
1.016375711645301180e+03,1.031439705803429206e+03,1.039063061844903814e+03,1.039410286931001338e+03,1.039753248533417036e+03,1.040091824348785849e+03,1.040425861756153836e+03,1.040755265755773280e+03,1.041079943645484718e+03,1.041399768726205821e+03,1.041714605614796028e+03,1.042024347992716457e+03,1.042328902546127665e+03,1.042628172992820510e+03,1.042921968518131280e+03,1.043210283808400163e+03,1.043493015345839922e+03,1.043770026217596296e+03,1.044041193377880745e+03,1.044306540416240296e+03,1.044565869798027506e+03,1.044819108558153630e+03,1.045066243611960317e+03,1.045307034952892764e+03,1.045541604416260952e+03,1.045769707732567667e+03,1.045991371511365060e+03,1.046206469929040395e+03,1.046414926181441842e+03,1.046616694922295437e+03,1.046811690747517787e+03,1.046999852953098980e+03,1.047181187479019172e+03,1.047355517649646572e+03,1.047522871289771501e+03,1.047683164977697970e+03,1.047836331832208543e+03,1.047982352408781480e+03,1.048121118416790068e+03,1.048252700200964227e+03,1.048376952047565737e+03,1.048493864343681935e+03,1.048603381538828444e+03,1.048705501132927566e+03,1.048800191607977922e+03,1.048887369416374895e+03,1.048967077656109041e+03,1.049039235758429413e+03,1.049103838677142448e+03,1.049160906296204303e+03,1.049210333260540210e+03,1.049252183792722462e+03,1.049286390278517501e+03,1.049312964339884957e+03,1.049331893385972080e+03,1.049343216697300932e+03,1.049346857085791498e+03,1.049342799784668159e+03,1.049331165201441536e+03,1.049311875458279019e+03,1.049284881558567577e+03,1.049250341547380458e+03,1.049208083049179095e+03,1.049158321765785104e+03,1.049100880318555937e+03,1.049035884489752561e+03,1.048963390737397503e+03,1.048883270108245597e+03,1.048795720884370439e+03,1.048700682806032773e+03,1.048598183918235918e+03,1.048488289916916301e+03,1.048371016328424730e+03,1.048246367191257377e+03,1.048114470464137639e+03,1.047975281365286719e+03,1.047828895770732515e+03,1.047675343243546195e+03,1.047514676199680707e+03,1.047346953667470643e+03,1.000000000000000000e+00
1.022359169319631178e+03,9.942608761208271062e+02,9.879811395794343980e+02,1.016545141312670125e+03,1.031631947864356107e+03,1.039255267180359169e+03,1.039601515105835460e+03,1.039943461225476312e+03,1.040280995701593156e+03,1.040613942342175278e+03,1.040942216787386542e+03,1.041265713643804474e+03,1.041584307653417909e+03,1.041897865489301694e+03,1.042206253909880616e+03,1.042509413169691243e+03,1.042807249499546742e+03,1.043099648935063442e+03,1.043386465781749621e+03,1.043667606663276729e+03,1.043943029759173442e+03,1.044212625629561444e+03,1.044476285749264434e+03,1.044733868350377861e+03,1.044985384339800703e+03,1.045230716722214538e+03,1.045469727465729648e+03,1.045702416777111011e+03,1.045928634647892295e+03,1.046148369769765168e+03,1.046361502708675289e+03,1.046567964562268799e+03,1.046767726960599475e+03,1.046960678772139772e+03,1.047146778547648410e+03,1.047325993079912678e+03,1.047498176616048113e+03,1.047663355457802481e+03,1.047821465424354756e+03,1.047972395268430319e+03,1.048116167782256525e+03,1.048252708202479653e+03,1.048381964064080194e+03,1.048503859670463044e+03,1.048618440404763987e+03,1.048725613319980766e+03,1.048825324225086888e+03,1.048917592313198838e+03,1.049002389575925690e+03,1.049079643796523669e+03,1.049149334039908808e+03,1.049211483225392612e+03,1.049266042603214828e+03,1.049312960383596192e+03,1.049352296861249215e+03,1.049383986141005607e+03,1.049408009119620601e+03,1.049424373118587937e+03,1.049433094906285987e+03,1.049434155977698765e+03,1.049427544004850915e+03,1.049413299154975221e+03,1.049391379986283027e+03,1.049361807568545601e+03,1.049324628599286598e+03,1.049279747065865649e+03,1.049227335259480469e+03,1.049167277970565465e+03,1.049099634498881414e+03,1.049024499733342054e+03,1.048941761631589088e+03,1.048851587761017527e+03,1.048753888516360803e+03,1.048648774243844400e+03,1.048536229497855857e+03,1.048416313207331996e+03,1.048289049531198998e+03,1.048154511492396978e+03,1.048012739721928256e+03,1.047863717499393488e+03,1.000000000000000000e+00
9.759831978490894926e+02,9.664426381298447950e+02,1.022306091968371902e+03,1.008723134190711676e+03,9.944091026345628279e+02,9.881559493411963331e+02,1.016724494785168758e+03,1.031835500961883554e+03,1.039458844351869175e+03,1.039804248107564035e+03,1.040145251685246876e+03,1.040481796616269321e+03,1.040813708563139471e+03,1.041140879253993262e+03,1.041463225934550110e+03,1.041780614170166245e+03,1.042092942001831034e+03,1.042400049289536128e+03,1.042701898340353637e+03,1.042998350076807128e+03,1.043289319813444081e+03,1.043574655405377143e+03,1.043854315107622369e+03,1.044128207231321767e+03,1.044396202504289249e+03,1.044658228482715003e+03,1.044914180680433219e+03,1.045163959592461651e+03,1.045407529302372950e+03,1.045644772052305825e+03,1.045875611814534523e+03,1.046099977936272126e+03,1.046317811072779023e+03,1.046529009112710810e+03,1.046733547978479237e+03,1.046931311858191748e+03,1.047122235666259712e+03,1.047306272652835105e+03,1.047483395971572918e+03,1.047653466060789015e+03,1.047816477909143259e+03,1.047972384443699866e+03,1.048121165882024570e+03,1.048262676450518939e+03,1.048396955488213734e+03,1.048523931869189937e+03,1.048643526559526890e+03,1.048755763802315414e+03,1.048860575271676680e+03,1.048957947814225463e+03,1.049047815727531315e+03,1.049130158495664546e+03,1.049205001607822396e+03,1.049272244354443728e+03,1.049331909813971606e+03,1.049383943114301019e+03,1.049428401316402642e+03,1.049465208860131270e+03,1.049494305207954085e+03,1.049515789631701182e+03,1.049529657819092108e+03,1.049535772751054992e+03,1.049534232337575304e+03,1.049525027188344666e+03,1.049508166814430069e+03,1.049483658686527406e+03,1.049451427372540820e+03,1.049411634303223536e+03,1.049364150477562134e+03,1.049309083724563379e+03,1.049246383980042538e+03,1.049176080720996652e+03,1.049098253297744122e+03,1.049012885610310150e+03,1.048919969265511554e+03,1.048819665449279910e+03,1.048711877019281928e+03,1.048596692020317050e+03,1.048474107079951864e+03,1.048344203810120689e+03,1.000000000000000000e+00
9.411358397006388259e+02,9.562539591859469965e+02,9.738797958360412395e+02,9.895805117457750839e+02,9.666452375449855481e+02,1.014395777458861176e+03,1.008911929258936425e+03,9.937816810506291176e+02,9.994572276244782643e+02,1.016913945872865725e+03,1.032050503705723486e+03,1.039674018432255480e+03,1.040018548234432501e+03,1.040358697760738096e+03,1.040694289918456434e+03,1.041025234511361305e+03,1.041351382086033027e+03,1.041672619704317412e+03,1.041988853769024217e+03,1.042300017449322468e+03,1.042605859648483602e+03,1.042906454756106996e+03,1.043201568698001438e+03,1.043491148641285918e+03,1.043775084289601637e+03,1.044053296790068771e+03,1.044325627202042597e+03,1.044592098026092572e+03,1.044852538103359166e+03,1.045106803660500645e+03,1.045354943159112736e+03,1.045596789893778578e+03,1.045832284416099355e+03,1.046061329912617111e+03,1.046283856218519304e+03,1.046499854838405099e+03,1.046709151546979683e+03,1.046911738380490988e+03,1.047107513335130079e+03,1.047296433429617537e+03,1.047478413218109154e+03,1.047653469632564793e+03,1.047821413189861914e+03,1.047982361854322335e+03,1.048136098152149771e+03,1.048282658825670751e+03,1.048421969403099411e+03,1.048553983300686696e+03,1.048678710122454731e+03,1.048795995860239145e+03,1.048905932036505419e+03,1.049008428043849108e+03,1.049103417091133906e+03,1.049190867408311988e+03,1.049270802631978768e+03,1.049343188393999526e+03,1.049407992574573655e+03,1.049465191442514424e+03,1.049514732771006720e+03,1.049556685415847596e+03,1.049590960184251344e+03,1.049617533984457395e+03,1.049636463968877479e+03,1.049647729406309281e+03,1.049651324965196181e+03,1.049647154070382840e+03,1.049635353252739833e+03,1.049615881243229296e+03,1.049588695385959682e+03,1.049553861869751927e+03,1.049511383069348085e+03,1.049461273066316608e+03,1.049403515447461359e+03,1.049338165143298284e+03,1.049265218134459701e+03,1.049184686447807962e+03,1.049096659132250352e+03,1.049001097230294590e+03,1.048898059125117697e+03,1.048787576953329335e+03,1.000000000000000000e+00
8.898141484773532284e+02,8.929359756335246630e+02,9.074794695665306108e+02,9.413892587426385035e+02,9.564916208075865143e+02,9.741035805097127422e+02,9.898106975319377625e+02,9.668582675155266770e+02,1.014646209105476373e+03,1.009110670706389783e+03,9.939473152149039379e+02,9.996563394257971140e+02,1.017113565554710931e+03,1.032277117403590637e+03,1.039900910731249951e+03,1.040244687519824765e+03,1.040583976554941728e+03,1.040918677482531393e+03,1.041248671920741344e+03,1.041573840646116423e+03,1.041894021299576480e+03,1.042209167103798563e+03,1.042519136337567033e+03,1.042823833637078451e+03,1.043123166540444799e+03,1.043416993379054475e+03,1.043705234992994065e+03,1.043987798585106702e+03,1.044264584676765480e+03,1.044535464967408871e+03,1.044800392642603811e+03,1.045059214018619969e+03,1.045311920259346152e+03,1.045558412666092408e+03,1.045798539447425583e+03,1.046032353896044242e+03,1.046259649892047037e+03,1.046480368509198570e+03,1.046694514706990276e+03,1.046901926401081255e+03,1.047102619122296119e+03,1.047296427565902832e+03,1.047483360755439435e+03,1.047663357712938023e+03,1.047836338597963959e+03,1.048002229404801255e+03,1.048161031374800814e+03,1.048312641913802054e+03,1.048456989028992894e+03,1.048594107892125066e+03,1.048723919293571271e+03,1.048846351816048355e+03,1.048961392928421219e+03,1.049068996496299860e+03,1.049169129165620916e+03,1.049261749425235621e+03,1.049346848076959304e+03,1.049424384684635015e+03,1.049494358334111212e+03,1.049556659117989739e+03,1.049611374731610567e+03,1.049658445354148171e+03,1.049697885359893007e+03,1.049729616531431475e+03,1.049753669973163824e+03,1.049770033979000345e+03,1.049778720455778284e+03,1.049779666838360299e+03,1.049772976045049518e+03,1.049758532118505400e+03,1.049736412954984871e+03,1.049706631805825964e+03,1.049669136440535567e+03,1.049623986285242836e+03,1.049571222320798597e+03,1.049510742148853979e+03,1.049442706121650190e+03,1.049367083210804822e+03,1.049283876333058743e+03,1.049193108275347413e+03,1.000000000000000000e+00
8.393537376230548261e+02,8.842867883120834449e+02,8.967630092817944387e+02,8.982144523529370872e+02,8.946331534254787812e+02,9.076852085668276686e+02,9.416546964828138471e+02,9.447416667619518194e+02,9.743383296207341573e+02,9.900521462245457087e+02,9.797257117253236629e+02,1.014909041366204974e+03,1.005649900981445739e+03,9.941215847323244361e+02,9.998657256016409747e+02,1.017323616860310949e+03,1.032515429388187158e+03,1.040139618306971897e+03,1.040482694675903076e+03,1.040821183632907832e+03,1.041155061531091405e+03,1.041484149637553173e+03,1.041808327612978019e+03,1.042127545785414895e+03,1.042441659753307249e+03,1.042750523412485563e+03,1.043054069120944860e+03,1.043352211393530524e+03,1.043644764361397847e+03,1.043931731008860652e+03,1.044212893942217306e+03,1.044488291135002328e+03,1.044757754517342391e+03,1.045021184395715864e+03,1.045278508566078472e+03,1.045529641058272318e+03,1.045774514481781125e+03,1.046013033091545822e+03,1.046245145704565857e+03,1.046470646548505329e+03,1.046689625835592096e+03,1.046901917191308030e+03,1.047107515255076123e+03,1.047306275687363723e+03,1.047498165964621421e+03,1.047683160467493053e+03,1.047861168487256691e+03,1.048032100592645975e+03,1.048195930815050815e+03,1.048352625084820829e+03,1.048502084210805606e+03,1.048644287233635850e+03,1.048779195841097589e+03,1.048906783416287453e+03,1.049026987454164782e+03,1.049139745941527735e+03,1.049245043939711877e+03,1.049342833211545894e+03,1.049433118474303001e+03,1.049515822549578616e+03,1.049590945234662513e+03,1.049658486505942392e+03,1.049718373680339482e+03,1.049770636086515651e+03,1.049815206153147301e+03,1.049852122177554975e+03,1.049881315832685004e+03,1.049902807559519943e+03,1.049916611349213326e+03,1.049922675610119086e+03,1.049921070464893091e+03,1.049911710251291424e+03,1.049894655671154169e+03,1.049869912232234583e+03,1.049837441090945049e+03,1.049797282238401522e+03,1.049749456457238466e+03,1.049693979943408976e+03,1.049630810724273033e+03,1.049560045547072605e+03,1.000000000000000000e+00
7.776305678821606762e+02,8.008154282018149388e+02,8.169718867303272418e+02,8.395912500329571913e+02,8.738699915533119338e+02,8.845914126142504301e+02,9.059490489796587553e+02,9.121176417118015252e+02,9.210266830167294074e+02,9.528627861367306195e+02,9.449977530469985822e+02,9.745841912068376587e+02,9.903051139070430509e+02,9.799690989080677355e+02,9.963894388605851873e+02,9.928616271693396129e+02,9.906894681855532099e+02,1.000085496571340173e+03,1.017544129010803090e+03,1.032765656473942727e+03,1.040390346880614516e+03,1.040732699638188706e+03,1.041070466982131393e+03,1.041403493961810454e+03,1.041731807571376294e+03,1.042055090861606914e+03,1.042373372724716319e+03,1.042686416753436333e+03,1.042994255300226314e+03,1.043296705180237041e+03,1.043593665770147481e+03,1.043885010565782522e+03,1.044170729816777339e+03,1.044450617516249849e+03,1.044724652820945721e+03,1.044992681432555855e+03,1.045254665484987072e+03,1.045510502680556328e+03,1.045760086871792737e+03,1.046003354116306355e+03,1.046240246980881921e+03,1.046470670974169934e+03,1.046694523185551816e+03,1.046911737691405278e+03,1.047122253047976074e+03,1.047325970463559997e+03,1.047522868601165555e+03,1.047712860470240003e+03,1.047895929041821091e+03,1.048071895872201594e+03,1.048240844723261944e+03,1.048402622730059647e+03,1.048557222997611007e+03,1.048704576979183685e+03,1.048844662529397738e+03,1.048977362641901664e+03,1.049102751346147215e+03,1.049220705294506388e+03,1.049331157994773093e+03,1.049434167621351207e+03,1.049529639262179899e+03,1.049617568490064059e+03,1.049697847301839602e+03,1.049770609042908745e+03,1.049835720821696441e+03,1.049893122395150840e+03,1.049942927962643807e+03,1.049985000947118806e+03,1.050019379730897526e+03,1.050046043116101373e+03,1.050064972231625688e+03,1.050076225775198054e+03,1.050079669267021700e+03,1.050075441730434250e+03,1.050063464810949881e+03,1.050043785818344759e+03,1.050016349894624454e+03,1.049981225533810175e+03,1.049938352732728617e+03,1.049887848868530455e+03,1.000000000000000000e+00
9.632119325711909141e+02,9.145711447800451879e+02,8.577489173499079698e+02,7.777712002603693691e+02,8.075254457096095848e+02,8.171513418255158285e+02,8.432687745903990617e+02,8.741709618076743027e+02,8.848161559957056852e+02,9.062114111466768236e+02,9.123943829368464549e+02,9.093652829210495838e+02,9.661861185141915485e+02,9.452653415100402299e+02,9.741379301336603476e+02,9.905696705390364514e+02,9.701589732653512783e+02,9.829158490148067813e+02,1.004621338139559157e+03,9.908795705815916790e+02,1.009488798970615562e+03,1.017775292176206108e+03,1.033027927196302926e+03,1.040653203524695755e+03,1.040994943578974926e+03,1.041332012373735552e+03,1.041664339185565495e+03,1.041991790285216439e+03,1.042314222134886222e+03,1.042631581851939245e+03,1.042943689712647256e+03,1.043250499212097566e+03,1.043551889799355877e+03,1.043847660436672413e+03,1.044137886139039438e+03,1.044422365268605517e+03,1.044700963127233763e+03,1.044973711853603845e+03,1.045240325571816356e+03,1.045500899286165122e+03,1.045755287057445912e+03,1.046003392258864096e+03,1.046245103114232734e+03,1.046480366892401662e+03,1.046709116845952394e+03,1.046931306190288069e+03,1.047146794812085545e+03,1.047355537114650360e+03,1.047557444085434099e+03,1.047752519173176552e+03,1.047940637211997000e+03,1.048121723126804909e+03,1.048295793559078902e+03,1.048462687183739035e+03,1.048622442766974928e+03,1.048774968243350486e+03,1.048920227594775724e+03,1.049058134326779964e+03,1.049188714061657265e+03,1.049311877323089675e+03,1.049427584978474897e+03,1.049535777241698270e+03,1.049636495666456995e+03,1.049729626301716962e+03,1.049815184059557396e+03,1.049893165240503095e+03,1.049963467653551106e+03,1.050026129781587997e+03,1.050081109597160321e+03,1.050128403947664992e+03,1.050167961995644191e+03,1.050199839009012294e+03,1.050223934275258671e+03,1.050240300632252001e+03,1.050248948387635210e+03,1.050249830786343864e+03,1.050242964215998654e+03,1.050228312907889404e+03,1.050205983356795969e+03,1.050175879177430033e+03,1.000000000000000000e+00
1.073913315707290167e+03,1.100521054778080725e+03,9.983854183515272780e+02,9.572563538688455083e+02,9.146503988815566117e+02,8.578939316829823838e+02,7.679097149095902068e+02,7.972969777135992899e+02,8.173386276693485115e+02,8.377133654213178033e+02,8.744844258583179908e+02,8.850506369275701672e+02,9.064850249535219291e+02,9.126830082854685315e+02,9.096013145436789955e+02,9.664559734158174251e+02,9.536652031524879476e+02,9.612877128964767053e+02,9.908460278828257515e+02,9.704168499130080363e+02,9.702052351557547354e+02,1.004873076514044442e+03,9.910786888867720563e+02,1.009740705289352604e+03,1.018017275440923413e+03,1.033302367603641187e+03,1.040928323655570239e+03,1.041269496518659480e+03,1.041605925239644421e+03,1.041937552072531616e+03,1.042264256147973811e+03,1.042585859671461094e+03,1.042902365401597308e+03,1.043213543456647812e+03,1.043519390360387206e+03,1.043819718105555012e+03,1.044114453761330424e+03,1.044403518958195491e+03,1.044686771771627036e+03,1.044964187838595308e+03,1.045235554998176895e+03,1.045500914804595141e+03,1.045760088792997522e+03,1.046013020239894558e+03,1.046259652484169919e+03,1.046499830744425481e+03,1.046733528543736384e+03,1.046960679659144489e+03,1.047181181965490396e+03,1.047394937495337899e+03,1.047601952809815657e+03,1.047802083337428940e+03,1.047995300764957392e+03,1.048181514002674930e+03,1.048360739838800100e+03,1.048532831999548080e+03,1.048697745342053850e+03,1.048855517552058245e+03,1.049005973585974061e+03,1.049149117219149275e+03,1.049284904686552181e+03,1.049413298313292671e+03,1.049534276667533504e+03,1.049647733726631031e+03,1.049753704699461650e+03,1.049852096785319873e+03,1.049942914053880031e+03,1.050026116773112790e+03,1.050101709328615243e+03,1.050169618711651310e+03,1.050229832099492796e+03,1.050282342573179449e+03,1.050327138788867614e+03,1.050364230779058744e+03,1.050393549783746721e+03,1.050415087927281547e+03,1.050428890938371751e+03,1.050434923353936938e+03,1.050433173242043040e+03,1.050423679483350497e+03,1.000000000000000000e+00
1.405992498436515234e+03,1.221843531652619731e+03,1.096216864495108439e+03,1.073496920688906130e+03,1.100266142721274946e+03,9.982049760346212679e+02,9.289679185309005334e+02,9.147340149758042571e+02,8.580454444141705608e+02,7.680623455032601896e+02,7.973626573580819468e+02,8.185775904367797011e+02,8.379759260889034067e+02,8.714718383930738810e+02,8.564147830017607248e+02,9.067700413533435722e+02,9.129836661671583897e+02,9.098475236438562206e+02,9.667373190615212479e+02,9.480722159908035565e+02,9.615964821896016019e+02,9.818204432050883952e+02,9.706860160216094755e+02,9.740197244261236165e+02,1.005136018314229204e+03,9.912869307192938777e+02,1.010003937285681900e+03,1.018270259086869373e+03,1.033589180479982815e+03,1.041215947671867980e+03,1.041556582234851476e+03,1.041892401499939069e+03,1.042223392597429211e+03,1.042549351724530879e+03,1.042870209739944357e+03,1.043185883004730840e+03,1.043496166038977890e+03,1.043801069046879775e+03,1.044100401655924088e+03,1.044394098004593843e+03,1.044682083653144673e+03,1.044964144969792869e+03,1.045240335322846022e+03,1.045510488632620309e+03,1.045774543902758523e+03,1.046032334019703285e+03,1.046283885432178295e+03,1.046529014052568982e+03,1.046767731570485694e+03,1.046999859348946757e+03,1.047225437466353014e+03,1.047444267154944555e+03,1.047656383374484221e+03,1.047861581627087617e+03,1.048059997960439887e+03,1.048251429164193723e+03,1.048435793894739618e+03,1.048613097746370840e+03,1.048783245927647840e+03,1.048946196496334778e+03,1.049101897231896828e+03,1.049250340978385793e+03,1.049391379545349082e+03,1.049525042332578550e+03,1.049651310745961382e+03,1.049770081319271412e+03,1.049881302072976951e+03,1.049984996460631692e+03,1.050081110352094129e+03,1.050169581184677099e+03,1.050250468655721988e+03,1.050323668816416557e+03,1.050389150266534216e+03,1.050446944372638427e+03,1.050496980278219553e+03,1.050539277813962144e+03,1.050573828497374961e+03,1.050600606316090079e+03,1.050619629826104756e+03,1.050630830158348317e+03,1.000000000000000000e+00
1.744681838832871563e+03,1.591804177257129368e+03,1.457994890121123490e+03,1.379934946799680802e+03,1.217720649757202864e+03,1.095780643859788825e+03,1.073069832024814559e+03,1.100005659969717271e+03,1.012502139143427257e+03,9.157532378769057004e+02,9.025789466561068366e+02,8.582036647189628411e+02,7.749660514691590834e+02,7.975690646464452129e+02,8.187722591466167614e+02,8.382489676148693434e+02,8.839920709467215829e+02,8.450771314173998690e+02,9.191427391704512502e+02,9.132964755606849394e+02,9.224341217425928789e+02,9.670303593657340571e+02,9.483505099243020595e+02,9.619180506780321593e+02,9.831800999583020939e+02,9.709665617536411446e+02,9.742935945338491592e+02,1.016583478895797498e+03,9.911952963653238839e+02,1.010278608809215712e+03,1.018534311316005869e+03,1.033888557645970195e+03,1.041516221730641519e+03,1.041856318591446779e+03,1.042191631439489811e+03,1.042521990348906456e+03,1.042847288013765137e+03,1.043167420468004593e+03,1.043482289045484322e+03,1.043791746049982294e+03,1.044095723035279661e+03,1.044394102661413854e+03,1.044686796329573554e+03,1.044973685301708883e+03,1.045254666671732593e+03,1.045529668426808712e+03,1.045798598779516396e+03,1.046061359055519006e+03,1.046317787949622470e+03,1.046567996284934907e+03,1.046811710167863566e+03,1.047048898179992648e+03,1.047279551507661608e+03,1.047503511225165084e+03,1.047720756421589613e+03,1.047931166221109152e+03,1.048134703422570055e+03,1.048331332453399909e+03,1.048520941000088897e+03,1.048703476057098669e+03,1.048878877064112658e+03,1.049047112564002873e+03,1.049208109235392385e+03,1.049361816468677716e+03,1.049508182144779767e+03,1.049647159834820513e+03,1.049778714769597627e+03,1.049902836113266176e+03,1.050019389860940464e+03,1.050128388023841580e+03,1.050229816241081608e+03,1.050323665870300147e+03,1.050409835645886233e+03,1.050488340896177760e+03,1.050559121845826667e+03,1.050622180503189611e+03,1.050677549298104623e+03,1.050725108743817145e+03,1.050764938433535917e+03,1.050796946456465776e+03,1.000000000000000000e+00
1.687237827524377735e+03,1.676018796559088059e+03,1.783561807356851887e+03,1.743709010973312843e+03,1.555404359567989559e+03,1.453778637930856121e+03,1.379213327262889379e+03,1.217207066832073224e+03,1.095333818835178590e+03,1.064735921354095353e+03,1.102108789125284147e+03,1.012313214014536015e+03,9.145284952597841084e+02,9.026753282488125478e+02,8.494837395703680158e+02,7.715745120921583293e+02,7.977837430764316196e+02,8.189749399111327648e+02,8.385327459517218358e+02,8.843395276609969642e+02,8.453292412529179956e+02,9.083248332164512249e+02,9.136216994552073629e+02,9.227107854004802903e+02,9.673352639068605185e+02,9.486400983295691276e+02,9.616985027051653105e+02,9.834956574237894529e+02,9.712586980375958774e+02,9.738520624516418138e+02,1.016869119696692451e+03,9.914178333409288371e+02,1.003612354661053246e+03,1.018809723691400222e+03,1.034200600084438065e+03,1.041829243090897080e+03,1.042168950523211834e+03,1.042503704991545874e+03,1.042833529572170164e+03,1.043158205174322575e+03,1.043477649999368623e+03,1.043791718560902382e+03,1.044100407178030991e+03,1.044403493256212187e+03,1.044700939559199469e+03,1.044992674814017619e+03,1.045278502200789262e+03,1.045558422747452369e+03,1.045832278685063329e+03,1.046100007855737658e+03,1.046361497790318936e+03,1.046616678917659783e+03,1.046865491762515603e+03,1.047107790590143395e+03,1.047343531391090892e+03,1.047572672756318980e+03,1.047795082132643529e+03,1.048010694933968580e+03,1.048219478566520138e+03,1.048421357217893046e+03,1.048616183262271079e+03,1.048804015186649849e+03,1.048984717990008448e+03,1.049158284637455381e+03,1.049324609376053331e+03,1.049483623929524128e+03,1.049635357304786794e+03,1.049779706966650338e+03,1.049916600071504945e+03,1.050046072776808160e+03,1.050167972129452437e+03,1.050282372240999166e+03,1.050389176681812160e+03,1.050488347746091222e+03,1.050579878425365905e+03,1.050663718374634300e+03,1.050739846367658629e+03,1.050808264466157425e+03,1.050868922383234121e+03,1.050921791001433576e+03,1.000000000000000000e+00
1.622360900120202359e+03,1.677529274162728598e+03,1.679650458856463729e+03,1.687597825425656765e+03,1.675925246396818238e+03,1.768324318973117443e+03,1.742714569121869090e+03,1.554592801198246434e+03,1.452725438044796647e+03,1.378474741475961537e+03,1.216681695623410633e+03,1.098952995513738188e+03,1.064299700238128935e+03,1.101848658257548777e+03,1.012121025630185500e+03,9.145179393170813000e+02,9.166222905926983913e+02,8.384313188876750473e+02,7.717533604574597348e+02,7.874534850368978596e+02,8.191857467031256874e+02,8.388273180913212173e+02,8.725428458517944819e+02,8.353656397612578530e+02,9.086389993711366060e+02,9.139594299863526885e+02,9.150586977907648816e+02,9.676522208672161014e+02,9.578811929239335541e+02,9.620540057087881678e+02,9.838237855068872477e+02,9.715626585499842349e+02,9.741840604028839152e+02,1.028567451924966917e+03,9.916498613676892546e+02,1.003911876202653502e+03,1.019096599120321343e+03,1.034525563855888777e+03,1.042155322880003723e+03,1.042494606164832248e+03,1.042828925611464683e+03,1.043158208110573014e+03,1.043482255609895219e+03,1.043801055544513929e+03,1.044114451543202904e+03,1.044422349745261499e+03,1.044724611997674174e+03,1.045021192139501409e+03,1.045311942222015887e+03,1.045596780387379567e+03,1.045875622338790436e+03,1.046148383490675997e+03,1.046414900793777861e+03,1.046675199772474343e+03,1.046929121348279523e+03,1.047176569163472777e+03,1.047417467520430137e+03,1.047651796216350704e+03,1.047879455967984086e+03,1.048100335619074713e+03,1.048314356967326603e+03,1.048521531820858627e+03,1.048721676936871972e+03,1.048914870471592394e+03,1.049100893001208988e+03,1.049279756433600369e+03,1.049451487414886969e+03,1.049615875365880811e+03,1.049772974861059083e+03,1.049922700348138733e+03,1.050065002130474568e+03,1.050199819937642587e+03,1.050327170874158583e+03,1.050446930337841422e+03,1.050559125492052772e+03,1.050663715282480553e+03,1.050760623609533468e+03,1.050849860718393302e+03,1.050931360546683209e+03,1.051005137692990502e+03,1.000000000000000000e+00
1.634236179428380410e+03,1.618799816861704130e+03,1.465721481853407795e+03,1.622626712121469154e+03,1.678154896698573793e+03,1.674317171669480558e+03,1.669918400492202863e+03,1.710643529527382043e+03,1.768879224386295164e+03,1.713947005232106221e+03,1.553763929558040672e+03,1.451187208788081080e+03,1.377719462604577757e+03,1.216144825558323873e+03,1.108556166563069610e+03,1.063853810108247899e+03,1.101584018402214724e+03,1.011925799059731958e+03,9.145093111050514381e+02,9.167294520404440163e+02,8.386134400289572568e+02,7.719393792806364445e+02,7.926430753516739287e+02,8.310030635575071756e+02,8.474840319198704037e+02,8.806962164000178745e+02,8.356293421799366570e+02,9.089651180088155797e+02,9.069997827390163820e+02,9.153473140312771648e+02,9.679814266216792475e+02,9.581995987417139986e+02,9.624230920936745406e+02,9.841646940212581285e+02,9.616559617267314479e+02,9.758792642667388009e+02,1.019963411018376064e+03,9.918915655221809402e+02,1.004223470020054037e+03,1.030190669463388303e+03,1.034863641663427416e+03,1.042494622216264133e+03,1.042833519030813704e+03,1.043167406825982653e+03,1.043496166700192816e+03,1.043819709714045075e+03,1.044137880270656296e+03,1.044450625826913438e+03,1.044757742311643824e+03,1.045059200631286785e+03,1.045354912269383703e+03,1.045644792413197592e+03,1.045928664407800170e+03,1.046206470936560436e+03,1.046478076546279226e+03,1.046743479775574087e+03,1.047002576966129482e+03,1.047255227867746726e+03,1.047501368671753198e+03,1.047740936164223513e+03,1.047973857283783673e+03,1.048200021617685479e+03,1.048419367635842946e+03,1.048631871456226918e+03,1.048837371410665810e+03,1.049035883600796751e+03,1.049227342752144523e+03,1.049411632600302255e+03,1.049588732137201532e+03,1.049758552738529488e+03,1.049921028728755573e+03,1.050076197463128665e+03,1.050223954598060118e+03,1.050364236984628178e+03,1.050496983813973884e+03,1.050622212058769719e+03,1.050739838628474445e+03,1.050849814013430205e+03,1.050952200651290013e+03,1.051046831286465249e+03,1.000000000000000000e+00
1.348894517924166394e+03,1.464400866732685699e+03,1.535686882328971024e+03,1.624105125077480352e+03,1.619116912348224787e+03,1.466178687905870902e+03,1.629425873750275969e+03,1.689010889879631122e+03,1.641457127834042694e+03,1.670296511137657490e+03,1.745377244128763323e+03,1.743165947059646214e+03,1.708417335129339790e+03,1.552918151645862963e+03,1.450085147497892649e+03,1.368091783137171888e+03,1.216664651471997331e+03,1.108072273286813015e+03,1.063398583200237681e+03,1.110896883147396693e+03,1.011727793207116520e+03,9.041744832505401064e+02,9.168419722221764232e+02,8.510910267499285737e+02,7.721327596801377240e+02,7.928789134363413496e+02,8.312354021038757992e+02,8.577096476692458964e+02,8.920588622206461196e+02,8.304146192049856836e+02,9.093033169146722230e+02,9.073565373431301850e+02,9.156468836266949438e+02,9.546569925766089000e+02,9.585301374624978052e+02,9.628059462499502388e+02,9.845185848579390040e+02,9.782039948349703309e+02,9.762430777096533348e+02,1.020268921854726841e+03,9.987454942118324652e+02,1.004547260537460716e+03,1.016584534107564878e+03,1.035215010870260812e+03,1.042847266231788581e+03,1.043185855478954181e+03,1.043519381665067613e+03,1.043847706242244612e+03,1.044170710764315118e+03,1.044488281866472789e+03,1.044800387792696483e+03,1.045106812868255474e+03,1.045407541305291033e+03,1.045702412805646418e+03,1.045991339197380512e+03,1.046274273740830722e+03,1.046551045336299467e+03,1.046821650906689229e+03,1.047085940752504939e+03,1.047343828698107700e+03,1.047595273004688352e+03,1.047840120285095963e+03,1.048078331141533909e+03,1.048309858630932240e+03,1.048534577542183342e+03,1.048752448969050420e+03,1.048963373799008878e+03,1.049167298566838326e+03,1.049364148075178264e+03,1.049553890611223096e+03,1.049736432749398091e+03,1.049911690291604373e+03,1.050079697772846885e+03,1.050240325337600098e+03,1.050393525372256590e+03,1.050539277282906824e+03,1.050677558444873057e+03,1.050808229619271060e+03,1.050931365489520431e+03,1.051046852479368226e+03,1.000000000000000000e+00
1.399299951764827483e+03,1.431028350547473565e+03,1.365718682927584723e+03,1.329331017024078847e+03,1.464677587563729276e+03,1.536779163911139676e+03,1.623742784200446295e+03,1.627706786180083327e+03,1.466652762772498363e+03,1.616400847191034472e+03,1.690194585522462830e+03,1.641828900215162548e+03,1.654367019530833659e+03,1.776103923471272537e+03,1.743790918788837189e+03,1.706588979734888198e+03,1.552055934492116194e+03,1.448958937367333874e+03,1.367290585906669776e+03,1.216102614400868333e+03,1.107578708446773589e+03,1.070854292661744921e+03,1.092643666168708933e+03,1.028320643703053747e+03,9.041552023312028723e+02,8.984393708505151608e+02,8.599353619567807527e+02,7.723336999371699676e+02,7.931235782106843999e+02,8.314765263746767232e+02,8.580448592978486886e+02,8.924639337547142759e+02,8.498882875611445797e+02,9.096538287779424081e+02,9.077261934946360498e+02,9.243376429499217011e+02,9.550522283648408575e+02,9.588729082349425425e+02,9.741485398681963943e+02,9.848856498385639497e+02,9.803325284275872491e+02,9.811992796345336956e+02,1.020586253154625638e+03,9.990055564774771710e+02,1.016482149766082216e+03,1.008082280432262678e+03,1.035579858034531753e+03,1.043213545593522440e+03,1.043551839790011400e+03,1.043885010008857080e+03,1.044212940503676691e+03,1.044535418820401674e+03,1.044852516447855351e+03,1.045163974308857178e+03,1.045469704509875783e+03,1.045769668029907280e+03,1.046063801360703110e+03,1.046351871459490894e+03,1.046633878284009370e+03,1.046909725575555512e+03,1.047179226662326073e+03,1.047442424836224973e+03,1.047699183382302635e+03,1.047949386133107510e+03,1.048192947641411138e+03,1.048429870512253046e+03,1.048660004887374498e+03,1.048883287502162375e+03,1.049099684014228160e+03,1.049309058420417159e+03,1.049511388837182267e+03,1.049706609140677301e+03,1.049894666584383003e+03,1.050075471130537153e+03,1.050248949948452719e+03,1.050415108624588129e+03,1.050573847114272212e+03,1.050725111318861991e+03,1.050868879621818451e+03,1.051005164908889810e+03,1.000000000000000000e+00
1.272731167322428973e+03,1.360445219046416241e+03,1.367972190935676281e+03,1.399408586242307138e+03,1.405203592574259346e+03,1.366258756991017663e+03,1.321778151732611377e+03,1.463756943240646251e+03,1.537905555443185904e+03,1.661410236684313304e+03,1.628106019166450778e+03,1.467144192628933524e+03,1.624306509712980187e+03,1.691415750213657930e+03,1.644742320969384991e+03,1.654813786937821533e+03,1.781698690355101917e+03,1.744438339653878074e+03,1.712946173670400185e+03,1.551177755840313012e+03,1.447809047426370853e+03,1.366473543152232196e+03,1.222856253719919550e+03,1.107075744408652781e+03,1.053492324984152219e+03,1.092392816205447616e+03,1.028113178204862379e+03,9.041380465815598200e+02,9.087588116471540616e+02,8.601368668225860574e+02,7.776801424887078156e+02,7.933772115095223398e+02,8.299738544776118943e+02,8.595924436811586702e+02,8.928830704490806056e+02,8.411999372269071955e+02,9.279928618994508724e+02,9.011792787743753479e+02,9.246631170247637783e+02,9.554615672912727860e+02,9.592282128267834196e+02,9.857057445182824722e+02,9.914331025658156022e+02,9.878297309480869899e+02,9.815859875946155171e+02,1.020915589466718529e+03,9.992758037474960702e+02,1.016847956959093835e+03,1.008724257702532441e+03,1.035958438460892921e+03,1.043593655951029632e+03,1.043931747341318669e+03,1.044264575712473288e+03,1.044592095597540265e+03,1.044914173611645310e+03,1.045230719494878258e+03,1.045541586947174210e+03,1.045846700393667106e+03,1.046145978307844643e+03,1.046439321023087587e+03,1.046726535220910819e+03,1.047007670831228552e+03,1.047282521882387300e+03,1.047551072670432632e+03,1.047813171986857924e+03,1.048068731013318256e+03,1.048317791389327795e+03,1.048560163788880800e+03,1.048795685677591109e+03,1.049024490905580024e+03,1.049246375025745238e+03,1.049461288604149104e+03,1.049669109437263160e+03,1.049869888856464968e+03,1.050063477580399876e+03,1.050249821591333330e+03,1.050428896232347142e+03,1.050600620257311220e+03,1.050764906436511183e+03,1.050921775170148067e+03,1.000000000000000000e+00
1.460201378051222036e+03,1.361570697557375297e+03,1.304477238944773944e+03,1.273224738354313331e+03,1.360738020046472911e+03,1.368484599583454610e+03,1.399525790136686737e+03,1.405311526191212806e+03,1.366817479781348993e+03,1.322029371936335565e+03,1.464064277701824722e+03,1.539066493676040182e+03,1.661031561726833388e+03,1.622789679544452156e+03,1.467653407880587338e+03,1.641639375513969071e+03,1.692674754109224295e+03,1.675045822152783558e+03,1.669299883382154121e+03,1.782284224695017201e+03,1.745108639098681579e+03,1.683719413932307816e+03,1.564411693355438729e+03,1.446635891029316554e+03,1.365641011026079241e+03,1.211719667479068903e+03,1.106563697480738256e+03,1.052996982584086254e+03,1.092139168938916555e+03,1.027903596420294434e+03,9.041231217360173105e+02,8.960868896610562615e+02,8.603462544300409718e+02,7.818683046896258020e+02,7.936401105821821602e+02,8.331607945547178815e+02,8.621440051328456775e+02,8.953560822845699931e+02,8.446501724438222709e+02,9.419335007932770623e+02,9.015647931048152941e+02,9.150845895671232029e+02,9.595995150703938634e+02,9.595962128354658489e+02,9.861370045536604039e+02,9.918369083445486467e+02,1.001072167605344248e+03,9.819864958374394064e+02,1.006220184207445755e+03,9.995565474101276777e+02,1.017227183591259632e+03,1.009152883396857419e+03,1.036350982311073039e+03,1.043987803569451216e+03,1.044325629957045976e+03,1.044658222417170919e+03,1.044985376493798185e+03,1.045307054265236729e+03,1.045623100904263310e+03,1.045933456540923316e+03,1.046237971711843102e+03,1.046536544267828049e+03,1.046829105834760185e+03,1.047115618283614594e+03,1.047395827804454257e+03,1.047669739113547848e+03,1.047937269655789578e+03,1.048198336761885912e+03,1.048452838942672770e+03,1.048700654163587160e+03,1.048941781702108301e+03,1.049176079998234627e+03,1.049403506336422652e+03,1.049623977305044264e+03,1.049837455607806532e+03,1.050043768542751877e+03,1.050243004216722966e+03,1.050434937716449440e+03,1.050619609963710900e+03,1.050796959470946604e+03,1.000000000000000000e+00
1.544011552854359024e+03,1.590690908029851926e+03,1.553557868361607916e+03,1.461426302852917615e+03,1.362554344581129953e+03,1.305153562420152184e+03,1.273736523774990019e+03,1.361044827009267465e+03,1.369013590718672276e+03,1.399651996892982197e+03,1.405428159894477631e+03,1.403253483123914521e+03,1.321593733621021784e+03,1.445932980030383987e+03,1.540262690533622617e+03,1.677628799160661629e+03,1.660845078859660816e+03,1.484703237442244472e+03,1.642155847297161245e+03,1.659350739642043663e+03,1.677347746136405931e+03,1.669192143642476822e+03,1.782891457283918953e+03,1.745802411052583466e+03,1.707298885932397752e+03,1.563482848834267770e+03,1.445439857313065204e+03,1.378837796751342466e+03,1.201807577090706673e+03,1.104377156440960107e+03,1.057400209608262912e+03,1.085806174000622377e+03,1.027692128598871477e+03,9.041106809019645425e+02,8.964761035603154369e+02,8.487352998071801267e+02,7.820896945238991975e+02,7.939123089995875944e+02,8.335425757826354811e+02,8.641446440585293658e+02,8.958027108412920825e+02,8.449451749351071612e+02,9.484785914584526836e+02,9.020759379049318341e+02,9.154304198673263500e+02,9.600524173538306059e+02,9.663218194048021132e+02,9.865831889714390854e+02,9.801504288446105875e+02,1.001549609427210498e+03,9.889504772675188633e+02,1.006590382594477774e+03,1.009681755952559570e+03,1.017620053567345280e+03,1.020600265765607446e+03,1.036757694818558775e+03,1.044396226383579915e+03,1.044733876222335311e+03,1.045066222332728785e+03,1.045393065464080109e+03,1.045714381995224812e+03,1.046029986280906542e+03,1.046339782098422120e+03,1.046643712559575306e+03,1.046941675467377763e+03,1.047233507092875925e+03,1.047519197425900757e+03,1.047798595869061728e+03,1.048071608354190630e+03,1.048338174341040940e+03,1.048598211527176090e+03,1.048851597091029817e+03,1.049098245927254993e+03,1.049338161183606417e+03,1.049571200867234438e+03,1.049797254476574835e+03,1.050016342320163858e+03,1.050228352021879800e+03,1.050433193694510237e+03,1.050630807175677774e+03,1.000000000000000000e+00
1.375975048779554527e+03,1.484974211375712230e+03,1.496972890749747648e+03,1.610184914348053780e+03,1.569107171675594600e+03,1.542142977487386361e+03,1.459420615689548868e+03,1.363568488855585429e+03,1.316688818414701245e+03,1.318921918808123792e+03,1.361366132742330137e+03,1.369559430617065573e+03,1.382394117991502753e+03,1.405553750739250518e+03,1.403200772278564955e+03,1.321936366687236159e+03,1.488656424034853444e+03,1.551080613178384056e+03,1.692109913842109336e+03,1.661326383293822346e+03,1.517768640203030145e+03,1.653267165580420624e+03,1.694047287609663272e+03,1.677763039891860899e+03,1.669729995302361885e+03,1.783520955300805326e+03,1.746520214270963152e+03,1.705260348954794154e+03,1.571686180540163377e+03,1.444383634685337938e+03,1.377957355623432704e+03,1.201222722588931447e+03,1.064552061423845316e+03,1.056883898190164473e+03,1.052814180349726485e+03,1.027478964700184406e+03,9.125900525273226549e+02,8.865555328996013031e+02,8.489579175476560522e+02,7.819891555098513436e+02,7.941940678300062473e+02,8.339370320480355758e+02,8.744939954682777170e+02,8.840212234380243217e+02,8.428786712444324394e+02,9.489046138316384713e+02,9.024848552809410194e+02,9.157882358641676319e+02,9.605204809965709956e+02,9.667287388113534234e+02,9.870445038307829009e+02,9.835339486307207153e+02,1.016434683372841391e+03,9.893360257131192839e+02,1.006973695965019033e+03,1.009990542533633402e+03,1.018026744438682726e+03,1.035313515172061670e+03,1.037178763933808568e+03,1.044819117377246130e+03,1.045156645695912857e+03,1.045488778595013173e+03,1.045815394840899444e+03,1.046136304227876053e+03,1.046451515760805250e+03,1.046760803613475218e+03,1.047064194682172456e+03,1.047361503682412604e+03,1.047652680487318776e+03,1.047937594125474334e+03,1.048216137236535815e+03,1.048488276413280573e+03,1.048753897125740423e+03,1.049012878663176934e+03,1.049265211538448511e+03,1.049510768522389526e+03,1.049749428835994195e+03,1.049981226742794206e+03,1.050205959242417521e+03,1.050423682918215036e+03,1.000000000000000000e+00
1.426609652461274891e+03,1.389399927234016559e+03,1.310944866680912355e+03,1.376550906612923427e+03,1.486409588878058685e+03,1.496200539005131304e+03,1.609840469186340215e+03,1.565625483591054035e+03,1.539876276558288282e+03,1.460676627145469411e+03,1.364613673736933833e+03,1.317418457619232186e+03,1.319457005282522914e+03,1.355428957821074164e+03,1.370122443378722437e+03,1.382479409367940661e+03,1.385420095700291313e+03,1.403875920209926562e+03,1.344656077975443850e+03,1.489071899200593634e+03,1.566079732483230600e+03,1.693641004215874091e+03,1.661826993668308660e+03,1.503708633616634188e+03,1.654284200840591893e+03,1.686775445806511016e+03,1.678195798464105792e+03,1.670287292967133908e+03,1.784173135260616391e+03,1.724220960801223100e+03,1.703185524689735757e+03,1.570720335865028574e+03,1.443313170533961966e+03,1.377062308536039382e+03,1.198905310952067794e+03,1.057202727930540732e+03,1.056359473185696970e+03,1.052077005655581615e+03,1.036341587239571254e+03,9.125669753650483926e+02,8.866314056780358897e+02,8.491889780137863681e+02,7.753062750557248819e+02,7.978926720692836625e+02,8.360600760689882236e+02,8.749131484750039363e+02,8.735484254946891269e+02,8.544153072659806867e+02,9.449315372874491459e+02,8.986405577774282847e+02,9.161583200377299363e+02,9.610040165894264419e+02,9.630549222763427224e+02,9.771504704982194198e+02,9.900775758928527921e+02,1.010845955507223835e+03,9.897348980127216009e+02,1.007370379418382527e+03,1.010310685470300655e+03,1.018447526910287479e+03,1.035812518983398149e+03,1.037614514459005250e+03,1.045256788459882273e+03,1.045594235155258048e+03,1.045926166269223813e+03,1.046252510462989221e+03,1.046573115378387456e+03,1.046887876075790018e+03,1.047196760545674124e+03,1.047499614798282664e+03,1.047796324255959689e+03,1.048086818821834640e+03,1.048370994366932337e+03,1.048648745249346121e+03,1.048920023526468412e+03,1.049184717953712152e+03,1.049442688882772018e+03,1.049693973451315060e+03,1.049938376621307725e+03,1.050175864269755721e+03,1.000000000000000000e+00
1.237776984129755192e+03,1.350979480460644027e+03,1.493050212334655271e+03,1.458420848206907522e+03,1.400992744395445698e+03,1.311078746495871883e+03,1.383916042533666996e+03,1.487883786744855797e+03,1.497584244027451632e+03,1.615616224488129319e+03,1.565807070949849731e+03,1.537578961372677668e+03,1.472176682024089587e+03,1.372851136593342517e+03,1.343770734841868489e+03,1.320011882083862929e+03,1.353475963872367174e+03,1.389740514900652215e+03,1.382573640040753617e+03,1.373171254256689281e+03,1.404573023318822152e+03,1.346287094924149187e+03,1.489504590122100126e+03,1.567486369664718040e+03,1.695215896900448570e+03,1.662347516132443616e+03,1.504370652326860636e+03,1.655332595681027897e+03,1.734930505022666466e+03,1.678646732223853178e+03,1.691598643737244856e+03,1.792374402883024459e+03,1.729640072785513212e+03,1.701075261392610628e+03,1.582974045163042774e+03,1.413687845370518744e+03,1.356301003715107981e+03,1.198303397489277359e+03,1.071793310453448839e+03,1.055827225989637327e+03,1.051851106459857192e+03,1.036139886251939515e+03,9.401729895516759825e+02,8.834850483057164183e+02,8.494286781641689004e+02,7.755570644747378992e+02,8.106473862402850727e+02,8.363753538726182342e+02,8.753459009358909952e+02,8.740228803239028821e+02,8.547388155804409280e+02,9.453784499872843980e+02,8.913828231490909957e+02,9.237822817400644908e+02,9.615031689745223957e+02,9.635044693450161049e+02,9.776271474999321072e+02,9.905262393769428400e+02,1.011895528063756956e+03,9.906221211377071540e+02,1.020497518813240276e+03,1.010642333074759335e+03,1.018882714234454966e+03,1.037745780161791799e+03,1.038065172262338592e+03,1.045709443966572508e+03,1.046046823333871544e+03,1.046378630109263213e+03,1.046704721037398258e+03,1.047025045455229019e+03,1.047339495403803085e+03,1.047647884290573529e+03,1.047950231651130707e+03,1.048246389050190828e+03,1.048536217143375325e+03,1.048819672840436851e+03,1.049096636806420975e+03,1.049367086757671814e+03,1.049630839817096330e+03,1.049887847237550659e+03,1.000000000000000000e+00
1.063734049791676853e+03,9.657898608773700744e+02,1.041947526495463080e+03,1.238728901743095548e+03,1.352594511573543741e+03,1.495181013420633917e+03,1.456870605260035518e+03,1.400824274991541188e+03,1.311223501300054068e+03,1.384569159456046236e+03,1.489397587490428123e+03,1.496810623273502642e+03,1.607960814109449075e+03,1.563608696154673908e+03,1.520775273936386839e+03,1.473474971469691127e+03,1.373971360402938899e+03,1.344571150167348833e+03,1.334460471734073053e+03,1.359104397890936298e+03,1.390350908899795968e+03,1.380685461337781362e+03,1.373381873543902202e+03,1.405292544175428247e+03,1.359337979430029463e+03,1.515382764730169811e+03,1.568933114247850881e+03,1.671949927428968749e+03,1.662888406675415808e+03,1.505054691502430842e+03,1.656413070672381764e+03,1.735663431242206570e+03,1.679116326267117529e+03,1.692227944930205467e+03,1.793112680644839884e+03,1.719661218293029833e+03,1.711456834599727699e+03,1.581952377905842695e+03,1.405687533151867228e+03,1.358669633870858888e+03,1.197693315583809408e+03,1.071172808012197947e+03,1.055287550956921677e+03,1.051624513149751692e+03,1.035937679047126721e+03,9.392181887582851232e+02,8.835520870410027783e+02,8.496772547469915935e+02,7.758167593300016733e+02,8.109670682500102430e+02,8.367013944086265838e+02,8.841091704114360255e+02,8.755903554892403235e+02,8.550732613546344965e+02,9.458398059157273110e+02,8.976582018929900642e+02,9.241987094039109252e+02,9.669261695042180236e+02,9.639686440225437991e+02,9.781192884453065517e+02,9.864238209679849660e+02,1.012411622321443133e+03,9.910497639663357177e+02,1.020935679698359309e+03,1.018100076845668582e+03,1.019332414253443176e+03,1.038200625798277770e+03,1.038530954289184365e+03,1.046177375550376610e+03,1.046514700409419902e+03,1.046846372593649221e+03,1.047172298794797143e+03,1.047492341821859327e+03,1.047806437469697812e+03,1.048114414543377961e+03,1.048416291544879186e+03,1.048711865150180301e+03,1.049001068231126055e+03,1.049283869729152002e+03,1.049560070118256817e+03,1.000000000000000000e+00
1.422080493511302848e+03,1.158397343414174202e+03,1.116496598456721131e+03,1.063305324400563677e+03,9.870111014444767079e+02,1.036119222292268205e+03,1.239706955913183720e+03,1.354250187311293757e+03,1.522034923876706671e+03,1.489027003932704474e+03,1.368433194276829909e+03,1.311379515917837807e+03,1.385243792686861070e+03,1.490951489768889132e+03,1.496030762985268211e+03,1.607273730611632800e+03,1.573147348281624545e+03,1.517212043181133595e+03,1.453066692948641730e+03,1.375921470173213493e+03,1.345397639281230795e+03,1.335039767629856442e+03,1.359448624816943720e+03,1.390980050041489903e+03,1.419920541488991148e+03,1.373604277832286698e+03,1.409052082212221649e+03,1.359757033196859766e+03,1.512481128335492031e+03,1.570420770682584589e+03,1.676608613215070363e+03,1.617260483350210052e+03,1.505761053726182809e+03,1.657526221054793496e+03,1.733518334178659188e+03,1.687183722046801449e+03,1.692879170633128524e+03,1.758694390911925893e+03,1.717633482221239319e+03,1.678119233184903578e+03,1.582353423625501136e+03,1.404657290597775500e+03,1.357787268178209615e+03,1.202163649482803976e+03,1.070581391873022312e+03,1.054740658218792760e+03,1.039511918001858930e+03,1.033516280579636259e+03,9.392032511631750822e+02,8.722252137057312211e+02,8.513843991471009076e+02,7.760855383412508672e+02,8.112974294971527343e+02,8.326657480960601561e+02,8.845739537447836938e+02,8.761067593427519569e+02,8.554188057048600058e+02,9.332004833050109482e+02,8.982550063892408616e+02,9.213243748675945426e+02,9.673877419061630007e+02,9.644477178941961029e+02,9.658225597258979178e+02,9.719663319279418374e+02,1.012944245528595161e+03,9.914915399201489663e+02,1.018041346336782567e+03,1.018470206109661035e+03,1.019796980342186998e+03,1.025844945340390268e+03,1.039012208927269057e+03,1.046660819130199343e+03,1.046998111513018330e+03,1.047329731577487109e+03,1.047655469193246063e+03,1.047975263175952705e+03,1.048289038864918894e+03,1.048596704755576866e+03,1.048898068850751997e+03,1.049193124971688121e+03,1.000000000000000000e+00
1.812312785466840978e+03,1.752907931827344100e+03,1.687317427432817567e+03,1.421190767576218605e+03,1.156489709447530231e+03,1.115844324134109229e+03,1.062875725252312577e+03,9.866387989608965654e+02,1.052019175887095798e+03,1.240711585324033877e+03,1.355947106619739316e+03,1.553584710262368390e+03,1.487465624393253847e+03,1.360947036640113765e+03,1.334274684566182032e+03,1.385940483720634347e+03,1.496045185160485289e+03,1.495245279842727086e+03,1.606583066655938637e+03,1.563701387357321892e+03,1.514785163818220781e+03,1.454487958552631881e+03,1.377116780302487768e+03,1.346250784462315778e+03,1.315330352860139556e+03,1.359809198943016781e+03,1.391628167868490891e+03,1.419964695469515846e+03,1.373839015837925899e+03,1.409821414768038494e+03,1.383820775565737677e+03,1.513031436923563206e+03,1.571949838235722837e+03,1.676404650833558208e+03,1.617870238370346669e+03,1.517506251642676943e+03,1.658672733228866491e+03,1.750651401674926092e+03,1.706885587937972559e+03,1.693552605415118478e+03,1.759460940344863729e+03,1.715575190190354760e+03,1.676920926696885999e+03,1.580676819067336965e+03,1.403612982095781717e+03,1.356893748629277297e+03,1.201520881919155272e+03,1.069982333822517376e+03,1.054186937151142729e+03,1.039270444273829980e+03,1.035964159943678851e+03,9.529209188643180823e+02,8.722858527895594989e+02,8.448075921988172468e+02,7.763635990783691341e+02,8.018781039300699831e+02,8.330226476400790716e+02,8.850531944646438660e+02,8.766388003172128265e+02,8.648095386769065271e+02,9.365897091494633742e+02,8.987063434624733418e+02,9.497674673943871539e+02,9.625261665011646528e+02,9.649419367026564487e+02,9.501859177787123372e+02,9.724343904083114012e+02,1.001207179381813830e+03,9.919476701265424481e+02,1.018484192422894921e+03,1.018853010608638897e+03,1.020276689482775510e+03,1.026375891532748483e+03,1.039509112909578562e+03,1.047160044322604790e+03,1.047497370718578850e+03,1.047828888758874655e+03,1.048154495608315074e+03,1.048474112262118297e+03,1.048787590344367118e+03,1.000000000000000000e+00
1.801676305737738403e+03,1.738312196742898323e+03,1.878041198395309948e+03,1.812199420537172273e+03,1.749761980310913714e+03,1.658385291128361587e+03,1.420297543351440709e+03,1.133652305830078149e+03,1.100304499403841419e+03,1.062445663533336301e+03,9.862665510676595204e+02,1.075702269233454672e+03,1.241743225346072904e+03,1.357685872555258811e+03,1.555743678092389018e+03,1.485887374278712969e+03,1.373569492840370685e+03,1.334367466190480627e+03,1.386659892388483740e+03,1.497569886484588778e+03,1.500635201260301073e+03,1.560163537082346465e+03,1.562969024784767498e+03,1.486992672996862893e+03,1.471030569827605632e+03,1.397256101057861542e+03,1.347131259082446149e+03,1.325573645040588872e+03,1.360186719315197706e+03,1.367639101597845183e+03,1.420018273575948569e+03,1.371104181927420768e+03,1.395114491924518461e+03,1.384288260544463810e+03,1.513602522063055858e+03,1.549347329856067518e+03,1.676208289715145384e+03,1.647741912915361354e+03,1.507950082210320033e+03,1.640100474998978370e+03,1.751451898529260234e+03,1.737989967896705366e+03,1.694249113195057589e+03,1.760253319863486922e+03,1.713487264372424306e+03,1.675708621995015392e+03,1.564785161556049843e+03,1.402555213848788753e+03,1.356021294787523175e+03,1.193615240599746130e+03,1.075250097455165815e+03,1.058265254491085898e+03,1.039028833790201134e+03,1.005485050422767017e+03,9.529227179892485537e+02,8.786867434955320277e+02,8.438792302295596528e+02,7.768876303648929706e+02,8.131696354968755713e+02,8.333910746819803990e+02,8.677459404184576215e+02,8.771867587417688128e+02,8.651909672359570322e+02,9.371026389717045504e+02,9.064385702962707683e+02,9.592434077791338041e+02,9.564514592912449871e+02,9.833710272498329914e+02,9.491735675404886479e+02,9.595575425677859585e+02,1.001693335093611040e+03,9.879615577899872960e+02,1.020723381760440247e+03,1.019248774057048649e+03,1.020771807967097402e+03,1.020705878983159323e+03,1.040021999021698775e+03,1.047675352199568579e+03,1.048012703406012633e+03,1.048344203397592082e+03,1.000000000000000000e+00
1.648106819645213363e+03,1.732743946632699362e+03,1.723902343365468369e+03,1.801388043357939068e+03,1.738210986873678166e+03,1.877794750667083918e+03,1.812100495326058990e+03,1.746585092589953092e+03,1.657367363384169039e+03,1.424009002956922131e+03,1.131699904146708604e+03,1.117551155567370188e+03,1.042743416781736641e+03,9.858946658882474594e+02,1.077051660419450400e+03,1.242802424943255573e+03,1.359467050714165907e+03,1.557953453210820044e+03,1.524160675960310300e+03,1.373536052116620795e+03,1.334471320997769908e+03,1.387402510949786119e+03,1.508900533888662949e+03,1.499848733398974673e+03,1.559502450294712844e+03,1.557672477380760938e+03,1.484553098862561228e+03,1.503158884490283754e+03,1.409674787022894179e+03,1.348039660035781026e+03,1.326173878430045079e+03,1.360581746209444418e+03,1.351305762637570751e+03,1.439260814692779377e+03,1.370514850417733896e+03,1.395921765258703317e+03,1.384773175429503226e+03,1.526590648939801213e+03,1.522750172468692881e+03,1.676020213507189965e+03,1.648454622384978393e+03,1.540312132131140061e+03,1.630235043311063919e+03,1.752279063365398997e+03,1.732803104130325210e+03,1.686048084978541510e+03,1.746158328366544538e+03,1.721700014833691966e+03,1.674275284761115472e+03,1.563115144789142960e+03,1.401484345322748823e+03,1.355115717671629454e+03,1.191228395427737723e+03,1.067539145310007143e+03,1.057697358338985850e+03,1.038787402508474770e+03,1.005355787458825830e+03,9.556905460360375173e+02,8.789747198309744363e+02,8.441789988957448259e+02,7.771940551668531043e+02,8.135362020566269621e+02,8.337713245817899406e+02,8.682442270804671125e+02,8.856888122958037002e+02,8.552378049940832625e+02,9.320199279745629610e+02,9.069173408401252345e+02,9.631518840328917577e+02,9.307701839903158998e+02,9.934087699014228292e+02,9.496977651287900244e+02,9.706145617563605583e+02,1.002194896330229767e+03,9.885017023852440161e+02,1.021182910617374432e+03,1.020867623779267092e+03,1.021282587662806691e+03,1.021284478502793490e+03,1.040551117171866508e+03,1.000000000000000000e+00
1.434573073131962474e+03,1.553293852179564055e+03,1.730247326428081124e+03,1.648454680951116416e+03,1.732908933018968128e+03,1.724081539130447254e+03,1.801109559553796771e+03,1.738121027145940161e+03,1.877546844394320260e+03,1.812016905564184299e+03,1.743378378808498383e+03,1.656347712268973282e+03,1.379084933940096789e+03,1.129727127282287256e+03,1.116738648391195738e+03,1.042279105984066973e+03,9.855234652608523902e+02,1.074279406923101988e+03,1.243889704707394912e+03,1.333330099786898927e+03,1.577928078873620962e+03,1.536106092998580607e+03,1.373511266303746879e+03,1.334586920963585953e+03,1.367808005266208511e+03,1.510582373338033221e+03,1.499058382777049474e+03,1.589853460331276665e+03,1.545141305019384163e+03,1.473039392748275077e+03,1.476705202248825117e+03,1.385019868294862363e+03,1.347309264589162240e+03,1.326796105751133837e+03,1.360994838000624441e+03,1.345673562883364639e+03,1.439353038570022818e+03,1.374470717911196971e+03,1.396753806681471815e+03,1.369210083378579384e+03,1.538992113651716181e+03,1.524331781870075019e+03,1.675841221918632073e+03,1.649191404529223746e+03,1.540960181901930582e+03,1.631505035607891386e+03,1.754272573852605774e+03,1.732651535180212022e+03,1.663396086636758355e+03,1.746969077436201587e+03,1.719537517268690863e+03,1.673039629196812257e+03,1.561421871450057552e+03,1.400401045225911275e+03,1.354200790340559251e+03,1.190546156868677144e+03,1.066910120552019407e+03,1.072017849810901225e+03,1.038546511371720044e+03,1.005228803792780582e+03,9.557271912006316370e+02,8.727572944329283473e+02,8.444890032684237440e+02,7.823015751989097453e+02,8.139144048509920140e+02,8.341636364812248985e+02,8.687574758580988146e+02,8.741959837050928854e+02,8.556390964951124261e+02,9.325507435504475779e+02,9.074108028934155072e+02,9.637207686260245509e+02,9.264361777425627906e+02,9.981630111308140840e+02,9.562766365278428111e+02,9.641731853692373306e+02,1.007082885982177459e+03,9.890582999208024830e+02,1.021657080192617059e+03,1.021308247818570521e+03,1.000000000000000000e+00
1.283657622335280394e+03,1.387184120470587914e+03,1.568674173027143524e+03,1.422353811150002912e+03,1.553628863271474756e+03,1.729923032993724291e+03,1.659376712606582032e+03,1.733079184431186832e+03,1.713461641946859118e+03,1.784541560304642871e+03,1.767555621006496949e+03,1.877297807654344979e+03,1.811949442639022891e+03,1.784725403216754785e+03,1.655326696718989524e+03,1.367340074156606988e+03,1.112860366488911268e+03,1.115921141157282136e+03,1.041814923121409265e+03,1.000244739311564331e+03,1.086453745028565891e+03,1.245005485199201303e+03,1.340328919404329099e+03,1.575261691917594362e+03,1.528524764653930333e+03,1.313415554012223083e+03,1.334714723857212675e+03,1.368483350678247461e+03,1.512306861169164222e+03,1.534138892968187520e+03,1.589168796720724458e+03,1.542883833707590838e+03,1.471755499774361851e+03,1.478242896564994680e+03,1.386307132762164201e+03,1.348278960850928343e+03,1.327441066062365508e+03,1.389052592631090874e+03,1.346443667575736526e+03,1.439458192787826192e+03,1.378829459627827646e+03,1.392734324812343402e+03,1.391110232544677956e+03,1.539677041248709656e+03,1.525955591516460800e+03,1.669050868237739451e+03,1.649952628444625134e+03,1.541630314119749528e+03,1.632811205598118704e+03,1.756130111201063755e+03,1.732508968033780093e+03,1.660534231422582707e+03,1.747806810096416029e+03,1.717347290852598235e+03,1.647308551252219331e+03,1.515836288941955445e+03,1.399305743446834640e+03,1.345640665107758196e+03,1.189857387555523928e+03,1.066274616850086659e+03,1.067813759380516558e+03,1.038306513884553169e+03,1.005104410588137625e+03,9.557694163493229098e+02,8.730826187157400682e+02,8.448096550997266831e+02,7.922311505444192790e+02,8.143045485809170714e+02,8.345682496119849247e+02,8.692859546199210854e+02,8.855904318655875613e+02,8.679957219926450307e+02,9.330974144387699880e+02,9.304867322058138370e+02,9.460944898461619914e+02,9.159103895630006491e+02,1.002665157336862194e+03,9.568378114350224450e+02,9.646844726644865204e+02,1.015517933744408310e+03,1.000000000000000000e+00
1.148804276759095046e+03,1.214873558773802870e+03,1.298875080869853264e+03,1.246981322546761930e+03,1.387476371019874477e+03,1.546810945743172624e+03,1.422313222223441244e+03,1.554842157120561069e+03,1.729593857268845113e+03,1.659177548788301920e+03,1.733995348425291013e+03,1.734550277436034094e+03,1.784252907609497925e+03,1.730503109817641871e+03,1.878781766099151810e+03,1.811899022133190101e+03,1.781181613725423631e+03,1.676362925861864369e+03,1.366236533693790989e+03,1.110853401761823534e+03,1.115098969549223966e+03,1.041351188357481988e+03,1.008819190970934301e+03,1.090130036124464596e+03,1.220999883478921902e+03,1.315604715772797135e+03,1.572568803906661969e+03,1.519152783169512986e+03,1.313460070304178316e+03,1.428207077880137149e+03,1.369181505023595491e+03,1.514074873955197745e+03,1.542986727782857088e+03,1.588483616781212277e+03,1.540606368935376167e+03,1.469280986936617865e+03,1.424544327749021704e+03,1.387631307925406873e+03,1.349278754705715301e+03,1.328109373835325641e+03,1.389516894503925641e+03,1.347235495920423091e+03,1.439576774757192197e+03,1.376676837281970165e+03,1.393324309333976089e+03,1.379764728116464994e+03,1.540386166983322710e+03,1.527622539232553208e+03,1.668933879337288545e+03,1.650739152207769393e+03,1.546063570527730462e+03,1.634154234515727694e+03,1.774261678250422847e+03,1.746567630264136142e+03,1.643174798327184362e+03,1.759339382056151180e+03,1.719010105667740390e+03,1.646084794704570868e+03,1.514199930010022172e+03,1.398199035192290921e+03,1.344705857946772539e+03,1.183127344182564457e+03,1.071691594587174905e+03,1.067215590958682924e+03,1.052565306911568541e+03,1.004982993709296352e+03,9.558173741151166496e+02,8.642640045858020130e+02,8.343970416605966420e+02,7.925945403362834440e+02,8.221755740404317976e+02,8.400852862931901655e+02,8.698298789997490985e+02,8.862261061682731906e+02,8.749955937189251927e+02,9.408743142807600179e+02,9.310129145394437273e+02,9.466874257226048712e+02,9.108944062687047563e+02,1.005395971880718093e+03,1.000000000000000000e+00
1.066462140318308684e+03,1.167919749448869197e+03,1.100167641909313943e+03,1.148813599373854231e+03,1.214958786418197633e+03,1.298867286207577081e+03,1.267620771683162275e+03,1.419476224358180843e+03,1.546675822771543380e+03,1.397697432566809084e+03,1.555152225475773776e+03,1.729259752611808835e+03,1.631506828650593889e+03,1.733374015189832789e+03,1.734762875314098437e+03,1.777880318007355527e+03,1.742250122281789572e+03,1.874118940390208309e+03,1.802780696452955908e+03,1.777608200828852659e+03,1.672153093414953219e+03,1.365129622797421007e+03,1.135062306531461672e+03,1.114272628640668927e+03,1.040888388229990142e+03,1.004284862279678919e+03,1.090415296022735220e+03,1.222157208792023994e+03,1.317808099850818962e+03,1.569850463296142152e+03,1.516807899433403691e+03,1.289571797528896695e+03,1.455356876911223708e+03,1.361922927496092598e+03,1.551462469079545144e+03,1.550889743702426131e+03,1.546049409926542467e+03,1.505439703332811860e+03,1.466784430979342460e+03,1.426091262158685595e+03,1.388992931524735923e+03,1.342728990348707612e+03,1.335881616080204822e+03,1.390001631808110233e+03,1.355838846919166599e+03,1.439709456645991850e+03,1.377264219592614381e+03,1.393936266973917782e+03,1.380430064386475351e+03,1.541120196048634625e+03,1.556547142677665306e+03,1.668828748789221663e+03,1.599629058026740495e+03,1.573350006303562168e+03,1.635534970427778717e+03,1.776242188415744977e+03,1.747691091903385086e+03,1.611877767938258330e+03,1.797650652226750253e+03,1.716753904218874368e+03,1.625584858503675150e+03,1.485981863548026240e+03,1.397081471114526039e+03,1.343763136088183728e+03,1.182419290100186799e+03,1.071036763642498045e+03,1.066612448348727412e+03,1.052314809563108611e+03,1.014597351515445325e+03,9.428717814781343804e+02,8.645913187286407720e+02,8.105652637547126460e+02,7.929694625950356794e+02,8.226076570918378366e+02,8.387238542618598558e+02,8.703895997842796532e+02,8.868796662840786666e+02,8.754563859759209663e+02,9.235448865369532996e+02,9.247059341191769590e+02,1.000000000000000000e+00
8.772064865266544302e+02,8.731212386105482892e+02,9.432304375527373850e+02,1.066799040486809872e+03,1.134777450336271613e+03,1.100232792994920146e+03,1.148824585744059732e+03,1.215047159109270979e+03,1.298861424614125553e+03,1.274972003926829302e+03,1.419667164126302850e+03,1.546539503716336640e+03,1.397688189927856001e+03,1.555470105543427280e+03,1.728920844854031202e+03,1.638045960915005708e+03,1.726741663524546766e+03,1.745360573406841240e+03,1.781190308666588862e+03,1.809359875722325341e+03,1.874816237523806649e+03,1.802821603932869039e+03,1.774006337490119222e+03,1.574071889941619474e+03,1.343918035682030904e+03,1.132887072553686039e+03,1.166249354481292812e+03,1.031649719285654555e+03,1.004182704740889108e+03,1.088762955760829755e+03,1.223344132453139991e+03,1.339345473778439782e+03,1.567107260115136341e+03,1.498447380366186280e+03,1.289692575251373910e+03,1.455522218711278356e+03,1.372200421440117680e+03,1.553306928626667741e+03,1.550113168943604251e+03,1.546233716291263363e+03,1.508122007928144058e+03,1.464266836416925344e+03,1.427680192143975546e+03,1.390392836853254721e+03,1.343718016975455839e+03,1.349250788319709272e+03,1.367750746018753034e+03,1.356653144770854624e+03,1.421531694393120915e+03,1.377872392534702158e+03,1.372641531993920353e+03,1.381117414437448360e+03,1.541879929346025392e+03,1.528557871454039741e+03,1.668736394646071403e+03,1.600422389756950452e+03,1.581622441954472379e+03,1.636954137750428799e+03,1.778168804801594888e+03,1.738303691385144475e+03,1.591515851897651373e+03,1.798554405097401286e+03,1.705860663961755563e+03,1.624363855989601916e+03,1.484351110148533053e+03,1.379802126343449117e+03,1.328255044811059861e+03,1.162452477619607180e+03,1.063618102676364515e+03,1.066004757981112107e+03,1.052066143453027053e+03,1.000155526298293807e+03,9.328370785863302217e+02,8.649297187378696208e+02,7.998620866621849927e+02,7.933561266939755114e+02,8.329931533561177730e+02,8.372189427546435354e+02,8.709653235260286692e+02,8.940980149772333334e+02,1.000000000000000000e+00
6.863436681324997153e+02,8.219855855788505323e+02,8.614614069196879882e+02,8.770958706473713846e+02,8.730234305957895913e+02,9.268249316485234885e+02,1.067142410765980912e+03,1.156921754356347492e+03,1.100300814338219652e+03,1.148837336094676175e+03,1.215138808272760571e+03,1.334890765292141623e+03,1.274789653987970269e+03,1.434267573144039488e+03,1.546402186827577680e+03,1.397681663544162120e+03,1.555795828215361780e+03,1.728576995158818136e+03,1.584095049326473600e+03,1.732251744926064930e+03,1.745552236256311062e+03,1.780820807692449080e+03,1.803920567179345653e+03,1.875540445637970151e+03,1.818661537595645768e+03,1.819856950697096181e+03,1.528494403228993633e+03,1.342744824636741214e+03,1.144265380935315761e+03,1.137413489697435125e+03,1.042672607144989342e+03,1.004087143812138379e+03,1.103334146083200267e+03,1.238140849311809234e+03,1.341210610266356525e+03,1.589792351866188255e+03,1.496203985114204443e+03,1.289826076056283455e+03,1.455701635552785319e+03,1.372888858942299294e+03,1.589233306888733068e+03,1.549336327062153714e+03,1.511855914639154889e+03,1.505863608221087361e+03,1.461729170035963989e+03,1.429312001820493833e+03,1.391831914428522396e+03,1.328292866654762292e+03,1.364207905120878422e+03,1.368263509032077309e+03,1.357490060488344625e+03,1.421692327156453757e+03,1.374405959956210609e+03,1.383977716986735231e+03,1.381827392817336658e+03,1.538554287875583213e+03,1.532559258783580617e+03,1.668657487643155491e+03,1.607231086860910636e+03,1.577953088986277635e+03,1.638412469030130296e+03,1.779217923962562963e+03,1.745208258412104669e+03,1.592187739723223103e+03,1.787846097277724084e+03,1.703586873077368182e+03,1.623134474814883788e+03,1.442356527502310200e+03,1.378640459195439007e+03,1.327283951748121581e+03,1.161750226461115290e+03,1.062953493260566347e+03,1.065392913514240263e+03,1.051819583665193022e+03,1.000027142106521183e+03,9.329415301346632532e+02,8.704682835423200231e+02,8.002054749142704395e+02,8.021923144062880056e+02,8.334554215882853896e+02,1.000000000000000000e+00
5.351065735491090436e+02,5.366738303784447908e+02,5.842050279845071827e+02,6.865034526318656845e+02,8.223131222976010122e+02,8.688741801998601204e+02,8.769850635003650723e+02,8.729256720039867332e+02,9.415725381763918449e+02,1.067492466352138081e+03,1.157013926037189322e+03,1.100371869710505507e+03,1.134501221956658355e+03,1.215233737821378554e+03,1.332821979788026965e+03,1.274607273611419259e+03,1.394471610130114186e+03,1.549552397458927089e+03,1.411301361621526667e+03,1.570719080959039275e+03,1.703026629918458411e+03,1.583943180955706339e+03,1.732464821473069151e+03,1.759606555120821213e+03,1.780462387139938983e+03,1.764015061248433312e+03,1.876292404438500853e+03,1.818728523960716302e+03,1.815914560462817690e+03,1.524756220719387102e+03,1.307162139893008316e+03,1.142820365533091262e+03,1.136570941795777344e+03,1.030299209010008326e+03,1.003998572575746493e+03,1.097093517905655972e+03,1.244692572645413520e+03,1.343119740512558792e+03,1.557997441459098354e+03,1.493941775348151623e+03,1.289972939038596678e+03,1.455895834542922330e+03,1.373601126491314062e+03,1.634941789726688512e+03,1.548559707188819630e+03,1.512136065045335954e+03,1.503589639793294509e+03,1.459172361919668674e+03,1.430987488102601901e+03,1.385328692350765550e+03,1.329383791363081627e+03,1.365135372823591069e+03,1.392007379345182699e+03,1.358350045192064499e+03,1.421866789950081511e+03,1.359199343255600752e+03,1.384582463650034242e+03,1.382560527813027647e+03,1.539385835385481641e+03,1.521089152932216621e+03,1.683003275470799963e+03,1.547909992724068616e+03,1.578742598559364978e+03,1.651090656827397424e+03,1.768596736125423831e+03,1.745846125340160597e+03,1.628335664814856955e+03,1.800250481231720414e+03,1.705752813682576289e+03,1.621897245595391269e+03,1.440753362727939930e+03,1.363245286259420936e+03,1.326306304118831349e+03,1.173719637193599283e+03,1.055406418248282307e+03,1.038015507688279740e+03,1.087504397851242629e+03,9.999026491239646930e+02,9.409522735516710554e+02,8.709974427131103312e+02,1.000000000000000000e+00
5.714360389331241095e+02,5.364050623623494403e+02,5.422042123994081066e+02,5.351420820464770713e+02,5.442158357285982220e+02,5.843476602086478806e+02,6.866665511408748444e+02,8.226466192597856661e+02,8.586780607107930336e+02,8.701591595753210413e+02,8.728280553406934814e+02,9.185476141352057766e+02,1.065877261698009988e+03,1.157108958160524253e+03,1.100445951028549871e+03,1.123942204789267635e+03,1.277985215838254135e+03,1.348228000243881070e+03,1.255766560569340299e+03,1.394676008040719353e+03,1.548942003015053615e+03,1.413789209072355106e+03,1.571038052537154499e+03,1.702568533373735818e+03,1.622695609585193779e+03,1.732683763722802723e+03,1.759940231828634296e+03,1.780115784908256956e+03,1.763695054139303011e+03,1.865707037593643236e+03,1.821107340557166708e+03,1.875872340436764716e+03,1.520987276979384433e+03,1.306015910881333184e+03,1.141366129632985803e+03,1.135725635067835583e+03,1.022202247839635220e+03,1.003917466713819863e+03,1.064569459160104088e+03,1.277425027647012257e+03,1.345073632456059386e+03,1.532635056340600158e+03,1.517835799225924802e+03,1.261469305644995529e+03,1.456105202166889285e+03,1.374337872248029726e+03,1.665029771609091313e+03,1.582489744931082441e+03,1.512433326179127562e+03,1.501301060686747178e+03,1.456597430202386477e+03,1.429557789474460151e+03,1.363152798895789601e+03,1.330507509481210036e+03,1.366092818996413143e+03,1.399909884252315805e+03,1.359233516636648119e+03,1.419031904682968843e+03,1.352072382804704603e+03,1.410113505687068027e+03,1.383361324784396174e+03,1.543431884462802373e+03,1.525274281080404762e+03,1.682956549085113238e+03,1.536362109505122817e+03,1.579558059194932412e+03,1.676782699195992791e+03,1.770759250967103071e+03,1.746509627000058117e+03,1.627904419941241940e+03,1.800449155221773481e+03,1.703422600036624317e+03,1.624210663411954329e+03,1.439133932079914530e+03,1.362082375679275856e+03,1.321885839766517165e+03,1.172988737311550040e+03,1.064100981721926701e+03,1.037423034265531442e+03,1.087243735679984411e+03,1.000000000000000000e+00
