5.021645464281920344e+07,4.561214656504775584e+07,4.100833872294214368e+07,3.647019946901804209e+07,3.209390067009102553e+07,2.771503247173837945e+07,2.343596936977861822e+07,1.935905723831715435e+07,1.538193284934527241e+07,1.160692505469356291e+07,8.077417182025151327e+06,4.830576696008381434e+06,2.101973608844186645e+06,0.000000000000000000e+00,0.000000000000000000e+00,0.000000000000000000e+00,0.000000000000000000e+00,0.000000000000000000e+00,0.000000000000000000e+00,0.000000000000000000e+00,0.000000000000000000e+00,0.000000000000000000e+00,0.000000000000000000e+00,0.000000000000000000e+00,0.000000000000000000e+00,0.000000000000000000e+00,0.000000000000000000e+00,0.000000000000000000e+00,0.000000000000000000e+00,0.000000000000000000e+00,0.000000000000000000e+00,0.000000000000000000e+00,0.000000000000000000e+00,0.000000000000000000e+00,0.000000000000000000e+00,0.000000000000000000e+00,0.000000000000000000e+00,0.000000000000000000e+00,0.000000000000000000e+00,0.000000000000000000e+00,0.000000000000000000e+00,0.000000000000000000e+00,0.000000000000000000e+00,0.000000000000000000e+00,0.000000000000000000e+00,0.000000000000000000e+00,0.000000000000000000e+00,0.000000000000000000e+00,0.000000000000000000e+00,0.000000000000000000e+00,0.000000000000000000e+00,0.000000000000000000e+00,0.000000000000000000e+00,0.000000000000000000e+00,0.000000000000000000e+00,0.000000000000000000e+00,0.000000000000000000e+00,0.000000000000000000e+00,0.000000000000000000e+00,0.000000000000000000e+00,0.000000000000000000e+00,0.000000000000000000e+00,0.000000000000000000e+00,0.000000000000000000e+00,0.000000000000000000e+00,0.000000000000000000e+00,0.000000000000000000e+00,0.000000000000000000e+00,0.000000000000000000e+00,0.000000000000000000e+00,0.000000000000000000e+00,0.000000000000000000e+00,0.000000000000000000e+00,0.000000000000000000e+00,0.000000000000000000e+00,0.000000000000000000e+00,0.000000000000000000e+00,0.000000000000000000e+00,0.000000000000000000e+00,0.000000000000000000e+00,1.000000000000000000e+00
6.287726127109821141e+07,5.806391123945790529e+07,5.334412460977945477e+07,4.863413493303540349e+07,4.402083018618819863e+07,3.943286145456673205e+07,3.497571449053019285e+07,3.055322656384142116e+07,2.623364704768914729e+07,2.207590146375491098e+07,1.800244485918797925e+07,1.409080213569417410e+07,1.038746681274282001e+07,6.948218399985372089e+06,3.844318448624600191e+06,1.295803971909357002e+06,0.000000000000000000e+00,0.000000000000000000e+00,0.000000000000000000e+00,0.000000000000000000e+00,0.000000000000000000e+00,0.000000000000000000e+00,0.000000000000000000e+00,0.000000000000000000e+00,0.000000000000000000e+00,0.000000000000000000e+00,0.000000000000000000e+00,0.000000000000000000e+00,0.000000000000000000e+00,0.000000000000000000e+00,0.000000000000000000e+00,0.000000000000000000e+00,0.000000000000000000e+00,0.000000000000000000e+00,0.000000000000000000e+00,0.000000000000000000e+00,0.000000000000000000e+00,0.000000000000000000e+00,0.000000000000000000e+00,0.000000000000000000e+00,0.000000000000000000e+00,0.000000000000000000e+00,0.000000000000000000e+00,0.000000000000000000e+00,0.000000000000000000e+00,0.000000000000000000e+00,0.000000000000000000e+00,0.000000000000000000e+00,0.000000000000000000e+00,0.000000000000000000e+00,0.000000000000000000e+00,0.000000000000000000e+00,0.000000000000000000e+00,0.000000000000000000e+00,0.000000000000000000e+00,0.000000000000000000e+00,0.000000000000000000e+00,0.000000000000000000e+00,0.000000000000000000e+00,0.000000000000000000e+00,0.000000000000000000e+00,0.000000000000000000e+00,0.000000000000000000e+00,0.000000000000000000e+00,0.000000000000000000e+00,0.000000000000000000e+00,0.000000000000000000e+00,0.000000000000000000e+00,0.000000000000000000e+00,0.000000000000000000e+00,0.000000000000000000e+00,0.000000000000000000e+00,0.000000000000000000e+00,0.000000000000000000e+00,0.000000000000000000e+00,0.000000000000000000e+00,0.000000000000000000e+00,0.000000000000000000e+00,0.000000000000000000e+00,0.000000000000000000e+00,1.000000000000000000e+00
7.587267144324806333e+07,7.096514267825058103e+07,6.605495114037235826e+07,6.125072530319821835e+07,5.645007445184411108e+07,5.173058667975000292e+07,4.705503866263422370e+07,4.250410195754282922e+07,3.792577293639148772e+07,3.348137378056007624e+07,2.908405230405541509e+07,2.479894829260771722e+07,2.064156383353689685e+07,1.663669852107588015e+07,1.281534448342060670e+07,9.192980873254802078e+06,5.831584111877679825e+06,2.904709655396042392e+06,6.540489666224785615e+05,0.000000000000000000e+00,0.000000000000000000e+00,0.000000000000000000e+00,0.000000000000000000e+00,0.000000000000000000e+00,0.000000000000000000e+00,0.000000000000000000e+00,0.000000000000000000e+00,0.000000000000000000e+00,0.000000000000000000e+00,0.000000000000000000e+00,0.000000000000000000e+00,0.000000000000000000e+00,0.000000000000000000e+00,0.000000000000000000e+00,0.000000000000000000e+00,0.000000000000000000e+00,0.000000000000000000e+00,0.000000000000000000e+00,0.000000000000000000e+00,0.000000000000000000e+00,0.000000000000000000e+00,0.000000000000000000e+00,0.000000000000000000e+00,0.000000000000000000e+00,0.000000000000000000e+00,0.000000000000000000e+00,0.000000000000000000e+00,0.000000000000000000e+00,0.000000000000000000e+00,0.000000000000000000e+00,0.000000000000000000e+00,0.000000000000000000e+00,0.000000000000000000e+00,0.000000000000000000e+00,0.000000000000000000e+00,0.000000000000000000e+00,0.000000000000000000e+00,0.000000000000000000e+00,0.000000000000000000e+00,0.000000000000000000e+00,0.000000000000000000e+00,0.000000000000000000e+00,0.000000000000000000e+00,0.000000000000000000e+00,0.000000000000000000e+00,0.000000000000000000e+00,0.000000000000000000e+00,0.000000000000000000e+00,0.000000000000000000e+00,0.000000000000000000e+00,0.000000000000000000e+00,0.000000000000000000e+00,0.000000000000000000e+00,0.000000000000000000e+00,0.000000000000000000e+00,0.000000000000000000e+00,0.000000000000000000e+00,0.000000000000000000e+00,0.000000000000000000e+00,0.000000000000000000e+00,1.000000000000000000e+00
8.919945902049070597e+07,8.419471750687088072e+07,7.919348053794327378e+07,7.419266673901909590e+07,6.927918889831367135e+07,6.440961158693566918e+07,5.962118334874864668e+07,5.484565358149503917e+07,5.014198795487736166e+07,4.549778533840901405e+07,4.091615761794258654e+07,3.637850214181216806e+07,3.202750581474016607e+07,2.761813843545389175e+07,2.336441473742446303e+07,1.928492656501746178e+07,1.531143827582042105e+07,1.154316041609747894e+07,8.014166288139654323e+06,4.783316789271336980e+06,2.036541654103612294e+06,0.000000000000000000e+00,0.000000000000000000e+00,0.000000000000000000e+00,0.000000000000000000e+00,0.000000000000000000e+00,0.000000000000000000e+00,0.000000000000000000e+00,0.000000000000000000e+00,0.000000000000000000e+00,0.000000000000000000e+00,0.000000000000000000e+00,0.000000000000000000e+00,0.000000000000000000e+00,0.000000000000000000e+00,0.000000000000000000e+00,0.000000000000000000e+00,0.000000000000000000e+00,0.000000000000000000e+00,0.000000000000000000e+00,0.000000000000000000e+00,0.000000000000000000e+00,0.000000000000000000e+00,0.000000000000000000e+00,0.000000000000000000e+00,0.000000000000000000e+00,0.000000000000000000e+00,0.000000000000000000e+00,0.000000000000000000e+00,0.000000000000000000e+00,0.000000000000000000e+00,0.000000000000000000e+00,0.000000000000000000e+00,0.000000000000000000e+00,0.000000000000000000e+00,0.000000000000000000e+00,0.000000000000000000e+00,0.000000000000000000e+00,0.000000000000000000e+00,0.000000000000000000e+00,0.000000000000000000e+00,0.000000000000000000e+00,0.000000000000000000e+00,0.000000000000000000e+00,0.000000000000000000e+00,0.000000000000000000e+00,0.000000000000000000e+00,0.000000000000000000e+00,0.000000000000000000e+00,0.000000000000000000e+00,0.000000000000000000e+00,0.000000000000000000e+00,0.000000000000000000e+00,0.000000000000000000e+00,0.000000000000000000e+00,0.000000000000000000e+00,0.000000000000000000e+00,0.000000000000000000e+00,0.000000000000000000e+00,0.000000000000000000e+00,1.000000000000000000e+00
1.027457383475228399e+08,9.765317466237652302e+07,9.253613942712174356e+07,8.745673406969021261e+07,8.249566745871709287e+07,7.748536091107241809e+07,7.255928282071796060e+07,6.767089644652956724e+07,6.277057156667328626e+07,5.796071966829411685e+07,5.323514129736241698e+07,4.855661519325695932e+07,4.390654149577862024e+07,3.934076841520297527e+07,3.487480830034401268e+07,3.048695072175204754e+07,2.615239019832492992e+07,2.199207258996393159e+07,1.792535974584745616e+07,1.403596277419958822e+07,1.030525756539029442e+07,6.897525066597259603e+06,3.806504773907155730e+06,1.261497657172069885e+06,0.000000000000000000e+00,0.000000000000000000e+00,0.000000000000000000e+00,0.000000000000000000e+00,0.000000000000000000e+00,0.000000000000000000e+00,0.000000000000000000e+00,0.000000000000000000e+00,0.000000000000000000e+00,0.000000000000000000e+00,0.000000000000000000e+00,0.000000000000000000e+00,0.000000000000000000e+00,0.000000000000000000e+00,0.000000000000000000e+00,0.000000000000000000e+00,0.000000000000000000e+00,0.000000000000000000e+00,0.000000000000000000e+00,0.000000000000000000e+00,0.000000000000000000e+00,0.000000000000000000e+00,0.000000000000000000e+00,0.000000000000000000e+00,0.000000000000000000e+00,0.000000000000000000e+00,0.000000000000000000e+00,0.000000000000000000e+00,0.000000000000000000e+00,0.000000000000000000e+00,0.000000000000000000e+00,0.000000000000000000e+00,0.000000000000000000e+00,0.000000000000000000e+00,0.000000000000000000e+00,0.000000000000000000e+00,0.000000000000000000e+00,0.000000000000000000e+00,0.000000000000000000e+00,0.000000000000000000e+00,0.000000000000000000e+00,0.000000000000000000e+00,0.000000000000000000e+00,0.000000000000000000e+00,0.000000000000000000e+00,0.000000000000000000e+00,0.000000000000000000e+00,0.000000000000000000e+00,0.000000000000000000e+00,0.000000000000000000e+00,0.000000000000000000e+00,0.000000000000000000e+00,0.000000000000000000e+00,0.000000000000000000e+00,0.000000000000000000e+00,0.000000000000000000e+00,1.000000000000000000e+00
1.165299578095768094e+08,1.113589683724495322e+08,1.061976071474696100e+08,1.010303766225439012e+08,9.589454614039808512e+07,9.079013489872331917e+07,8.573888614998549223e+07,8.077184751089350879e+07,7.578041585653492808e+07,7.087632624756579101e+07,6.595098693028652668e+07,6.114404295974327624e+07,5.639034288464909792e+07,5.164956938898259401e+07,4.699929231145519763e+07,4.242710754916676879e+07,3.785237831050258875e+07,3.337747222984704375e+07,2.900859133271255717e+07,2.474573267917195335e+07,2.056718733444005251e+07,1.656597081315140799e+07,1.275756209085416980e+07,9.123333834297848865e+06,5.784152137070299126e+06,2.857742220686338842e+06,6.322453476613280363e+05,0.000000000000000000e+00,0.000000000000000000e+00,0.000000000000000000e+00,0.000000000000000000e+00,0.000000000000000000e+00,0.000000000000000000e+00,0.000000000000000000e+00,0.000000000000000000e+00,0.000000000000000000e+00,0.000000000000000000e+00,0.000000000000000000e+00,0.000000000000000000e+00,0.000000000000000000e+00,0.000000000000000000e+00,0.000000000000000000e+00,0.000000000000000000e+00,0.000000000000000000e+00,0.000000000000000000e+00,0.000000000000000000e+00,0.000000000000000000e+00,0.000000000000000000e+00,0.000000000000000000e+00,0.000000000000000000e+00,0.000000000000000000e+00,0.000000000000000000e+00,0.000000000000000000e+00,0.000000000000000000e+00,0.000000000000000000e+00,0.000000000000000000e+00,0.000000000000000000e+00,0.000000000000000000e+00,0.000000000000000000e+00,0.000000000000000000e+00,0.000000000000000000e+00,0.000000000000000000e+00,0.000000000000000000e+00,0.000000000000000000e+00,0.000000000000000000e+00,0.000000000000000000e+00,0.000000000000000000e+00,0.000000000000000000e+00,0.000000000000000000e+00,0.000000000000000000e+00,0.000000000000000000e+00,0.000000000000000000e+00,0.000000000000000000e+00,0.000000000000000000e+00,0.000000000000000000e+00,0.000000000000000000e+00,0.000000000000000000e+00,0.000000000000000000e+00,0.000000000000000000e+00,0.000000000000000000e+00,1.000000000000000000e+00
1.306264496988552958e+08,1.253802252497055829e+08,1.200721812730920017e+08,1.147954804919303656e+08,1.095749752779805511e+08,1.043982652445766330e+08,9.928399043473845720e+07,9.419181676857972145e+07,8.910003840896917880e+07,8.413281419048373401e+07,7.906981792366661131e+07,7.410347638132847846e+07,6.916863598289380968e+07,6.434287894443515688e+07,5.955485130531011522e+07,5.476423828414537758e+07,5.007653174787210673e+07,4.542659428249813616e+07,4.082994758327072114e+07,3.632071691189606488e+07,3.190510699407325312e+07,2.756141116551348940e+07,2.329273419388938695e+07,1.921069677634686232e+07,1.524396909532281198e+07,1.147624292779105343e+07,7.957084470371685922e+06,4.742240986180439591e+06,2.002110716353544034e+06,0.000000000000000000e+00,0.000000000000000000e+00,0.000000000000000000e+00,0.000000000000000000e+00,0.000000000000000000e+00,0.000000000000000000e+00,0.000000000000000000e+00,0.000000000000000000e+00,0.000000000000000000e+00,0.000000000000000000e+00,0.000000000000000000e+00,0.000000000000000000e+00,0.000000000000000000e+00,0.000000000000000000e+00,0.000000000000000000e+00,0.000000000000000000e+00,0.000000000000000000e+00,0.000000000000000000e+00,0.000000000000000000e+00,0.000000000000000000e+00,0.000000000000000000e+00,0.000000000000000000e+00,0.000000000000000000e+00,0.000000000000000000e+00,0.000000000000000000e+00,0.000000000000000000e+00,0.000000000000000000e+00,0.000000000000000000e+00,0.000000000000000000e+00,0.000000000000000000e+00,0.000000000000000000e+00,0.000000000000000000e+00,0.000000000000000000e+00,0.000000000000000000e+00,0.000000000000000000e+00,0.000000000000000000e+00,0.000000000000000000e+00,0.000000000000000000e+00,0.000000000000000000e+00,0.000000000000000000e+00,0.000000000000000000e+00,0.000000000000000000e+00,0.000000000000000000e+00,0.000000000000000000e+00,0.000000000000000000e+00,0.000000000000000000e+00,0.000000000000000000e+00,0.000000000000000000e+00,0.000000000000000000e+00,0.000000000000000000e+00,0.000000000000000000e+00,1.000000000000000000e+00
1.449481038350370526e+08,1.395553255717370808e+08,1.341938243406406790e+08,1.288263646849437803e+08,1.235647326715098470e+08,1.182785564488564283e+08,1.130920301950431019e+08,1.078096095332079381e+08,1.026423953380433023e+08,9.755935682656420767e+07,9.242084428848299384e+07,8.737895504958859086e+07,8.243059261083868146e+07,7.741440686979161203e+07,7.247005955389289558e+07,6.759135574632267654e+07,6.268833374299943447e+07,5.789131509382981807e+07,5.315066812515089661e+07,4.849121844943954796e+07,4.382922712929011881e+07,3.928567041603122652e+07,3.481402666362016648e+07,3.040189655075950176e+07,2.606789203657403588e+07,2.191123099659511074e+07,1.785748609684284404e+07,1.397175212603560835e+07,1.024470777167481184e+07,6.828207623603407294e+06,3.753183319794944953e+06,1.227194840655763634e+06,0.000000000000000000e+00,0.000000000000000000e+00,0.000000000000000000e+00,0.000000000000000000e+00,0.000000000000000000e+00,0.000000000000000000e+00,0.000000000000000000e+00,0.000000000000000000e+00,0.000000000000000000e+00,0.000000000000000000e+00,0.000000000000000000e+00,0.000000000000000000e+00,0.000000000000000000e+00,0.000000000000000000e+00,0.000000000000000000e+00,0.000000000000000000e+00,0.000000000000000000e+00,0.000000000000000000e+00,0.000000000000000000e+00,0.000000000000000000e+00,0.000000000000000000e+00,0.000000000000000000e+00,0.000000000000000000e+00,0.000000000000000000e+00,0.000000000000000000e+00,0.000000000000000000e+00,0.000000000000000000e+00,0.000000000000000000e+00,0.000000000000000000e+00,0.000000000000000000e+00,0.000000000000000000e+00,0.000000000000000000e+00,0.000000000000000000e+00,0.000000000000000000e+00,0.000000000000000000e+00,0.000000000000000000e+00,0.000000000000000000e+00,0.000000000000000000e+00,0.000000000000000000e+00,0.000000000000000000e+00,0.000000000000000000e+00,0.000000000000000000e+00,0.000000000000000000e+00,0.000000000000000000e+00,0.000000000000000000e+00,0.000000000000000000e+00,0.000000000000000000e+00,0.000000000000000000e+00,1.000000000000000000e+00
1.594667709963603020e+08,1.540144694267392159e+08,1.485965022314850688e+08,1.431104300613415241e+08,1.377301506814777553e+08,1.323532234166672081e+08,1.270231342573305070e+08,1.217057537851232737e+08,1.164445628572168052e+08,1.112426807915669233e+08,1.061187461585356146e+08,1.009299996937457025e+08,9.579751237254713476e+07,9.070267887580013275e+07,8.566413509182612598e+07,8.067258485881525278e+07,7.569701474468496442e+07,7.077157342012776434e+07,6.586214698871567100e+07,6.104010616157965362e+07,5.630855855067937821e+07,5.157755476073487848e+07,4.692465624442461133e+07,4.234986796181994677e+07,3.776636180185303092e+07,3.330750121764922887e+07,2.893917168194136396e+07,2.469237739262308553e+07,2.050510519456724823e+07,1.651376093726523034e+07,1.266252061483896896e+07,9.066049825314348564e+06,5.730500823646630161e+06,2.798376556672932580e+06,5.918529120817547664e+05,0.000000000000000000e+00,0.000000000000000000e+00,0.000000000000000000e+00,0.000000000000000000e+00,0.000000000000000000e+00,0.000000000000000000e+00,0.000000000000000000e+00,0.000000000000000000e+00,0.000000000000000000e+00,0.000000000000000000e+00,0.000000000000000000e+00,0.000000000000000000e+00,0.000000000000000000e+00,0.000000000000000000e+00,0.000000000000000000e+00,0.000000000000000000e+00,0.000000000000000000e+00,0.000000000000000000e+00,0.000000000000000000e+00,0.000000000000000000e+00,0.000000000000000000e+00,0.000000000000000000e+00,0.000000000000000000e+00,0.000000000000000000e+00,0.000000000000000000e+00,0.000000000000000000e+00,0.000000000000000000e+00,0.000000000000000000e+00,0.000000000000000000e+00,0.000000000000000000e+00,0.000000000000000000e+00,0.000000000000000000e+00,0.000000000000000000e+00,0.000000000000000000e+00,0.000000000000000000e+00,0.000000000000000000e+00,0.000000000000000000e+00,0.000000000000000000e+00,0.000000000000000000e+00,0.000000000000000000e+00,0.000000000000000000e+00,0.000000000000000000e+00,0.000000000000000000e+00,0.000000000000000000e+00,0.000000000000000000e+00,1.000000000000000000e+00
1.743219806516566575e+08,1.686425663145504892e+08,1.631465014549063742e+08,1.575884872218949497e+08,1.521393307790813148e+08,1.466934773890612721e+08,1.412261142956494093e+08,1.359359638484909534e+08,1.305374150462272763e+08,1.252850622292561084e+08,1.199926576658256948e+08,1.146881674273103625e+08,1.094895643021204621e+08,1.043161595853767693e+08,9.916486870987439156e+07,9.410088251676337421e+07,8.900318451976624131e+07,8.401454325404019654e+07,7.897051108523203433e+07,7.403245841495251656e+07,6.910421293899902701e+07,6.426645272714217007e+07,5.944163180801434070e+07,5.467319521830961108e+07,4.998286425514143705e+07,4.533963060319843888e+07,4.075901110479779541e+07,3.621930677442188561e+07,3.182285290052121133e+07,2.747352265659430623e+07,2.321162827720168605e+07,1.911466914878723398e+07,1.517022588851339370e+07,1.143097131167608127e+07,7.903070534137969837e+06,4.679456210415009409e+06,1.973876285559735727e+06,0.000000000000000000e+00,0.000000000000000000e+00,0.000000000000000000e+00,0.000000000000000000e+00,0.000000000000000000e+00,0.000000000000000000e+00,0.000000000000000000e+00,0.000000000000000000e+00,0.000000000000000000e+00,0.000000000000000000e+00,0.000000000000000000e+00,0.000000000000000000e+00,0.000000000000000000e+00,0.000000000000000000e+00,0.000000000000000000e+00,0.000000000000000000e+00,0.000000000000000000e+00,0.000000000000000000e+00,0.000000000000000000e+00,0.000000000000000000e+00,0.000000000000000000e+00,0.000000000000000000e+00,0.000000000000000000e+00,0.000000000000000000e+00,0.000000000000000000e+00,0.000000000000000000e+00,0.000000000000000000e+00,0.000000000000000000e+00,0.000000000000000000e+00,0.000000000000000000e+00,0.000000000000000000e+00,0.000000000000000000e+00,0.000000000000000000e+00,0.000000000000000000e+00,0.000000000000000000e+00,0.000000000000000000e+00,0.000000000000000000e+00,0.000000000000000000e+00,0.000000000000000000e+00,0.000000000000000000e+00,0.000000000000000000e+00,0.000000000000000000e+00,0.000000000000000000e+00,1.000000000000000000e+00
1.893240935572946370e+08,1.836195136431513429e+08,1.779802332966586947e+08,1.723627989549189210e+08,1.667703375272751153e+08,1.612525529357558489e+08,1.557939377157076895e+08,1.502516850746962726e+08,1.448648955227329731e+08,1.394472970888624489e+08,1.340672169026397318e+08,1.287060485635437667e+08,1.234600424108566046e+08,1.181677970737010092e+08,1.129783283249805123e+08,1.077147331267869771e+08,1.025229132061143667e+08,9.745874114252059162e+07,9.234533671075347066e+07,8.727892461627283692e+07,8.234019362031829357e+07,7.730575276488466561e+07,7.238040385667151213e+07,6.751141103617919981e+07,6.261502982472883165e+07,5.780295427586098015e+07,5.306278248679553717e+07,4.841933258939850330e+07,4.375165932516597956e+07,3.918692810834901780e+07,3.475614489330666512e+07,3.031667678042847291e+07,2.599255645434214920e+07,2.182717673856721818e+07,1.778332214596070349e+07,1.390437479050562158e+07,1.018721263707873784e+07,6.774365242429145612e+06,3.721547312901235651e+06,1.199093022063801531e+06,0.000000000000000000e+00,0.000000000000000000e+00,0.000000000000000000e+00,0.000000000000000000e+00,0.000000000000000000e+00,0.000000000000000000e+00,0.000000000000000000e+00,0.000000000000000000e+00,0.000000000000000000e+00,0.000000000000000000e+00,0.000000000000000000e+00,0.000000000000000000e+00,0.000000000000000000e+00,0.000000000000000000e+00,0.000000000000000000e+00,0.000000000000000000e+00,0.000000000000000000e+00,0.000000000000000000e+00,0.000000000000000000e+00,0.000000000000000000e+00,0.000000000000000000e+00,0.000000000000000000e+00,0.000000000000000000e+00,0.000000000000000000e+00,0.000000000000000000e+00,0.000000000000000000e+00,0.000000000000000000e+00,0.000000000000000000e+00,0.000000000000000000e+00,0.000000000000000000e+00,0.000000000000000000e+00,0.000000000000000000e+00,0.000000000000000000e+00,0.000000000000000000e+00,0.000000000000000000e+00,0.000000000000000000e+00,0.000000000000000000e+00,0.000000000000000000e+00,0.000000000000000000e+00,0.000000000000000000e+00,1.000000000000000000e+00
2.046467939483131170e+08,1.988364112873985469e+08,1.930509081617099643e+08,1.874145312487257719e+08,1.816788570909383297e+08,1.760985568451759815e+08,1.704376449496530592e+08,1.649352484660727978e+08,1.593584986643840969e+08,1.539154573106237948e+08,1.484819417515768707e+08,1.429865707766207159e+08,1.376342715668716431e+08,1.322698327748533338e+08,1.269243220746318400e+08,1.216194890347308218e+08,1.163460397775128037e+08,1.111412385626305044e+08,1.059957870561003536e+08,1.008290119472261816e+08,9.570300262973169982e+07,9.058984968453080952e+07,8.557955583610826731e+07,8.056353231579688191e+07,7.559144252940142155e+07,7.067881183319415152e+07,6.577601847106927633e+07,6.096683200264751166e+07,5.623574769518961012e+07,5.147732346952302009e+07,4.681563356824633479e+07,4.225687988948453218e+07,3.768633467944523692e+07,3.322804038985284418e+07,2.884788948385833949e+07,2.462648347128167003e+07,2.042741500074715167e+07,1.645216551530997455e+07,1.258912534631596878e+07,9.011826889872884378e+06,5.670634276776915416e+06,2.760702833763100207e+06,5.607654173677338986e+05,0.000000000000000000e+00,0.000000000000000000e+00,0.000000000000000000e+00,0.000000000000000000e+00,0.000000000000000000e+00,0.000000000000000000e+00,0.000000000000000000e+00,0.000000000000000000e+00,0.000000000000000000e+00,0.000000000000000000e+00,0.000000000000000000e+00,0.000000000000000000e+00,0.000000000000000000e+00,0.000000000000000000e+00,0.000000000000000000e+00,0.000000000000000000e+00,0.000000000000000000e+00,0.000000000000000000e+00,0.000000000000000000e+00,0.000000000000000000e+00,0.000000000000000000e+00,0.000000000000000000e+00,0.000000000000000000e+00,0.000000000000000000e+00,0.000000000000000000e+00,0.000000000000000000e+00,0.000000000000000000e+00,0.000000000000000000e+00,0.000000000000000000e+00,0.000000000000000000e+00,0.000000000000000000e+00,0.000000000000000000e+00,0.000000000000000000e+00,0.000000000000000000e+00,0.000000000000000000e+00,0.000000000000000000e+00,0.000000000000000000e+00,1.000000000000000000e+00
2.202960765796844959e+08,2.143706786076739430e+08,2.084390520462210774e+08,2.026720391506429613e+08,1.968212012251976728e+08,1.911101709825037122e+08,1.854457983576262891e+08,1.798001561754985154e+08,1.742012136857120097e+08,1.685651549794478416e+08,1.630441531749977469e+08,1.575016059296923876e+08,1.520462073604744077e+08,1.466127722904726565e+08,1.411392352276850343e+08,1.358149898562587500e+08,1.304599962175842971e+08,1.251922367220525891e+08,1.198751513654397428e+08,1.145553280546629280e+08,1.094065888884107023e+08,1.042210044915843606e+08,9.904204831193472445e+07,9.398765778341135383e+07,8.893372064092068374e+07,8.391749215605738759e+07,7.888314288132435083e+07,7.393927829641863704e+07,6.901765857006271183e+07,6.419894882198742032e+07,5.934667933814282715e+07,5.460664517569426447e+07,4.990131394403353333e+07,4.527411383989758790e+07,4.066303383615209162e+07,3.617660860056111962e+07,3.174042389081388712e+07,2.740098882625259086e+07,2.314900059399139136e+07,1.906194529506082088e+07,1.513050308237912506e+07,1.137634599190906063e+07,7.849025243598357774e+06,4.641451165170503780e+06,1.920854153956953902e+06,0.000000000000000000e+00,0.000000000000000000e+00,0.000000000000000000e+00,0.000000000000000000e+00,0.000000000000000000e+00,0.000000000000000000e+00,0.000000000000000000e+00,0.000000000000000000e+00,0.000000000000000000e+00,0.000000000000000000e+00,0.000000000000000000e+00,0.000000000000000000e+00,0.000000000000000000e+00,0.000000000000000000e+00,0.000000000000000000e+00,0.000000000000000000e+00,0.000000000000000000e+00,0.000000000000000000e+00,0.000000000000000000e+00,0.000000000000000000e+00,0.000000000000000000e+00,0.000000000000000000e+00,0.000000000000000000e+00,0.000000000000000000e+00,0.000000000000000000e+00,0.000000000000000000e+00,0.000000000000000000e+00,0.000000000000000000e+00,0.000000000000000000e+00,0.000000000000000000e+00,0.000000000000000000e+00,0.000000000000000000e+00,0.000000000000000000e+00,0.000000000000000000e+00,0.000000000000000000e+00,1.000000000000000000e+00
2.362561815902031958e+08,2.301848176800061166e+08,2.241879280950519443e+08,2.182593225285977721e+08,2.123338002638482451e+08,2.064735029880344570e+08,2.007095084663479328e+08,1.949238206737190485e+08,1.892096338348864317e+08,1.834924374478070736e+08,1.778685195727464259e+08,1.722882144796510339e+08,1.667204924170471728e+08,1.611684809958750308e+08,1.556880890563683510e+08,1.501427296800013483e+08,1.447870037577968240e+08,1.393694581583139896e+08,1.339708354938503206e+08,1.285880533378715068e+08,1.233545993537341505e+08,1.180563194365404397e+08,1.128732529241306782e+08,1.076378223094874024e+08,1.023966081233974546e+08,9.734822832567656040e+07,9.226306197018124163e+07,8.719388401780112088e+07,8.223068572764202952e+07,7.722456100913190842e+07,7.227790879205557704e+07,6.741865639743016660e+07,6.254135278929654509e+07,5.770805212524107844e+07,5.296838580425574630e+07,4.833786042573596537e+07,4.366763800225766748e+07,3.913137594800148159e+07,3.465155866919613630e+07,3.022199290314345434e+07,2.593877958931351081e+07,2.173681330537341163e+07,1.772146764305245504e+07,1.382763558179547265e+07,1.013896908068668284e+07,6.726695729773197323e+06,3.686800871111202054e+06,1.164797986403032904e+06,0.000000000000000000e+00,0.000000000000000000e+00,0.000000000000000000e+00,0.000000000000000000e+00,0.000000000000000000e+00,0.000000000000000000e+00,0.000000000000000000e+00,0.000000000000000000e+00,0.000000000000000000e+00,0.000000000000000000e+00,0.000000000000000000e+00,0.000000000000000000e+00,0.000000000000000000e+00,0.000000000000000000e+00,0.000000000000000000e+00,0.000000000000000000e+00,0.000000000000000000e+00,0.000000000000000000e+00,0.000000000000000000e+00,0.000000000000000000e+00,0.000000000000000000e+00,0.000000000000000000e+00,0.000000000000000000e+00,0.000000000000000000e+00,0.000000000000000000e+00,0.000000000000000000e+00,0.000000000000000000e+00,0.000000000000000000e+00,0.000000000000000000e+00,0.000000000000000000e+00,0.000000000000000000e+00,0.000000000000000000e+00,1.000000000000000000e+00
2.525423973011992276e+08,2.463717725572922528e+08,2.402848871542409658e+08,2.341761575977272093e+08,2.281512160393539965e+08,2.221634961864587963e+08,2.162192313607667089e+08,2.103743499310142100e+08,2.045419116094853878e+08,1.987685249638626873e+08,1.929641521471742094e+08,1.873058255765742958e+08,1.815824032500061691e+08,1.760081671453424692e+08,1.703160994594418406e+08,1.648105153640261292e+08,1.592709797648063302e+08,1.538248117719428539e+08,1.483882027909911871e+08,1.428959860860958099e+08,1.375344444982700944e+08,1.321825257801413685e+08,1.268371498514001071e+08,1.215417911040184200e+08,1.162840509642212838e+08,1.110267080035320371e+08,1.058970165829831064e+08,1.007367240784546137e+08,9.561722380175951123e+07,9.048268494715958834e+07,8.550376776810291409e+07,8.046020606663295627e+07,7.553815774212399125e+07,7.059183486060751975e+07,6.569880519901317358e+07,6.091490515237032622e+07,5.616880668203863502e+07,5.140160529589466751e+07,4.673735578179354221e+07,4.219155845871232450e+07,3.763709762054201961e+07,3.315459543124236539e+07,2.879365190442735702e+07,2.453565999974509701e+07,2.037441572181279585e+07,1.639668517564497702e+07,1.253736677829563431e+07,8.945172293022233993e+06,5.635538342288765125e+06,2.723025231658013072e+06,5.234905617160096299e+05,0.000000000000000000e+00,0.000000000000000000e+00,0.000000000000000000e+00,0.000000000000000000e+00,0.000000000000000000e+00,0.000000000000000000e+00,0.000000000000000000e+00,0.000000000000000000e+00,0.000000000000000000e+00,0.000000000000000000e+00,0.000000000000000000e+00,0.000000000000000000e+00,0.000000000000000000e+00,0.000000000000000000e+00,0.000000000000000000e+00,0.000000000000000000e+00,0.000000000000000000e+00,0.000000000000000000e+00,0.000000000000000000e+00,0.000000000000000000e+00,0.000000000000000000e+00,0.000000000000000000e+00,0.000000000000000000e+00,0.000000000000000000e+00,0.000000000000000000e+00,0.000000000000000000e+00,0.000000000000000000e+00,0.000000000000000000e+00,0.000000000000000000e+00,1.000000000000000000e+00
2.693439609371070266e+08,2.629561529122335017e+08,2.566955216414035261e+08,2.504751138710811734e+08,2.443166988970564902e+08,2.382327243104825020e+08,2.321517761278843880e+08,2.261515273490616381e+08,2.201916241686079800e+08,2.142130815389062464e+08,2.083681040418322980e+08,2.025821722476166189e+08,1.967373011388406157e+08,1.910043163824988604e+08,1.853428631055777371e+08,1.797125939854005873e+08,1.741011100392353535e+08,1.684742814268339872e+08,1.629687436060571671e+08,1.573920213191443384e+08,1.519273122387909591e+08,1.465063289322968125e+08,1.410514885252550542e+08,1.357242286321176887e+08,1.303755679656572938e+08,1.250800237121621966e+08,1.198158858703028560e+08,1.144714530862939060e+08,1.093167398976571262e+08,1.041407326072168201e+08,9.896207517964617908e+07,9.389248680277481675e+07,8.885130624692669511e+07,8.383545018724770844e+07,7.878599626616567373e+07,7.384565858275227249e+07,6.893689733683019876e+07,6.413726327774491906e+07,5.926688691171636432e+07,5.450566073275935650e+07,4.984427980690284073e+07,4.519282977177287638e+07,4.059473243828623742e+07,3.610579637435150146e+07,3.165472177949250117e+07,2.733760454281227291e+07,2.308934716981795430e+07,1.899982224144168198e+07,1.507520510487330146e+07,1.133096329484860413e+07,7.788753298136481084e+06,4.591039055837061256e+06,1.883327137572199572e+06,0.000000000000000000e+00,0.000000000000000000e+00,0.000000000000000000e+00,0.000000000000000000e+00,0.000000000000000000e+00,0.000000000000000000e+00,0.000000000000000000e+00,0.000000000000000000e+00,0.000000000000000000e+00,0.000000000000000000e+00,0.000000000000000000e+00,0.000000000000000000e+00,0.000000000000000000e+00,0.000000000000000000e+00,0.000000000000000000e+00,0.000000000000000000e+00,0.000000000000000000e+00,0.000000000000000000e+00,0.000000000000000000e+00,0.000000000000000000e+00,0.000000000000000000e+00,0.000000000000000000e+00,0.000000000000000000e+00,0.000000000000000000e+00,0.000000000000000000e+00,0.000000000000000000e+00,0.000000000000000000e+00,1.000000000000000000e+00
2.865736431754029393e+08,2.800340053135883808e+08,2.735748923988459706e+08,2.671217791265673637e+08,2.608734949878643155e+08,2.546157285312552452e+08,2.483516162383164465e+08,2.422613354455323219e+08,2.361740764257836342e+08,2.301084991696280539e+08,2.240863707533715367e+08,2.181232440183472037e+08,2.122222447408257723e+08,2.063896074421018958e+08,2.006098248069331050e+08,1.948177022224668562e+08,1.891157429030538499e+08,1.834014927727927566e+08,1.777743394624865651e+08,1.721908296734339297e+08,1.666261455384106040e+08,1.610709957959519625e+08,1.555874931617811024e+08,1.500421671500141621e+08,1.446864905497720838e+08,1.392690332608691454e+08,1.338922569102262259e+08,1.285034170623416752e+08,1.232608198010092080e+08,1.179689530803317279e+08,1.127736996860901266e+08,1.075695633932984173e+08,1.023131302515353858e+08,9.725884990476880968e+07,9.218333143974187970e+07,8.711452239658114314e+07,8.214240426451990008e+07,7.716151718338651955e+07,7.216258117152196169e+07,6.733170680882644653e+07,6.245489903731824458e+07,5.764072351852802187e+07,5.290159070006944239e+07,4.824680742684444785e+07,4.359886907398962975e+07,3.907249514299273491e+07,3.457158566930405796e+07,3.016434343883964419e+07,2.586936110636845604e+07,2.167423412579448149e+07,1.767501622154788300e+07,1.374773753467049450e+07,1.008758056822293997e+07,6.669707366781226359e+06,3.642751150019417983e+06,1.133605606795723317e+06,0.000000000000000000e+00,0.000000000000000000e+00,0.000000000000000000e+00,0.000000000000000000e+00,0.000000000000000000e+00,0.000000000000000000e+00,0.000000000000000000e+00,0.000000000000000000e+00,0.000000000000000000e+00,0.000000000000000000e+00,0.000000000000000000e+00,0.000000000000000000e+00,0.000000000000000000e+00,0.000000000000000000e+00,0.000000000000000000e+00,0.000000000000000000e+00,0.000000000000000000e+00,0.000000000000000000e+00,0.000000000000000000e+00,0.000000000000000000e+00,0.000000000000000000e+00,0.000000000000000000e+00,0.000000000000000000e+00,0.000000000000000000e+00,1.000000000000000000e+00
3.043616485196827650e+08,2.976019642560230494e+08,2.909413864850520492e+08,2.843147064478395581e+08,2.778555261358652115e+08,2.713930197356799245e+08,2.650576808646646142e+08,2.586942191353363693e+08,2.524362298169388771e+08,2.462806287087000906e+08,2.401870574988138676e+08,2.340654695562185645e+08,2.280432322300763726e+08,2.220799911955762804e+08,2.161322869485483170e+08,2.102746804980062544e+08,2.044512902564137280e+08,1.986962994248717129e+08,1.928824113921952248e+08,1.872301204133037329e+08,1.814941427279228270e+08,1.758918513574265838e+08,1.702556022714632750e+08,1.647033988838691115e+08,1.591731652691056132e+08,1.537176980041975677e+08,1.482842398231502175e+08,1.428076280309454203e+08,1.374617102677842379e+08,1.321068234890839159e+08,1.267492010993453264e+08,1.214726581301192343e+08,1.161965217923326641e+08,1.109301256719384044e+08,1.058007077001571059e+08,1.006531345275202990e+08,9.554327583790110052e+07,9.042771776088145375e+07,8.540885082461769879e+07,8.037501305997423828e+07,7.545960017625093460e+07,7.051064123848871887e+07,6.562740338558459282e+07,6.082539932368589938e+07,5.607362609818982333e+07,5.132248635901574045e+07,4.664950749863801152e+07,4.210119218052020669e+07,3.755664205640068650e+07,3.307166723633533344e+07,2.871755638779366761e+07,2.447880125856749713e+07,2.031201030228344351e+07,1.633182558940069377e+07,1.250723459224762581e+07,8.897072491359712556e+06,5.606614876456217840e+06,2.685344449295239057e+06,5.048083634591419832e+05,0.000000000000000000e+00,0.000000000000000000e+00,0.000000000000000000e+00,0.000000000000000000e+00,0.000000000000000000e+00,0.000000000000000000e+00,0.000000000000000000e+00,0.000000000000000000e+00,0.000000000000000000e+00,0.000000000000000000e+00,0.000000000000000000e+00,0.000000000000000000e+00,0.000000000000000000e+00,0.000000000000000000e+00,0.000000000000000000e+00,0.000000000000000000e+00,0.000000000000000000e+00,0.000000000000000000e+00,0.000000000000000000e+00,0.000000000000000000e+00,0.000000000000000000e+00,1.000000000000000000e+00
3.228909840145527720e+08,3.158554671931252480e+08,3.088879306925741434e+08,3.021344082558605671e+08,2.952780649734492302e+08,2.886979186556835771e+08,2.821113079604295492e+08,2.756518349151924849e+08,2.692822474647239447e+08,2.628845317668056488e+08,2.565984970590957999e+08,2.503465110351611078e+08,2.441751907235173881e+08,2.381000868397727609e+08,2.320559981614629924e+08,2.260708994034723043e+08,2.200702782191890180e+08,2.141380129720813334e+08,2.082648074042806923e+08,2.024848398702660501e+08,1.966552874182825685e+08,1.909283324006522894e+08,1.852387833712696433e+08,1.796115016117951870e+08,1.740061422907845974e+08,1.683792643733364940e+08,1.628364466011359990e+08,1.572845752635082603e+08,1.518416337806636393e+08,1.464051970071285367e+08,1.409628759941624105e+08,1.356171166477486193e+08,1.302686157328141481e+08,1.250104979638975412e+08,1.197403669154858738e+08,1.144054979666094631e+08,1.092293291367319971e+08,1.040505192360073030e+08,9.889701314794448018e+07,9.378434179634250700e+07,8.876835587820003927e+07,8.371878358984565735e+07,7.871939754244694114e+07,7.375470242795871198e+07,6.886502982312013209e+07,6.405038525808605552e+07,5.919914851254560798e+07,5.439816314190115035e+07,4.974354667618449032e+07,4.511748695555943996e+07,4.052619749868585169e+07,3.604717800535156578e+07,3.157814643917733431e+07,2.726167367896398902e+07,2.302647013543018699e+07,1.892830587815117091e+07,1.501673361815181188e+07,1.124215544835436717e+07,7.737747033262258396e+06,4.559200429953343235e+06,1.861287328963215929e+06,0.000000000000000000e+00,0.000000000000000000e+00,0.000000000000000000e+00,0.000000000000000000e+00,0.000000000000000000e+00,0.000000000000000000e+00,0.000000000000000000e+00,0.000000000000000000e+00,0.000000000000000000e+00,0.000000000000000000e+00,0.000000000000000000e+00,0.000000000000000000e+00,0.000000000000000000e+00,0.000000000000000000e+00,0.000000000000000000e+00,0.000000000000000000e+00,0.000000000000000000e+00,0.000000000000000000e+00,0.000000000000000000e+00,1.000000000000000000e+00
3.421333957510752678e+08,3.348252938010011315e+08,3.276317035047419071e+08,3.205184826910779476e+08,3.134825562310576439e+08,3.066202538832645416e+08,2.997887045515207052e+08,2.931028757853031754e+08,2.864851315934391022e+08,2.799541379186966419e+08,2.734664308082447648e+08,2.670344625712689459e+08,2.607762932920714915e+08,2.544776198196503520e+08,2.482689260351454616e+08,2.421657619535676837e+08,2.360563389421889782e+08,2.299996926292707324e+08,2.239741066611475945e+08,2.180292946345755756e+08,2.121280085979002714e+08,2.062951157695707083e+08,2.005151099001027048e+08,1.947228005394894481e+08,1.890113680420660675e+08,1.833218345368153453e+08,1.776821665455609262e+08,1.720830697710938752e+08,1.665152499676077664e+08,1.609725194142605960e+08,1.554952537847139835e+08,1.499406844047621489e+08,1.446161298791973591e+08,1.392050008923897445e+08,1.338159598788766414e+08,1.283993736915238798e+08,1.231849074293626845e+08,1.178963822703265101e+08,1.126765656110893935e+08,1.074820305786132067e+08,1.022445433858323991e+08,9.718749744926565886e+07,9.206271642281678319e+07,8.703153331561891735e+07,8.203502144678077102e+07,7.707939799608108401e+07,7.206544010163344443e+07,6.723505655312684178e+07,6.238978337943276763e+07,5.756375145107215643e+07,5.282518281479885429e+07,4.817717941807737947e+07,4.349885043280263990e+07,3.901958671763513982e+07,3.449142161127097160e+07,3.008173179413710535e+07,2.581219834311806038e+07,2.162703239272200689e+07,1.759129220960335061e+07,1.369256449354749545e+07,1.003614729039817117e+07,6.621989983638630249e+06,3.595598112713860348e+06,1.108611403073133202e+06,0.000000000000000000e+00,0.000000000000000000e+00,0.000000000000000000e+00,0.000000000000000000e+00,0.000000000000000000e+00,0.000000000000000000e+00,0.000000000000000000e+00,0.000000000000000000e+00,0.000000000000000000e+00,0.000000000000000000e+00,0.000000000000000000e+00,0.000000000000000000e+00,0.000000000000000000e+00,0.000000000000000000e+00,0.000000000000000000e+00,0.000000000000000000e+00,1.000000000000000000e+00
3.624986382330803275e+08,3.547192778557356596e+08,3.471102781477763653e+08,3.396530315140265226e+08,3.324128084203513861e+08,3.251286871747999787e+08,3.181237789511533380e+08,3.111899749194495678e+08,3.042838116354398131e+08,2.975047253730968237e+08,2.908589545884454846e+08,2.842346955433045030e+08,2.777562271752262712e+08,2.712651542813115120e+08,2.649571949989680350e+08,2.586087276910443306e+08,2.523253876711390913e+08,2.461879537413468957e+08,2.400722071305201352e+08,2.339781755977859795e+08,2.279431514824510813e+08,2.219640520581778586e+08,2.160440019884389043e+08,2.101861301256018281e+08,2.043687185148970485e+08,1.985824744601921439e+08,1.928118957593498826e+08,1.871035776475053132e+08,1.814047609609540105e+08,1.757806633777144551e+08,1.701723185552232265e+08,1.645859576622115374e+08,1.591023100720015764e+08,1.536096421833412349e+08,1.481731606348917186e+08,1.427028747927847207e+08,1.373788196715668440e+08,1.319837592111091763e+08,1.266573744002440870e+08,1.214276037688684165e+08,1.161393128922408670e+08,1.108483844259943068e+08,1.057006564035114199e+08,1.005844457726937085e+08,9.545944165484102070e+07,9.035668846444451809e+07,8.533513461681392789e+07,8.030484605289013684e+07,7.538989474449080229e+07,7.043212924736505747e+07,6.554940893273226917e+07,6.076344246993534267e+07,5.598432259317224473e+07,5.125856955127748847e+07,4.657379282944142073e+07,4.202608786626267433e+07,3.748527452915321290e+07,3.297926198180863261e+07,2.865370097341903299e+07,2.438462714469916373e+07,2.026189155641509593e+07,1.623900570446256548e+07,1.245844921552631631e+07,8.842739946958880872e+06,5.586957949986523017e+06,2.663144590353007894e+06,4.799375160295809619e+05,0.000000000000000000e+00,0.000000000000000000e+00,0.000000000000000000e+00,0.000000000000000000e+00,0.000000000000000000e+00,0.000000000000000000e+00,0.000000000000000000e+00,0.000000000000000000e+00,0.000000000000000000e+00,0.000000000000000000e+00,0.000000000000000000e+00,0.000000000000000000e+00,0.000000000000000000e+00,1.000000000000000000e+00
3.841106273370072842e+08,3.758260014099225998e+08,3.677893238870636821e+08,3.598515118839924335e+08,3.521679321996756792e+08,3.446267798137601614e+08,3.371939136986473799e+08,3.299439234200851321e+08,3.227929614177538157e+08,3.157534821442530155e+08,3.087882374172720313e+08,3.020339382667533755e+08,2.951861813947571516e+08,2.885835912405101657e+08,2.820056407821140289e+08,2.755610751577136517e+08,2.691784756943476200e+08,2.627988492057911754e+08,2.564998768913075030e+08,2.502412026466068029e+08,2.440694399759236872e+08,2.380249834786657393e+08,2.319463573805169761e+08,2.259702344400362670e+08,2.199444656741802096e+08,2.140554044478875697e+08,2.081726426658118367e+08,2.023645184387324154e+08,1.965782654242707491e+08,1.908170128311925828e+08,1.851335613957200646e+08,1.795061973073841333e+08,1.739038927749942243e+08,1.683018360956894159e+08,1.627373005357287824e+08,1.572196209872697294e+08,1.517643329967865348e+08,1.462845460240890980e+08,1.408609846707137227e+08,1.355060752539475262e+08,1.301732837315965891e+08,1.249060716348063946e+08,1.196206754982502908e+08,1.143109175357526392e+08,1.091691770480706692e+08,1.039627782847415507e+08,9.881893969727504253e+07,9.370355316870909929e+07,8.869107383969260752e+07,8.364814465613813698e+07,7.860890688750694692e+07,7.367261221827416122e+07,6.876484451626898348e+07,6.396933184092712402e+07,5.910315685506437719e+07,5.431825709587648511e+07,4.967972966569652408e+07,4.505738233811125159e+07,4.046362864010684192e+07,3.600074841332370043e+07,3.151689200611468405e+07,2.718559759947375208e+07,2.296347040331635252e+07,1.886289174698355794e+07,1.495509135640392080e+07,1.119976896817073040e+07,7.674323329697140492e+06,4.505668520005531609e+06,1.823762515845593996e+06,0.000000000000000000e+00,0.000000000000000000e+00,0.000000000000000000e+00,0.000000000000000000e+00,0.000000000000000000e+00,0.000000000000000000e+00,0.000000000000000000e+00,0.000000000000000000e+00,0.000000000000000000e+00,0.000000000000000000e+00,0.000000000000000000e+00,1.000000000000000000e+00
4.023680950857800245e+08,3.965855738591100574e+08,3.896840210379883051e+08,3.813465847269633412e+08,3.731266094289389849e+08,3.650986913819416761e+08,3.572100536023789644e+08,3.495725688889933825e+08,3.420402571424927115e+08,3.346814959039618969e+08,3.275180601524700522e+08,3.204288231334146857e+08,3.133765371639682651e+08,3.064948086733903289e+08,2.996842571824171543e+08,2.929977191217005253e+08,2.863761979341152906e+08,2.798756324925199151e+08,2.733811174373055696e+08,2.669548026246265471e+08,2.606805758030014336e+08,2.543783097838963270e+08,2.481660572767356038e+08,2.420593671001969278e+08,2.359309273029349446e+08,2.298925661018958688e+08,2.238728774488149285e+08,2.179464149912103713e+08,2.120107216777048707e+08,2.062086630247670412e+08,2.004346797777767479e+08,1.945987513793148398e+08,1.888871986049650908e+08,1.832565650713477731e+08,1.775764797962118685e+08,1.720052948419771492e+08,1.664281652230213583e+08,1.608823660211283863e+08,1.553865396210174561e+08,1.498693197945082188e+08,1.445107392139394879e+08,1.391245933923005760e+08,1.337078091083156765e+08,1.283224761881443411e+08,1.231020352177783400e+08,1.178199870156574696e+08,1.125725438623575866e+08,1.073814369971051216e+08,1.021443129198873788e+08,9.709694294044928253e+07,9.197877570323069394e+07,8.695732494255235791e+07,8.195816540265309811e+07,7.699371758567216992e+07,7.199268052880337834e+07,6.714421399687243998e+07,6.231809501895660907e+07,5.750194160987363011e+07,5.274846717061850429e+07,4.809797260424654186e+07,4.342028574591200054e+07,3.893856007758485526e+07,3.443895615199870616e+07,3.000205797778445482e+07,2.574559890431755781e+07,2.156112432642401382e+07,1.755395158087250218e+07,1.363113115230385400e+07,9.997058124678872526e+06,6.571152494606568478e+06,3.529862553526784293e+06,1.080524040776742622e+06,0.000000000000000000e+00,0.000000000000000000e+00,0.000000000000000000e+00,0.000000000000000000e+00,0.000000000000000000e+00,0.000000000000000000e+00,0.000000000000000000e+00,0.000000000000000000e+00,1.000000000000000000e+00
4.181996260775293112e+08,4.135244522024018168e+08,4.082583296327388883e+08,4.022956473949743509e+08,3.954779862725389004e+08,3.868889146575285196e+08,3.784794287715910673e+08,3.704359640496902466e+08,3.624261464682034254e+08,3.546208752262859344e+08,3.470201837056998014e+08,3.395619698584417701e+08,3.322866502581946254e+08,3.250296079658905268e+08,3.180424974494106174e+08,3.111358509877249002e+08,3.042040774309440255e+08,2.974149518540583849e+08,2.907747102054902315e+08,2.841404889743165970e+08,2.776583057642447948e+08,2.711853008243960738e+08,2.648612738594293594e+08,2.585247337077209055e+08,2.522595668720394671e+08,2.460937495127760768e+08,2.399682913074525595e+08,2.338459510657468140e+08,2.278447625950407982e+08,2.218840034782494903e+08,2.159761140285235345e+08,2.101086981174096465e+08,2.042352005324733853e+08,1.984643199434472620e+08,1.927308705664857030e+08,1.870286633222714961e+08,1.813173634724279940e+08,1.756839165966214836e+08,1.700662558818348944e+08,1.645171725606791675e+08,1.589901220197089016e+08,1.534851277050406039e+08,1.480984191993369460e+08,1.426127665436702967e+08,1.372516420427159071e+08,1.318971320537181944e+08,1.266051119944051355e+08,1.213290543245042264e+08,1.160689801835937649e+08,1.107690706467662603e+08,1.056216826357983798e+08,1.004965334092901647e+08,9.536572622342622280e+07,9.027580741884206235e+07,8.524849895153331757e+07,8.022489221013908088e+07,7.531043392564320564e+07,7.036249977827323973e+07,6.549272817763070762e+07,6.069492316464141011e+07,5.588229661927276850e+07,5.118815208971010894e+07,4.651020703006600589e+07,4.193215058875877410e+07,3.740130072454771399e+07,3.293005901873471588e+07,2.858968772775999457e+07,2.432440977346139029e+07,2.021166357571869344e+07,1.616779897977869026e+07,1.241889471407054365e+07,8.782179165357155725e+06,5.527020656996390782e+06,2.619264326779409312e+06,4.519778971889117965e+05,0.000000000000000000e+00,0.000000000000000000e+00,0.000000000000000000e+00,0.000000000000000000e+00,0.000000000000000000e+00,1.000000000000000000e+00
4.326581235031535625e+08,4.286803172300713062e+08,4.243383114662228823e+08,4.195793038717876077e+08,4.142013772021357417e+08,4.082325050541741252e+08,4.012626323580276370e+08,3.925741504301632643e+08,3.840776726119113564e+08,3.756924636163716912e+08,3.676360254284727573e+08,3.597313141585080028e+08,3.520653478436163664e+08,3.444983619497241974e+08,3.370894117219256759e+08,3.298136747283994555e+08,3.226867125405366421e+08,3.156526349169343710e+08,3.086990455806908011e+08,3.019346930873538256e+08,2.951110961764004827e+08,2.884643619262757301e+08,2.819292804034749866e+08,2.754499643870193958e+08,2.690854542191948295e+08,2.626897906599426568e+08,2.564214039468531907e+08,2.501281292131798267e+08,2.439497523457918167e+08,2.379266620227096081e+08,2.318383851025137007e+08,2.258433263833144009e+08,2.198514520621267557e+08,2.139466281193515658e+08,2.081040296133312285e+08,2.022677886932407022e+08,1.964658739378560781e+08,1.907510859020065069e+08,1.850551390551041663e+08,1.794153096372564137e+08,1.737788446584086418e+08,1.682202647797885239e+08,1.626123240477167070e+08,1.571226583777101934e+08,1.516767869274821281e+08,1.462126584028157294e+08,1.408016775986360013e+08,1.354376516363871694e+08,1.300957750247368664e+08,1.248039895506063402e+08,1.195374925651818663e+08,1.142249506700985581e+08,1.091176617736430317e+08,1.038930188813659400e+08,9.872475909825809300e+07,9.363460432879054546e+07,8.858224514659200609e+07,8.356459716095228493e+07,7.854446554484173656e+07,7.359938542226628959e+07,6.871076130443128943e+07,6.389100160144023597e+07,5.903782140203192830e+07,5.426903017720194161e+07,4.961252201530930400e+07,4.497222272281610966e+07,4.038223447916931659e+07,3.593551786750453711e+07,3.142757777306549996e+07,2.714035634142085537e+07,2.290344664842892811e+07,1.880977224966011569e+07,1.489647514186185226e+07,1.116661820485533029e+07,7.629454193339748308e+06,4.464513625902816653e+06,1.795528503181141568e+06,0.000000000000000000e+00,0.000000000000000000e+00,0.000000000000000000e+00,1.000000000000000000e+00
4.452581974793574810e+08,4.426587346947518587e+08,4.390607443093769550e+08,4.350612592152820230e+08,4.306540717336413860e+08,4.257770592758139968e+08,4.203401416550490856e+08,4.142314956240478158e+08,4.071963971503696442e+08,3.984147191558595896e+08,3.896479570626885295e+08,3.812689473093122244e+08,3.730229820977897048e+08,3.650126160597620010e+08,3.570701260520139337e+08,3.494937779988140464e+08,3.419356640834044218e+08,3.345635701308022141e+08,3.274023751462548375e+08,3.203154204131137729e+08,3.132778845504735708e+08,3.063519238465726376e+08,2.995717312099160552e+08,2.928907385323666930e+08,2.862623762134295702e+08,2.797984903115952015e+08,2.732847845714105964e+08,2.668734816386887133e+08,2.605739211379406154e+08,2.542618912163863778e+08,2.480647541604762673e+08,2.419576825130392313e+08,2.358195829573507607e+08,2.297964374881832600e+08,2.237826825332637131e+08,2.178652890847821236e+08,2.119138610248854756e+08,2.061178284628595114e+08,2.003374847166205943e+08,1.945076558050361872e+08,1.887804950107262731e+08,1.831404910964853466e+08,1.774976382039648294e+08,1.719202496905523241e+08,1.663276404104912281e+08,1.607912232484851182e+08,1.552644610314436555e+08,1.497722049630920589e+08,1.444137755065611601e+08,1.390216111131760776e+08,1.336143596113088131e+08,1.282478953885968775e+08,1.229935919564713538e+08,1.177428722152678818e+08,1.124833527911488712e+08,1.073081122902092934e+08,1.020744843886762857e+08,9.698719568588830531e+07,9.188807882579661906e+07,8.687328921737483144e+07,8.185601174661724269e+07,7.690757909099689126e+07,7.193499204195025563e+07,6.707777747366556525e+07,6.222743954412700981e+07,5.744598909694582969e+07,5.268074275077175349e+07,4.800609413097751141e+07,4.336006689151124656e+07,3.885731647604886442e+07,3.437390000306907296e+07,2.996249608307057619e+07,2.570983731243005767e+07,2.152607769524924457e+07,1.750722354672084376e+07,1.357582887349778228e+07,9.954824810997726396e+06,6.520293708397361450e+06,3.491992812606100924e+06,1.046250492825864814e+06,1.000000000000000000e+00
4.157153434676253796e+08,4.277011474251670837e+08,4.411028443428264856e+08,4.493594994105451703e+08,4.456497553928978443e+08,4.416037410638577342e+08,4.371406934736784697e+08,4.321674236405965090e+08,4.266000642433617711e+08,4.204168843082829118e+08,4.132823875390439630e+08,4.043049939395216703e+08,3.954729862765179873e+08,3.867584448007008433e+08,3.783695525599583387e+08,3.703156643873279691e+08,3.623234319588180184e+08,3.545016195802001357e+08,3.469279234273035526e+08,3.394594701429188251e+08,3.321832724134591818e+08,3.249502472447518110e+08,3.179126370387176275e+08,3.110238718579347730e+08,3.041131286053319573e+08,2.973046886506166458e+08,2.906669120355439186e+08,2.840538324544183016e+08,2.775835052582103014e+08,2.711099713797988296e+08,2.647543892774574757e+08,2.584142859360986054e+08,2.521238522185258567e+08,2.460073341907740831e+08,2.398504657356058955e+08,2.337402293185592592e+08,2.277915406369276047e+08,2.217963682409604192e+08,2.158975705809503496e+08,2.099958098769695759e+08,2.041252637941923738e+08,1.983759891036078334e+08,1.926269225137791932e+08,1.869122355679224133e+08,1.812288466598764658e+08,1.755705680812453926e+08,1.699777721190682948e+08,1.644411635943754613e+08,1.589079969256205857e+08,1.534000220783612728e+08,1.479886310283690989e+08,1.425279914477114081e+08,1.371608674012235701e+08,1.317941856697085947e+08,1.265055321429085582e+08,1.212235642597442567e+08,1.159855295613751709e+08,1.106983883236288577e+08,1.055172544205192924e+08,1.004173185829366744e+08,9.531485469267013669e+07,9.020678678471349180e+07,8.517995754052729905e+07,8.013515696102809906e+07,7.524292551286369562e+07,7.028315001556152105e+07,6.540775621467758715e+07,6.062294510999752581e+07,5.581404417797601223e+07,5.108954568975775689e+07,4.646184386391194910e+07,4.185657253390599787e+07,3.733261195840658993e+07,3.287756870084151626e+07,2.852242036081438884e+07,2.426715892256388813e+07,2.014584242484482005e+07,1.610580772872065566e+07,1.233902459547099099e+07,8.737067269545670599e+06,1.000000000000000000e+00
3.921997238965696096e+08,4.021107314197735190e+08,4.127720339666547775e+08,4.241462140825079083e+08,4.365299102613067031e+08,4.504858695385055542e+08,4.524779668353255987e+08,4.483264018778303862e+08,4.437702170732337236e+08,4.386074930826998949e+08,4.330432771015682220e+08,4.267420712621434331e+08,4.194646838992465734e+08,4.104251605383335948e+08,4.012980157866963744e+08,3.924529803250603676e+08,3.839118403200086355e+08,3.755907525799436569e+08,3.675301378465850353e+08,3.596523631402118802e+08,3.519605664868074656e+08,3.443895410748205185e+08,3.369921269312624335e+08,3.297062225318300724e+08,3.225846655606855750e+08,3.155808843326904178e+08,3.086172488583951592e+08,3.018397803598229885e+08,2.949968988343458176e+08,2.883775060947308540e+08,2.818201045810195804e+08,2.753091889455885887e+08,2.689845481841832995e+08,2.625666783938454986e+08,2.563227025496566892e+08,2.500445605752753913e+08,2.438440813868297338e+08,2.378237599946046472e+08,2.317320828520545363e+08,2.257305493476558328e+08,2.197384468700057268e+08,2.138551589679777026e+08,2.080279159824464321e+08,2.021573909815012515e+08,1.963708992907667458e+08,1.906467251555069983e+08,1.849724684191587567e+08,1.793015883607080877e+08,1.736930827972095311e+08,1.681252413259557784e+08,1.625298045349614024e+08,1.570340422317708433e+08,1.516038257030086815e+08,1.461212531530435979e+08,1.407135767799504697e+08,1.353311639668652415e+08,1.300174696439080983e+08,1.247166619038161784e+08,1.194504791195097566e+08,1.141444937136010379e+08,1.090375612019371688e+08,1.038195252583638430e+08,9.865479451102572680e+07,9.356508736056929827e+07,8.848529526275284588e+07,8.347744953536120057e+07,7.848575103768545389e+07,7.352881892895324528e+07,6.865006388903966546e+07,6.380919564867687225e+07,5.897523558775398135e+07,5.421018164735817909e+07,4.954192657186635584e+07,4.489610497689470649e+07,4.030061507591353357e+07,3.584839970203581452e+07,3.138765914796059579e+07,2.708566914780651405e+07,2.285878612650451437e+07,1.876274792804743722e+07,1.000000000000000000e+00
3.739878838887746930e+08,3.823686857867144346e+08,3.904340339608020186e+08,3.997844672847499847e+08,4.101166009108101726e+08,4.209868751916916966e+08,4.326343106181305051e+08,4.455575639429623485e+08,4.589279121811410189e+08,4.551205121399943233e+08,4.505022567239607573e+08,4.453737550442934036e+08,4.395983278526944518e+08,4.332256962647997141e+08,4.258240587657578588e+08,4.166136734655747414e+08,4.073063368617494702e+08,3.982997413275047541e+08,3.895690731006372571e+08,3.811361161078642607e+08,3.729045993577604890e+08,3.649025158880738020e+08,3.569745693992530107e+08,3.494128061464048028e+08,3.418320452110604644e+08,3.344808362296023369e+08,3.273001818131783605e+08,3.202000223316448927e+08,3.131617492487297654e+08,3.062413024116023779e+08,2.994790846780984402e+08,2.928161029338694811e+08,2.861591992860394120e+08,2.796823353697410822e+08,2.731774355496308804e+08,2.667780774163108170e+08,2.604656488584735096e+08,2.541407912758680880e+08,2.479557013231934607e+08,2.418513918988263905e+08,2.357440417819640636e+08,2.296864644480000436e+08,2.237097311850093305e+08,2.177766028331216276e+08,2.118374231297689378e+08,2.060195098670715690e+08,2.002514704134555161e+08,1.944215675689602196e+08,1.886819416426818371e+08,1.830512289630583525e+08,1.774332199915075600e+08,1.718124192409749329e+08,1.662260948697575927e+08,1.606990930652129948e+08,1.551600555927891433e+08,1.496865857085044086e+08,1.443345464162393808e+08,1.389363978693061173e+08,1.335542220463400632e+08,1.281787336266885102e+08,1.228875070469734520e+08,1.176526321352057159e+08,1.124027847286707908e+08,1.072403373042182624e+08,1.020164391496245414e+08,9.690167863905541599e+07,9.179683165033516288e+07,8.679493401626507938e+07,8.176267575481359661e+07,7.682408429049429297e+07,7.184897202280244231e+07,6.700474189508170635e+07,6.213642269014977664e+07,5.738039739536292106e+07,5.260961146480013430e+07,4.793253591141084582e+07,4.330269464613775909e+07,3.877895531269150972e+07,3.430555356568951160e+07,2.988869026331038028e+07,1.000000000000000000e+00
3.578208764847673178e+08,3.654953137377477884e+08,3.729426172582790852e+08,3.813169083901896477e+08,3.885882987148100734e+08,3.980569379399698973e+08,4.077274489843611717e+08,4.179346919949355125e+08,4.291716792915300131e+08,4.411591858212597966e+08,4.545727467112849951e+08,4.623122587778011560e+08,4.574703949226592779e+08,4.522083611887876987e+08,4.464267604215112329e+08,4.398770789990878105e+08,4.323542986835694909e+08,4.230320781507498026e+08,4.134637769937403798e+08,4.041962080113554001e+08,3.953350374779205322e+08,3.866628390151455998e+08,3.782666339096463919e+08,3.701775207238076925e+08,3.622184562741924524e+08,3.544112180593811274e+08,3.468366055634546280e+08,3.393486410903265476e+08,3.320840366251678467e+08,3.248315843642224669e+08,3.178056482368534803e+08,3.109285939759466052e+08,3.040140736028924584e+08,2.972112124309710860e+08,2.905821545818288922e+08,2.839560905877345800e+08,2.774541780796562433e+08,2.710050037669984102e+08,2.646676007720658481e+08,2.582898132571489215e+08,2.520393703522269130e+08,2.459100754406590462e+08,2.397528927103579640e+08,2.336299557995399237e+08,2.277120621988605559e+08,2.217042542010053098e+08,2.158114793613979518e+08,2.099002539465154111e+08,2.040513222362929881e+08,1.982771197346461713e+08,1.925186830597387850e+08,1.868163873052161634e+08,1.811454207214257419e+08,1.754654538595766127e+08,1.699068632495521903e+08,1.643548309157242179e+08,1.588062754454635680e+08,1.533170773421100080e+08,1.478748378135563433e+08,1.424485484655590355e+08,1.370723574754563570e+08,1.317276653391809016e+08,1.264144903339133114e+08,1.211452578673933446e+08,1.158920685991684645e+08,1.106239291126252413e+08,1.054494069898734391e+08,1.003343951563589424e+08,9.523239271475279331e+07,9.016202368497218192e+07,8.510160120480567217e+07,8.006354602298834920e+07,7.516256668888284266e+07,7.022508050314231217e+07,6.534099623658387363e+07,6.054131291147039831e+07,5.573306931626673788e+07,5.102163616580743343e+07,4.640081296776483208e+07,4.180554101116429269e+07,1.000000000000000000e+00
3.448295593433127403e+08,3.503396890877099037e+08,3.576681603620406389e+08,3.645261808898246884e+08,3.721969886714999676e+08,3.799142973735180497e+08,3.881393628560787439e+08,3.960655991768054366e+08,4.053180332408937812e+08,4.152999216212249994e+08,4.259558262948560119e+08,4.373949998488552570e+08,4.497722371977505088e+08,4.627761511415940523e+08,4.647398690739191771e+08,4.593380928669503331e+08,4.533856697661610246e+08,4.466837925057091117e+08,4.390957898221228123e+08,4.296089215482842326e+08,4.196988827274510860e+08,4.102977125998120308e+08,4.011910939917179942e+08,3.923759585681837201e+08,3.837871041649445295e+08,3.755053363969222903e+08,3.674188502459840775e+08,3.595649546112463474e+08,3.518629094671781659e+08,3.443127439872833490e+08,3.368927411694682837e+08,3.295998228051556945e+08,3.224961405104738474e+08,3.155195913609592319e+08,3.085055744638038278e+08,3.017212459025923610e+08,2.948777611663749814e+08,2.882764323115330338e+08,2.817402358700484037e+08,2.751946586596456766e+08,2.688602325885084867e+08,2.624885219695325494e+08,2.562317270665904582e+08,2.499532288149984777e+08,2.437617415539827347e+08,2.377349108728333712e+08,2.316057163831041455e+08,2.256474258838859200e+08,2.196333992932142317e+08,2.137561578215450048e+08,2.079380956422558427e+08,2.020364347341630459e+08,1.962902332191238403e+08,1.905380869184029102e+08,1.848917598289728165e+08,1.792084926705850661e+08,1.736031473192307949e+08,1.680198752482931316e+08,1.624369754896564186e+08,1.569475648546792865e+08,1.515113144702224731e+08,1.460506719524808526e+08,1.406122055754857361e+08,1.352300588231137991e+08,1.299228587016470432e+08,1.246223714196896553e+08,1.193720443719661087e+08,1.140571396865330338e+08,1.089381919656163901e+08,1.037050891610861719e+08,9.855012331122884154e+07,9.346709959044480324e+07,8.837541807987779379e+07,8.342700395606090128e+07,7.840486390014275908e+07,7.343921620036482811e+07,6.857965723943188787e+07,6.372701578878057748e+07,5.888441196910938621e+07,5.415411089723164588e+07,1.000000000000000000e+00
3.322957102570706010e+08,3.389091476472795606e+08,3.440466340406810045e+08,3.508199979554768205e+08,3.573158175012663603e+08,3.646346961428974867e+08,3.712127774111137986e+08,3.793057202051333785e+08,3.868874005181100368e+08,3.952217621100895405e+08,4.032547644328056574e+08,4.126489510904954672e+08,4.229465542948607206e+08,4.339802710917637348e+08,4.456029508465187550e+08,4.584756863033846617e+08,4.718480238071863055e+08,4.665392740797289610e+08,4.605092282373121381e+08,4.536986492734111547e+08,4.460205721186241508e+08,4.364311898231051564e+08,4.262260131664839387e+08,4.165265892128751874e+08,4.071776281308912039e+08,3.981760627810019851e+08,3.894380508238154054e+08,3.810009062697044611e+08,3.727776766551378369e+08,3.647901393841319084e+08,3.568767859373899698e+08,3.492954840207816958e+08,3.417511466739926338e+08,3.343711661305981874e+08,3.271959496490468979e+08,3.201136933123748899e+08,3.130685145831747651e+08,3.061691549056718349e+08,2.993690442171366215e+08,2.926930552987791896e+08,2.860511379335975647e+08,2.795861847550342679e+08,2.730714960779267550e+08,2.666810167112030089e+08,2.603309179269080758e+08,2.540522762822619677e+08,2.478420075605956018e+08,2.417218681696612239e+08,2.356515116885740459e+08,2.295968053927524984e+08,2.236229732008794844e+08,2.176679411692384481e+08,2.117503593331338763e+08,2.059043975580938458e+08,2.001518021439359784e+08,1.943218624118701518e+08,1.886132649140965343e+08,1.829701498149120212e+08,1.773397723413316309e+08,1.717376728705109060e+08,1.661204269049225450e+08,1.606121827383232415e+08,1.550795245018107295e+08,1.496062535636745989e+08,1.442513289333399534e+08,1.388441301323288381e+08,1.334405280187320411e+08,1.280839717780764848e+08,1.227930861729840934e+08,1.175616784081800431e+08,1.122936235778423548e+08,1.071440003172093183e+08,1.019298641281682253e+08,9.680627709562209249e+07,9.171743672360974550e+07,8.670365796371425688e+07,8.169985269932532310e+07,7.674013361847314239e+07,7.178112386943818629e+07,6.690651790275683999e+07,1.000000000000000000e+00
3.219634237754461765e+08,3.273425867127323151e+08,3.331934873895102143e+08,3.383937195529035330e+08,3.448332409811254144e+08,3.507515256665332913e+08,3.563347363914517760e+08,3.635071776227287650e+08,3.704150626627357006e+08,3.780803969987897873e+08,3.854494144768231511e+08,3.933811399410779476e+08,4.011127644602841139e+08,4.105803801902774572e+08,4.202763310463786125e+08,4.304421275266658664e+08,4.417887306186592579e+08,4.537468620562426448e+08,4.671697801747924089e+08,4.742033362333168983e+08,4.679651930130734444e+08,4.610303812315006852e+08,4.532063114600822926e+08,4.434771361425337791e+08,4.329209020247920156e+08,4.229139040079029799e+08,4.133536664313623309e+08,4.041128572998191118e+08,3.951728745297394991e+08,3.865461799501110315e+08,3.781582480257372260e+08,3.700681339839423895e+08,3.621019020486085415e+08,3.543217124567554593e+08,3.467213803359215856e+08,3.392605484863981605e+08,3.319765194722927809e+08,3.247326434663314819e+08,3.176966813413522243e+08,3.108096382236952782e+08,3.039255508813359737e+08,2.971283110390254855e+08,2.904769541536419392e+08,2.838690071159259081e+08,2.773386588321304917e+08,2.709200929320049286e+08,2.645387969531911314e+08,2.581885844422610998e+08,2.519564284165846705e+08,2.458268182915840149e+08,2.396724646910299361e+08,2.335430761735179126e+08,2.276094384951434135e+08,2.216045585923307240e+08,2.157116345751731396e+08,2.098034009195541143e+08,2.039574918551589847e+08,1.981956514398393333e+08,1.924465060375694931e+08,1.867162852471415401e+08,1.810515667181449831e+08,1.753747798519614339e+08,1.697821514655052423e+08,1.642767965370126963e+08,1.587004796060715318e+08,1.532114728239779472e+08,1.477601457346666455e+08,1.423651297053456903e+08,1.369954188566430509e+08,1.316355215970935225e+08,1.263474929426609278e+08,1.210569089228560776e+08,1.158041091989086121e+08,1.105674026189786196e+08,1.053654138800539374e+08,1.002415649527031034e+08,9.513075611423151195e+07,9.006090872219397128e+07,8.501653561280278862e+07,7.999145507882307470e+07,1.000000000000000000e+00
3.127062216911564469e+08,3.170829190534055233e+08,3.220203297614046931e+08,3.276829976199336052e+08,3.328895564334003925e+08,3.385731010458900928e+08,3.443728229245855808e+08,3.502088024949969053e+08,3.570034638267799020e+08,3.625263271353023052e+08,3.697826009121993184e+08,3.766025555348387361e+08,3.843514336678406000e+08,3.920650488563663960e+08,4.002362273765200377e+08,4.082297834153530002e+08,4.173889867832151651e+08,4.274240902797738314e+08,4.381283432791614532e+08,4.495584139280937910e+08,4.619577745461921096e+08,4.749129604594656229e+08,4.756448313718687296e+08,4.686137483877561688e+08,4.606095141811524034e+08,4.507871467341423035e+08,4.398612153740732074e+08,4.294565500251585245e+08,4.195576632300207615e+08,4.101614890742748976e+08,4.010847738290315270e+08,3.922281420897899270e+08,3.836506537923727036e+08,3.753927246160457134e+08,3.672959516409003735e+08,3.594597712486526370e+08,3.517413139001587033e+08,3.442275871673907042e+08,3.367819378406258225e+08,3.294882642860109806e+08,3.223900760925896764e+08,3.153942099749339819e+08,3.083888753795111179e+08,3.016132603400377035e+08,2.948126972798681259e+08,2.881828841263283491e+08,2.816337694783400297e+08,2.751032655598105192e+08,2.687746217922126055e+08,2.624087343733522594e+08,2.561081092777579725e+08,2.498572409781214297e+08,2.436685739893517494e+08,2.376414831087307632e+08,2.315244922273448110e+08,2.255504860480684042e+08,2.195269951711448431e+08,2.136837749709901214e+08,2.078469906469252110e+08,2.019359645477873087e+08,1.961897307766633034e+08,1.904655215332157314e+08,1.848005992918155789e+08,1.791236043250378966e+08,1.735214532802349329e+08,1.679165832662384212e+08,1.623524583595215678e+08,1.568725351025457382e+08,1.514023640326572061e+08,1.459698858783289492e+08,1.405099787394719720e+08,1.351715572743676603e+08,1.298367628917302936e+08,1.245428315528492779e+08,1.193083884451409727e+08,1.139939022520205379e+08,1.088443693295367509e+08,1.036086386597031504e+08,9.849446853772585094e+07,9.340265466633239388e+07,1.000000000000000000e+00
3.044568058557101488e+08,3.079344548813494444e+08,3.122845386583224535e+08,3.184539683293057680e+08,3.229987321197091937e+08,3.280450502742408514e+08,3.325638990591804981e+08,3.385679755111033916e+08,3.439387400215779543e+08,3.505997808512567878e+08,3.556839757243432999e+08,3.624302215683801770e+08,3.689732142309110165e+08,3.762562891747516990e+08,3.828503650584741235e+08,3.909325323818160295e+08,3.984802665024756193e+08,4.067901454172916412e+08,4.148487920276604891e+08,4.242729012849171162e+08,4.346336878583434820e+08,4.456003379980044365e+08,4.572650396066981554e+08,4.702216761154369116e+08,4.835613176581152081e+08,4.763120575388132930e+08,4.682270729624443054e+08,4.583736477952263355e+08,4.469879265734344721e+08,4.363222865049627423e+08,4.261127092585203052e+08,4.163934106377758384e+08,4.070525905256182551e+08,3.980654319751999378e+08,3.893139184516906142e+08,3.809005986672634482e+08,3.726763881904910803e+08,3.647189787147140503e+08,3.567488202504180670e+08,3.491915176786808968e+08,3.416525862495595813e+08,3.342842639597396851e+08,3.270834680067017674e+08,3.200036282125145197e+08,3.129640134238392115e+08,3.060609352317664027e+08,2.992944133946748376e+08,2.926209885232616067e+08,2.859537228397834301e+08,2.794976137031930089e+08,2.729607570981426239e+08,2.665823010018885732e+08,2.602194188573213816e+08,2.539683950148671865e+08,2.477454098615203500e+08,2.416405302211249769e+08,2.355575227309285998e+08,2.294933060693157315e+08,2.235255169618891180e+08,2.175796668068668246e+08,2.116557776064149737e+08,2.058035380372456908e+08,2.000571076837799251e+08,1.942426865511547327e+08,1.885279032025160491e+08,1.828507016075798869e+08,1.772452342993565798e+08,1.716246313423327506e+08,1.660385651369469464e+08,1.605460044797587395e+08,1.549856314069277048e+08,1.495281058789776564e+08,1.441517183419044614e+08,1.387479139511122704e+08,1.333539416884057671e+08,1.279977363712865859e+08,1.227134269086591750e+08,1.174638108533895463e+08,1.122178969589302987e+08,1.070501198084775656e+08,1.000000000000000000e+00
2.842130583768610954e+08,2.913443514341211319e+08,2.987182123458638787e+08,3.061525060508148670e+08,3.133421353502979279e+08,3.175724577469322681e+08,3.224705306052452326e+08,3.279479916051988602e+08,3.331096773290901184e+08,3.384864760846861005e+08,3.443065205502533913e+08,3.494235213798533082e+08,3.558638760187962651e+08,3.617787398108301163e+08,3.673829663271510601e+08,3.745726989431576729e+08,3.814650860614061356e+08,3.890709790638988614e+08,3.965154088930075169e+08,4.043332003341966867e+08,4.120841786474350691e+08,4.215892244657756090e+08,4.312659583256448507e+08,4.415043355897727609e+08,4.528520294870808125e+08,4.648382079421510100e+08,4.783920547344042659e+08,4.845291711067841053e+08,4.761490798885913491e+08,4.663577984357882142e+08,4.545619944641150236e+08,4.433309272228198647e+08,4.328044460078843832e+08,4.227775554579209089e+08,4.132440815828517675e+08,4.039772781540312767e+08,3.950828041728349924e+08,3.864426422668040395e+08,3.780443971447584629e+08,3.699719719664697647e+08,3.619986232015162706e+08,3.541834029692440033e+08,3.466008895931971669e+08,3.391765541402108669e+08,3.318545109795911908e+08,3.246409992614703178e+08,3.176043744267057776e+08,3.106763269867415428e+08,3.038102906289612055e+08,2.970031863125050664e+08,2.903699489184894562e+08,2.837863700478312969e+08,2.772276305006790757e+08,2.708334987643976808e+08,2.644456189616625905e+08,2.581230164352121353e+08,2.518688178361163437e+08,2.457327211920001507e+08,2.395626070392058492e+08,2.334205988321763575e+08,2.275147214408427477e+08,2.215159112045850456e+08,2.156104579562418461e+08,2.096928372253124416e+08,2.038717141685597599e+08,1.981160623417377472e+08,1.923607245898130238e+08,1.866057250338012278e+08,1.809503925704093575e+08,1.753047486175442636e+08,1.697153581884183288e+08,1.641667247776082754e+08,1.586247388014499843e+08,1.531297519955852926e+08,1.476941885398159623e+08,1.422839416265328526e+08,1.369145397144284546e+08,1.315549825363976955e+08,1.262735190258919746e+08,1.209585225013512820e+08,1.000000000000000000e+00
2.615411213568469882e+08,2.684784587393832207e+08,2.753366427147921324e+08,2.822301771933688521e+08,2.894601547655382156e+08,2.966780298622789979e+08,3.038661472534773946e+08,3.111590485420598984e+08,3.188960728243261576e+08,3.262203680099896789e+08,3.323515044122918248e+08,3.379906160677901506e+08,3.432514621640709639e+08,3.488619378503537178e+08,3.546368962334125042e+08,3.604358849128324389e+08,3.672713781359934211e+08,3.727657706002867222e+08,3.800814538053780198e+08,3.869121056832206249e+08,3.946101907423250675e+08,4.023192995850577354e+08,4.104850760765475035e+08,4.182691550664108992e+08,4.277779267332364917e+08,4.377773978882144690e+08,4.485280209720395207e+08,4.599970943704429865e+08,4.724381206511477232e+08,4.854634302954877615e+08,4.844873733393325806e+08,4.745904781002324820e+08,4.623597391450021267e+08,4.506502311942689419e+08,4.397198591956133842e+08,4.293636292906657457e+08,4.194293575416256189e+08,4.100289188882638812e+08,4.009417785041933656e+08,3.921151580567080975e+08,3.835087050897098780e+08,3.752684531726355553e+08,3.671925090039473772e+08,3.593616666615878940e+08,3.516454846770327091e+08,3.441402851688263416e+08,3.366597196258370876e+08,3.293777616735768914e+08,3.222851116905969381e+08,3.152699746263419986e+08,3.083075304864509106e+08,3.015127179709709883e+08,2.947271638190654516e+08,2.881061783861157894e+08,2.815441881374711990e+08,2.749853214045255184e+08,2.686438684223526120e+08,2.623055810698110461e+08,2.560232725532900989e+08,2.497441808641121089e+08,2.435707922034709156e+08,2.375683158041814566e+08,2.314232064938047230e+08,2.254428386152808964e+08,2.194316532896191180e+08,2.135759240593805611e+08,2.077359785661375523e+08,2.018745980685259700e+08,1.960787101428672969e+08,1.903514348813030720e+08,1.847176109283702970e+08,1.790593339172067046e+08,1.734169712601230443e+08,1.678556996823070645e+08,1.622762512873786688e+08,1.567934383822155595e+08,1.513173080448469222e+08,1.458975109449531138e+08,1.404348120716293156e+08,1.350905143186278343e+08,1.000000000000000000e+00
2.403152779450964332e+08,2.468695781347362399e+08,2.533427993903828859e+08,2.598630554029422104e+08,2.666374301531084478e+08,2.733673419624306560e+08,2.801556626379162073e+08,2.872999996711041927e+08,2.942252802967311144e+08,3.015152059762423038e+08,3.086471543652771711e+08,3.159904286987531185e+08,3.233648797385082245e+08,3.312890025834327340e+08,3.387781750233978629e+08,3.468360134107480049e+08,3.532330460604608655e+08,3.599322264224421382e+08,3.650381559366694689e+08,3.717708902117583752e+08,3.783265292395206690e+08,3.856362236359968781e+08,3.922572448347787857e+08,4.003793044891394377e+08,4.079636064217239022e+08,4.162885784419856668e+08,4.243305276855486035e+08,4.338313917796735764e+08,4.441632240240764618e+08,4.552446885668317080e+08,4.669158595896406174e+08,4.799725649122419357e+08,4.932124686160749197e+08,4.830810055027321577e+08,4.705395994930889010e+08,4.582584513677864075e+08,4.468465219770951867e+08,4.362137647830070853e+08,4.259936381920025349e+08,4.162762728034945726e+08,4.069312261601328254e+08,3.979305720329155326e+08,3.892184232030913234e+08,3.807668510535981655e+08,3.725572441857577562e+08,3.645958419251005650e+08,3.566714399285072088e+08,3.490822700908123255e+08,3.415550041731556654e+08,3.341797492031225562e+08,3.269969060241419077e+08,3.198977852033600807e+08,3.128575663916358948e+08,3.059725539650431275e+08,2.991992858520246744e+08,2.925222561386727691e+08,2.858669538193688989e+08,2.793886743379743099e+08,2.728576415074331164e+08,2.665036675835560560e+08,2.601280435673970580e+08,2.538829380727515221e+08,2.476565921470701396e+08,2.415639028441563845e+08,2.354620754345171750e+08,2.294039104956513941e+08,2.234173674557189047e+08,2.174745268932036757e+08,2.115847200740016103e+08,2.057293435679655373e+08,1.999829047236502171e+08,1.941498973992311954e+08,1.884475858901092112e+08,1.827766791028804481e+08,1.771434018557618260e+08,1.715415667745634019e+08,1.659432723307999969e+08,1.604540187614542842e+08,1.548876882429309487e+08,1.494242260041287541e+08,1.000000000000000000e+00
2.198961032618932724e+08,2.258299034330413043e+08,2.320575891909747720e+08,2.383309291013125181e+08,2.446057300979027450e+08,2.512212923193494081e+08,2.577114821245438755e+08,2.642163552793805003e+08,2.709590220790612698e+08,2.776777402276988626e+08,2.848710557147804499e+08,2.915276607793329954e+08,2.985594463401565552e+08,3.057643730510142446e+08,3.130627671856189966e+08,3.203968531035041213e+08,3.277469334804349542e+08,3.354410068548597693e+08,3.431905187781197429e+08,3.512145792801275253e+08,3.592742003146529794e+08,3.675065073211044073e+08,3.754801049379793406e+08,3.827389640588111877e+08,3.896804606885940433e+08,3.973186507659078836e+08,4.048385378908110857e+08,4.127452724800622463e+08,4.204630147583786845e+08,4.300351608374257684e+08,4.398307838210371137e+08,4.501474425869127512e+08,4.615129512604103088e+08,4.735073852540878654e+08,4.871734555002589822e+08,4.920561651831231117e+08,4.791295344296534657e+08,4.662643201054369211e+08,4.544174324781434536e+08,4.431974829499007463e+08,4.326666479883402586e+08,4.226447815102527738e+08,4.130946390988008380e+08,4.038826708259618282e+08,3.949685235011759996e+08,3.863149494124951959e+08,3.779033386548683643e+08,3.698579720196409822e+08,3.618744510840981603e+08,3.540739518092881441e+08,3.465061969819526672e+08,3.390749166425834298e+08,3.317552871817319393e+08,3.245349108969926834e+08,3.174883503872889280e+08,3.105628281950422525e+08,3.036993555338429809e+08,2.969414359231219292e+08,2.902518251552709341e+08,2.836864422247300744e+08,2.771397255557323694e+08,2.707296973530522585e+08,2.643570107704405189e+08,2.579906419586640596e+08,2.517485983941800892e+08,2.456308930006604791e+08,2.394636868773128688e+08,2.333153087296826839e+08,2.274217017584829926e+08,2.213917498829757273e+08,2.155079508204010725e+08,2.096027087766605616e+08,2.037505390081741810e+08,1.980104225434117019e+08,1.922737569109553695e+08,1.873093482862945199e+08,1.816108005118099451e+08,1.759531795742088854e+08,1.703664011476834118e+08,1.648871624550904632e+08,1.000000000000000000e+00
2.042119015260608196e+08,2.100390283176253140e+08,2.159629574784579575e+08,2.218996560312752724e+08,2.278677727844442427e+08,2.338984080641086996e+08,2.400071044134047925e+08,2.461627226477018893e+08,2.523123249202855229e+08,2.585959591422214508e+08,2.649171155502589941e+08,2.712633162180894017e+08,2.777933100347611904e+08,2.843109510616905689e+08,2.908691359995302558e+08,2.975705874808755517e+08,3.044028357188665271e+08,3.111728112841846943e+08,3.182479112797970176e+08,3.252731442649511099e+08,3.324851403817691803e+08,3.398340567895752192e+08,3.473261002539027929e+08,3.549114195951223969e+08,3.632988225849844217e+08,3.716803902086346149e+08,3.801972874835097790e+08,3.892469761741264462e+08,3.982016549409326911e+08,4.075432682577618957e+08,4.173089414222447872e+08,4.252474527219316363e+08,4.348122523370808959e+08,4.448888371106228828e+08,4.557222550738502741e+08,4.672763897942881584e+08,4.798977799067950249e+08,4.929563487216094732e+08,4.884029286007037759e+08,4.746864764659258127e+08,4.621840582932212353e+08,4.505229278691504598e+08,4.396130372030469179e+08,4.292058961853113770e+08,4.193357135430738926e+08,4.098906847368601561e+08,4.008180290753856897e+08,3.920183677568371296e+08,3.834078568680536747e+08,3.751573755578347445e+08,3.670929911357408166e+08,3.592488982280637026e+08,3.515412527539340258e+08,3.440384152940158844e+08,3.365354078908892870e+08,3.292621046826162934e+08,3.221501906283617616e+08,3.151344647698775530e+08,3.082149502493382692e+08,3.027104692357191443e+08,2.959073664429501891e+08,2.892784081922576427e+08,2.828278884459286928e+08,2.766301552068548203e+08,2.705282700034274459e+08,2.642113531657466292e+08,2.583161267485472858e+08,2.521319252384872437e+08,2.462938413446167409e+08,2.403475643768439293e+08,2.343008896964013278e+08,2.285205813943588734e+08,2.225163210520186126e+08,2.169475768007982969e+08,2.110697662573544979e+08,2.052029766934912801e+08,1.994381998244736791e+08,1.937674470708721280e+08,1.881766776386153996e+08,1.824960934636538923e+08,1.000000000000000000e+00
1.888567408620966077e+08,1.946113331780632138e+08,2.003632019728251994e+08,2.061745516765992343e+08,2.120391427267467380e+08,2.179040557440417707e+08,2.239248669151963890e+08,2.298899432051484287e+08,2.358957326417225599e+08,2.420511505328956842e+08,2.481943359611088634e+08,2.544715579716887474e+08,2.607707422210143805e+08,2.670638457092972994e+08,2.734722528368746042e+08,2.799648163263309598e+08,2.864854741728664041e+08,2.931338349343996048e+08,2.999254508188127875e+08,3.067357540727937222e+08,3.135834006697108150e+08,3.206147183018380404e+08,3.277020161680098772e+08,3.349511483797845840e+08,3.423029241129104495e+08,3.498881185129192472e+08,3.575229685541284084e+08,3.653289043659915328e+08,3.734803124115455151e+08,3.816314631963357925e+08,3.901404975644320846e+08,3.988423188372123241e+08,4.078521397293577790e+08,4.172166527638735771e+08,4.269545167572056055e+08,4.372370119696116447e+08,4.479768912995050550e+08,4.593454307070158720e+08,4.715948901749701500e+08,4.849152284374339581e+08,4.985092266653823853e+08,4.852594698349652886e+08,4.720017598945480585e+08,4.598817050470942259e+08,4.486319105924690962e+08,4.380212141006177664e+08,4.282148603036321402e+08,4.190082869586369991e+08,4.099614275491948128e+08,4.013294599399870634e+08,3.931777344359008074e+08,3.849580205054163933e+08,3.769428080889343619e+08,3.693572615680537820e+08,3.619938060613160133e+08,3.542203209484921694e+08,3.470527734696048498e+08,3.399097987882960439e+08,3.328076903525791168e+08,3.258988249234527349e+08,3.190884370970971584e+08,3.125111906340603828e+08,3.056930420969791412e+08,2.990153038236519098e+08,2.925004380445234179e+08,2.862492821423329711e+08,2.797490130893626213e+08,2.733049985393913388e+08,2.671554261426145136e+08,2.608076175231198072e+08,2.545864282308205366e+08,2.484713946975377798e+08,2.423867119600223899e+08,2.362134562972605228e+08,2.301231302233319879e+08,2.240932576437859833e+08,2.180791812909583151e+08,2.123366057699260116e+08,2.063505622366687357e+08,2.003377864180208445e+08,1.000000000000000000e+00
1.737903437806700170e+08,1.793945393310406804e+08,1.850676033603248596e+08,1.907535223287265301e+08,1.965113865789102018e+08,2.023287396186771691e+08,2.081402175442725420e+08,2.140796051210338473e+08,2.199944046057429314e+08,2.259312694975746870e+08,2.319524233024180233e+08,2.380236140663635731e+08,2.440856812671073079e+08,2.503284765935310125e+08,2.565683328530505598e+08,2.628332402878903449e+08,2.692383606227388382e+08,2.756716042801028490e+08,2.821578517711707950e+08,2.887531241423839927e+08,2.954200387891926765e+08,3.021897124487950802e+08,3.090247576747217774e+08,3.159500612912856340e+08,3.230029687087827325e+08,3.302239426614706516e+08,3.374229987052571177e+08,3.448959584854717255e+08,3.524403754655251503e+08,3.601589963269744515e+08,3.680798278032138944e+08,3.761903875856271982e+08,3.844781917285226583e+08,3.930023887902733684e+08,4.018968828228313923e+08,4.110214860021286607e+08,4.204322306266735196e+08,4.303813805561474562e+08,4.408284122416025400e+08,4.517172217240309715e+08,4.634153174993569851e+08,4.759444589413588047e+08,4.897001789206117392e+08,4.939067478557066917e+08,4.794769465586016178e+08,4.666926077742329240e+08,4.548376224179639816e+08,4.438124865823446512e+08,4.338330368805279732e+08,4.243182287329219580e+08,4.155624881527627110e+08,4.074715664663242698e+08,3.990278108479453325e+08,3.919100617675157189e+08,3.847489755773687363e+08,3.772655143187392354e+08,3.707695275278214216e+08,3.638534060160210133e+08,3.585271017427368760e+08,3.511575028754915595e+08,3.438945935814351439e+08,3.366666346728305817e+08,3.297117674617040157e+08,3.225886871939437389e+08,3.160560829173282981e+08,3.088756407076837420e+08,3.020658721224229336e+08,2.955246258325467110e+08,2.887023051366627216e+08,2.822371148695899844e+08,2.756987774477342367e+08,2.692875714664272070e+08,2.629564903519216776e+08,2.565929828610526919e+08,2.501692401571432054e+08,2.438427767868058980e+08,2.376051848675810099e+08,2.314028958922930360e+08,2.254899491420072019e+08,2.191380010436819792e+08,1.000000000000000000e+00
1.591128372698579729e+08,1.646802344666057825e+08,1.701920701317532361e+08,1.757884157371756434e+08,1.815284209038124382e+08,1.871972303502180874e+08,1.928975694212173223e+08,1.987166152251209021e+08,2.044737278051623106e+08,2.103152543647239804e+08,2.162318390337828398e+08,2.221705132414754331e+08,2.281873244008893073e+08,2.341981474884270132e+08,2.402808370362658501e+08,2.464603004153838158e+08,2.526243592455175519e+08,2.589038460650804341e+08,2.652146195153751373e+08,2.716158570999974012e+08,2.781044256430687904e+08,2.846709569535882473e+08,2.912032412194278240e+08,2.979131638981882334e+08,3.047633139102150202e+08,3.115729086801111102e+08,3.186006014814603329e+08,3.256780730893081427e+08,3.328738665429638624e+08,3.401941920329503417e+08,3.476857817665526867e+08,3.553361447415298820e+08,3.630829137560444474e+08,3.710912718611019254e+08,3.792458578929191828e+08,3.876744531954460144e+08,3.962616885746363997e+08,4.052413378764683604e+08,4.144481499244160056e+08,4.241439576660482883e+08,4.341447976049713492e+08,4.447249722545266747e+08,4.559436759880946875e+08,4.679037436390739679e+08,4.807737176743661165e+08,4.923778099800180197e+08,4.866622214721415043e+08,4.727872932569683194e+08,4.602964499567775726e+08,4.487630488393279314e+08,4.383825124991376996e+08,4.281771252179975510e+08,4.187948828519589901e+08,4.102793776141696572e+08,4.021112110066866875e+08,3.940516439401266575e+08,3.863705886408053041e+08,3.795249816105586290e+08,3.728514442248544693e+08,3.662670296163706183e+08,3.598373720239493251e+08,3.534743233292320371e+08,3.475516864306958318e+08,3.410072123337996602e+08,3.355410557491959929e+08,3.307081074891846776e+08,3.243632766510148048e+08,3.188160862046292424e+08,3.117348787836262584e+08,3.051020960593043566e+08,2.980631193408742547e+08,2.910511234824299812e+08,2.848886755979527235e+08,2.779897026271206737e+08,2.711004402712574601e+08,2.646304582684996426e+08,2.580914648342479169e+08,2.516477714138716757e+08,2.451608062350986898e+08,2.386892869870640337e+08,1.000000000000000000e+00
1.447220483016296327e+08,1.502449242459900677e+08,1.557246699098163843e+08,1.612142676504130363e+08,1.667511188426133394e+08,1.723851103384290040e+08,1.780444968887733519e+08,1.837261366431716979e+08,1.893769751111342609e+08,1.951654474087119401e+08,2.009854734121186733e+08,2.067808733129220605e+08,2.126701824101643860e+08,2.185254559733291268e+08,2.245806999298376143e+08,2.305550569485746622e+08,2.365639588684546351e+08,2.427353407356097996e+08,2.489037820919450521e+08,2.551816162415807247e+08,2.615313733009077907e+08,2.678281747124511003e+08,2.742374298770051599e+08,2.807684875782530904e+08,2.872870936830045581e+08,2.939836540012576580e+08,3.007832293039484024e+08,3.076077437158798575e+08,3.144446815814209580e+08,3.215250609433463216e+08,3.286146933190507293e+08,3.359196283882688880e+08,3.432493750051863790e+08,3.508630756243346930e+08,3.585233945224986076e+08,3.663833109808446169e+08,3.745333595014210939e+08,3.827112042245354056e+08,3.912353380001871586e+08,3.999620840356164575e+08,4.089882204091963172e+08,4.183980348275973201e+08,4.281665112238460779e+08,4.384653766061817408e+08,4.491652642733049393e+08,4.603633367465602160e+08,4.722136271187994480e+08,4.845954599007496834e+08,4.925624311907786727e+08,4.790373817722562551e+08,4.656768031214260459e+08,4.534231479343761206e+08,4.421985853716216087e+08,4.319001430850017071e+08,4.220295320546481013e+08,4.126467885447539091e+08,4.049605518233510852e+08,3.963424033254246116e+08,3.881458643505710959e+08,3.817095907160403728e+08,3.739701731353929639e+08,3.670266766195414066e+08,3.603210311959384084e+08,3.539474277863145471e+08,3.479226748078002334e+08,3.422304258643644452e+08,3.365138319039380550e+08,3.304088365745328665e+08,3.252516214948672652e+08,3.202426343091591001e+08,3.138856415849018693e+08,3.094291539529017806e+08,3.051916165130351186e+08,2.996336255264232159e+08,2.935994486879156232e+08,2.868302631630476117e+08,2.801335868053981662e+08,2.731150915350548029e+08,2.662831854074833691e+08,2.593360697223758698e+08,1.000000000000000000e+00
1.304863519474961311e+08,1.359365847070325613e+08,1.412937369026581049e+08,1.467232273082413971e+08,1.522094356136293411e+08,1.576961460522706211e+08,1.632645204501233399e+08,1.688614624269575179e+08,1.744869525965696573e+08,1.801003694656198621e+08,1.858110013454926610e+08,1.915407534815692902e+08,1.972958477144294679e+08,2.031231231997338831e+08,2.089819513204487860e+08,2.149222990175723433e+08,2.208754142245940864e+08,2.268225270767056644e+08,2.328917180389491320e+08,2.389798613474268317e+08,2.450744308676573038e+08,2.513316524014315605e+08,2.575765084062830508e+08,2.638621006383406222e+08,2.702884163738961816e+08,2.767429257863757610e+08,2.832818629377411008e+08,2.898927047974599600e+08,2.965910565146902800e+08,3.033612686490434408e+08,3.102470800925942063e+08,3.172140829625040293e+08,3.242841354221991301e+08,3.315228648301137686e+08,3.387551770014293790e+08,3.462561611582679749e+08,3.538288335502401590e+08,3.615544535647263527e+08,3.695330451413850784e+08,3.776832924091913700e+08,3.860114201632591486e+08,3.945705511239965558e+08,4.034888510993789434e+08,4.126506007878005505e+08,4.220964130978161693e+08,4.320951564861693382e+08,4.422992733063299060e+08,4.527443888995206952e+08,4.642022754038569927e+08,4.760198511353183985e+08,4.856147763085492849e+08,4.856864721286947131e+08,4.712067962674688697e+08,4.582880533944239020e+08,4.463771765421097279e+08,4.352998663721076250e+08,4.252188079746232629e+08,4.156299933110295534e+08,4.068007759014797807e+08,3.986280319023621082e+08,3.900750963811690211e+08,3.828750611905381680e+08,3.756268907021389008e+08,3.680403133188277483e+08,3.614831154719355702e+08,3.544765488721997738e+08,3.490124493581936359e+08,3.417397500148233175e+08,3.359747137009403706e+08,3.310119871434791088e+08,3.248283394309065342e+08,3.195981016524885893e+08,3.142382496750442386e+08,3.089024844693372250e+08,3.041775650598527789e+08,2.988379627211461067e+08,2.938551068994727135e+08,2.890313857709537745e+08,2.848520935180975199e+08,2.798052842225914001e+08,1.000000000000000000e+00
1.163903474816645980e+08,1.216358693212328702e+08,1.269538142525877655e+08,1.323441736951750666e+08,1.377382235668155849e+08,1.431703009174993336e+08,1.485497979025212526e+08,1.540984846482533216e+08,1.596226679531970620e+08,1.652504185352436006e+08,1.707755082307856977e+08,1.763822553822664917e+08,1.821237718437204361e+08,1.878312991576393545e+08,1.935579363201869428e+08,1.993880477392063439e+08,2.051653421068120897e+08,2.110179423193678856e+08,2.169645904632184207e+08,2.229490025589619577e+08,2.289586521601365805e+08,2.350028956402533054e+08,2.411223541824188530e+08,2.473357714177775681e+08,2.534742822534155548e+08,2.597848775964752436e+08,2.661205797895977497e+08,2.725657934910121560e+08,2.790704667829098701e+08,2.856595956981619000e+08,2.922111873420576453e+08,2.989535199617745280e+08,3.058209007636795640e+08,3.126444106842042208e+08,3.197367968097212315e+08,3.268165391807541847e+08,3.340525138601893783e+08,3.413977780663366914e+08,3.489305084560635090e+08,3.565505807677003741e+08,3.643174016929752231e+08,3.723810986317012310e+08,3.805664646035749912e+08,3.890423975700066686e+08,3.976493224853334427e+08,4.066593747553570867e+08,4.158879480281369090e+08,4.256760042216957808e+08,4.354155925139727592e+08,4.455727495664750338e+08,4.564931053421387076e+08,4.679967526271262169e+08,4.772885413709350228e+08,4.840108573880853653e+08,4.770921506754634380e+08,4.631735830046493411e+08,4.506226259443968534e+08,4.390486649844976664e+08,4.285682541534944773e+08,4.182847257800924182e+08,4.088707416521930099e+08,4.002492143278916478e+08,3.920401792787777185e+08,3.839485904415247440e+08,3.770022553812876940e+08,3.692029016968253255e+08,3.624523123953571320e+08,3.557594366388570666e+08,3.491934113851251602e+08,3.427530239806461334e+08,3.367146130829867125e+08,3.300767201246883869e+08,3.244902748513270617e+08,3.195980004923053384e+08,3.131417451563174129e+08,3.084130446244432926e+08,3.035558214663413167e+08,2.982880720131770372e+08,2.938699804243614674e+08,2.883414565516839027e+08,1.000000000000000000e+00
1.025299492213182300e+08,1.077489400132154077e+08,1.129810793100806326e+08,1.182200926962091774e+08,1.235284918103142232e+08,1.289062669272312075e+08,1.342877411807568669e+08,1.396885259006912708e+08,1.450929643111197054e+08,1.506230130401239991e+08,1.561379150787132382e+08,1.616188751689806581e+08,1.671816082785713375e+08,1.728542607351962924e+08,1.785335819253270030e+08,1.842226748345196843e+08,1.898839654818565845e+08,1.957364711473909020e+08,2.015173274024412632e+08,2.073454197532149553e+08,2.132551546116254032e+08,2.191714023641971648e+08,2.252318565852362812e+08,2.311986193426437974e+08,2.372093834345210195e+08,2.434488198939788342e+08,2.496070093891700208e+08,2.558874051283369064e+08,2.622680776907322407e+08,2.685799422514361739e+08,2.750076916416998506e+08,2.815669634272381663e+08,2.881168378613736629e+08,2.948107177797676325e+08,3.016141412574732304e+08,3.084487989360707402e+08,3.153522423944031000e+08,3.224653681001021862e+08,3.295720722052924037e+08,3.368946778340690732e+08,3.442358600603144169e+08,3.518805878694762588e+08,3.595563658917438984e+08,3.674573430474438667e+08,3.755584375309147835e+08,3.838063762395495772e+08,3.923483349863159060e+08,4.011216422461660504e+08,4.101795107134363651e+08,4.196440601117866039e+08,4.290087308162089586e+08,4.386746003005317450e+08,4.491526951529937387e+08,4.603726159484659433e+08,4.695007288439184427e+08,4.770297668685723543e+08,4.820341965376662016e+08,4.684011883968895674e+08,4.549876190480200052e+08,4.426734060790291429e+08,4.314477520060555935e+08,4.211200781904270649e+08,4.111836368239764571e+08,4.017606216512972116e+08,3.940044646685155630e+08,3.853157455727835298e+08,3.770550001472514868e+08,3.705003684658150673e+08,3.626919442589669228e+08,3.557171582252835631e+08,3.489396748826920390e+08,3.424837031995972395e+08,3.363381956467763186e+08,3.305126890481501222e+08,3.246570162051793933e+08,3.184740669180726409e+08,3.132437012184822559e+08,3.081728648496885300e+08,3.016145222606422305e+08,2.970534777618694305e+08,1.000000000000000000e+00
8.890453265417063236e+07,9.401100586039189994e+07,9.919324275136938691e+07,1.043479862326580882e+08,1.095440468507883251e+08,1.147970568668286055e+08,1.200631905922531486e+08,1.254801393867909461e+08,1.307192592251791656e+08,1.361936782954287827e+08,1.415778556323808432e+08,1.470314109716032743e+08,1.525198942562643886e+08,1.580620742677694559e+08,1.636015721835696995e+08,1.692260436869620085e+08,1.748759778537066281e+08,1.804981133490833342e+08,1.862458848718544841e+08,1.919626823277459443e+08,1.977236479949384928e+08,2.036070768691282868e+08,2.094594610688215494e+08,2.154217452024067044e+08,2.213811320321908295e+08,2.273407287790646553e+08,2.334634319608676136e+08,2.395549726997933984e+08,2.456403849820338786e+08,2.518794529584145546e+08,2.581750212753737271e+08,2.644957323616253138e+08,2.709449765843563080e+08,2.774193172312109470e+08,2.839688735371085405e+08,2.906092936656138301e+08,2.973123463843977451e+08,3.040905459831721187e+08,3.110034215684126616e+08,3.180007999466819763e+08,3.250795213435187936e+08,3.323430024935030937e+08,3.395717922731319666e+08,3.470918736496703029e+08,3.547245418409690261e+08,3.624509589752658010e+08,3.704748653438048959e+08,3.786300829838818312e+08,3.869667399066079259e+08,3.955663145313732028e+08,4.045165569914798141e+08,4.136951662019482851e+08,4.226358967739928961e+08,4.323663639341291189e+08,4.422491809851937294e+08,4.526943452092496157e+08,4.620400775287923217e+08,4.691835791983583570e+08,4.757734626442974806e+08,4.742023626225177646e+08,4.596946350873740911e+08,4.468428552229221463e+08,4.349124901284512281e+08,4.237498919871978164e+08,4.137185475476645827e+08,4.040540030756020546e+08,3.951540453741729259e+08,3.868492271700519323e+08,3.782863856265268326e+08,3.709625309517446160e+08,3.636443933557619452e+08,3.559579295588098168e+08,3.493384686762050390e+08,3.422538209544901252e+08,3.367085059540804029e+08,3.294018393140796423e+08,3.235382950426085591e+08,3.183966325185990930e+08,3.121221163026884794e+08,3.067921617177278996e+08,1.000000000000000000e+00
7.555555421679557860e+07,8.061732921271277964e+07,8.560777925114043057e+07,9.071482699010016024e+07,9.586955173241575062e+07,1.009685452681881189e+08,1.061841128978732526e+08,1.114723837750002146e+08,1.167017275216078311e+08,1.219786665192826986e+08,1.273251288703315556e+08,1.327222981071377099e+08,1.381607539907310009e+08,1.436091323266314268e+08,1.490015690093752742e+08,1.545606439971391559e+08,1.600919556618035138e+08,1.657616704373181462e+08,1.713251827542187572e+08,1.769486643265852034e+08,1.826916897229644954e+08,1.884068379283807278e+08,1.941662223568445742e+08,2.000074644687497616e+08,2.058427157896062732e+08,2.116907717513546348e+08,2.176551387128146887e+08,2.236699184008791745e+08,2.297131283136715889e+08,2.358035717905092835e+08,2.419004342437320352e+08,2.481417597699115872e+08,2.543298380744906068e+08,2.606560639109338224e+08,2.669729262707132399e+08,2.734498654645388126e+08,2.799864381501138806e+08,2.865826212481466532e+08,2.931693385688502789e+08,2.999348847809720039e+08,3.068290229775243402e+08,3.136885077807576060e+08,3.207707024174474478e+08,3.278998040441098809e+08,3.351636781417778730e+08,3.425591599266694188e+08,3.501019196448267698e+08,3.577511201818564534e+08,3.655506821092235446e+08,3.736481243341530561e+08,3.818770351587124467e+08,3.903629571501028538e+08,3.990305122969759703e+08,4.080711715715907216e+08,4.173216487907367945e+08,4.257323373726557493e+08,4.354154764224523306e+08,4.455320298166657686e+08,4.547638842054937482e+08,4.619118797533183098e+08,4.681298910334137082e+08,4.726454547162122130e+08,4.649534002108405232e+08,4.510005468943969607e+08,4.384102495544956326e+08,4.268533856873744726e+08,4.163066547646225095e+08,4.060678037504554391e+08,3.966089011348912120e+08,3.879377307155171633e+08,3.796656447562352419e+08,3.714571781614091992e+08,3.644495268692647815e+08,3.565700343514200449e+08,3.497283909264900684e+08,3.429806987073702216e+08,3.363451241112750769e+08,3.297947319735675454e+08,3.237544664602559805e+08,3.169895713173960447e+08,1.000000000000000000e+00
6.245483120020245016e+07,6.731603327157112956e+07,7.226575372284659743e+07,7.726009856649038196e+07,8.229278507997421920e+07,8.736379958103951812e+07,9.250448935846595466e+07,9.763330418097804487e+07,1.027972645491883010e+08,1.080214505947200656e+08,1.132776192456690520e+08,1.185375175957859457e+08,1.238356349751254618e+08,1.292378461676433533e+08,1.346186341500543356e+08,1.400689731714561880e+08,1.454852899887432754e+08,1.510150610172396600e+08,1.565358749397669137e+08,1.620759556463523805e+08,1.676446978191608489e+08,1.733425348510805070e+08,1.790313329575765729e+08,1.847330400129313171e+08,1.904005347943921387e+08,1.962944001120876968e+08,2.020880774876731932e+08,2.079448167861907780e+08,2.138897223872295916e+08,2.198348473068712056e+08,2.259026482804686129e+08,2.318921057090504467e+08,2.379508044254521728e+08,2.441572485867445469e+08,2.503480922061071992e+08,2.566960721824794412e+08,2.630252610471682847e+08,2.693921751429550648e+08,2.758344876999999285e+08,2.824150093092415333e+08,2.890017700430867076e+08,2.957109882112941742e+08,3.025143666703804135e+08,3.093867448139330149e+08,3.163155297620568275e+08,3.234263780954834223e+08,3.306030082507516146e+08,3.379490862622786164e+08,3.453294691249853969e+08,3.529483769125578403e+08,3.606832334425781965e+08,3.686219960490192771e+08,3.766797898107581139e+08,3.850042787135543823e+08,3.935954316827291250e+08,4.023997931540172696e+08,4.114518947381912470e+08,4.194816648006268144e+08,4.289616557304503918e+08,4.386338403716787696e+08,4.477818418856378794e+08,4.550010342011796236e+08,4.608383148307730556e+08,4.661784266580867767e+08,4.692883096305288076e+08,4.557480756034520268e+08,4.423563317303020358e+08,4.300493678322811127e+08,4.187084241225941181e+08,4.083146241331675053e+08,3.984226301757186055e+08,3.888501185393474102e+08,3.810523359513893127e+08,3.723593243825184703e+08,3.640176854699710011e+08,3.574250469291377068e+08,3.495308097854595184e+08,3.424630042315127850e+08,3.355698626150138378e+08,3.290480275090827346e+08,1.000000000000000000e+00
4.968394647068436444e+07,5.438389316877222806e+07,5.926665719268152863e+07,6.410937941999286413e+07,6.905958350857698917e+07,7.398854407831080258e+07,7.897473455813594162e+07,8.402128615126012266e+07,8.912190883610157669e+07,9.427659400158193707e+07,9.946648329106160998e+07,1.046381606050506532e+08,1.098544279861599952e+08,1.151466884470160455e+08,1.204301015496900976e+08,1.258428969703252465e+08,1.311399731064279228e+08,1.365946843292325139e+08,1.420279006902534068e+08,1.475055949763740301e+08,1.530088918468512893e+08,1.585534888814610541e+08,1.641330789352154434e+08,1.697916567287084758e+08,1.754600450199193358e+08,1.810973466803298891e+08,1.868890377685886919e+08,1.926213018951408863e+08,1.984104497073009610e+08,2.043004900391684175e+08,2.101876309078676999e+08,2.161441804265311658e+08,2.221197978946330845e+08,2.281176054088865817e+08,2.342602460788735449e+08,2.403810014877585769e+08,2.465270235962783992e+08,2.527517653362988532e+08,2.590835183292186856e+08,2.654215979726482332e+08,2.719169820666282177e+08,2.784060604100210071e+08,2.849863354134120941e+08,2.916514916638948321e+08,2.983668956907389164e+08,3.051514011572915316e+08,3.121151089059660435e+08,3.191541633115893602e+08,3.262433639602103233e+08,3.335211360145402551e+08,3.407703317121707201e+08,3.483118901864469647e+08,3.560104758925473690e+08,3.637622134407044649e+08,3.718030887753409147e+08,3.799946086396147013e+08,3.883587689907791018e+08,3.970277086534195542e+08,4.059825124923807979e+08,4.147254718010558486e+08,4.225699857266654372e+08,4.323130075311164260e+08,4.411741340738545656e+08,4.478779441034557819e+08,4.538938604523838758e+08,4.588964490818256140e+08,4.636564989576740265e+08,4.610005938096470833e+08,4.465240445982148647e+08,4.336325132353136539e+08,4.216664634527431726e+08,4.110181333094958067e+08,4.004547671967517138e+08,3.907459784330470562e+08,3.818434767835019231e+08,3.734768013594324589e+08,3.648698878661125898e+08,3.574591132681733966e+08,3.501187311317083836e+08,3.423767938081168532e+08,1.000000000000000000e+00
3.729487528911069036e+07,4.189153137248079479e+07,4.655181366849224269e+07,5.127571800155273080e+07,5.606324042525648326e+07,6.092066139605955034e+07,6.577882900977429748e+07,7.069115772319416702e+07,7.572365582258099318e+07,8.076314959454792738e+07,8.578760991351123154e+07,9.090706283894030750e+07,9.609320533531995118e+07,1.012328150912978947e+08,1.064548072314313948e+08,1.117497382119678706e+08,1.170075089185795784e+08,1.223130202409716249e+08,1.276819891663034558e+08,1.330860883685135543e+08,1.385536175514284372e+08,1.440121934966474175e+08,1.494492021793816388e+08,1.550188154041866660e+08,1.605762641134720743e+08,1.662411184112820625e+08,1.718371126898417771e+08,1.774838202986204326e+08,1.832315887737245560e+08,1.889670812517971396e+08,1.947406403871688545e+08,2.006215063389416337e+08,2.065215136355480552e+08,2.123556258460358679e+08,2.183347723563010991e+08,2.243581807324147522e+08,2.304415739096449018e+08,2.365471445636625290e+08,2.426622684973419309e+08,2.489254914919926226e+08,2.551352360949395299e+08,2.615213844696953893e+08,2.678477054300752878e+08,2.743409416595996022e+08,2.808939867463899851e+08,2.875194162452771664e+08,2.941353052574460506e+08,3.009243274373551011e+08,3.078266124008920789e+08,3.147696807343710661e+08,3.218165096470677257e+08,3.289796749116627574e+08,3.362812028011581898e+08,3.436738106270801425e+08,3.512362303880522251e+08,3.589274787838135362e+08,3.667506759155547023e+08,3.749074256234077215e+08,3.831803105731073022e+08,3.916417594900705218e+08,4.003673514531978369e+08,4.094418695074599385e+08,4.177102073810885549e+08,4.256507986666917801e+08,4.345586842560911179e+08,4.412531683498847485e+08,4.470545570284411311e+08,4.520314028266376853e+08,4.565023244155870676e+08,4.595039869515639544e+08,4.513245556146726012e+08,4.374028810216679573e+08,4.248100787898094654e+08,4.132162802214725614e+08,4.026666595122423172e+08,3.924211229329947233e+08,3.829494485939302444e+08,3.741902063135790229e+08,3.658951395328952074e+08,3.576641668328350782e+08,1.000000000000000000e+00
2.548150985452386364e+07,2.980461375176761672e+07,3.426677210746186972e+07,3.880514601764056087e+07,4.342602250758250058e+07,4.810111234562316537e+07,5.287127668979288638e+07,5.766420720282390714e+07,6.253019669843422621e+07,6.738119398461389542e+07,7.233982028711876273e+07,7.739664469128435850e+07,8.245101813001561165e+07,8.752808151410771906e+07,9.268129582237206399e+07,9.780054439303828776e+07,1.029959135573198944e+08,1.082327872554183751e+08,1.135205898113022298e+08,1.187932227920042425e+08,1.241010127127675712e+08,1.295068895185475200e+08,1.349101276111878753e+08,1.403799513300930262e+08,1.458124675750494599e+08,1.513933823102260232e+08,1.569086131662243903e+08,1.624525794079346657e+08,1.680693401631024480e+08,1.737557332696901858e+08,1.794834045865176916e+08,1.851830535053789616e+08,1.908766932009563744e+08,1.967690128085066378e+08,2.025639522414121032e+08,2.084630542847294211e+08,2.144033089445769787e+08,2.203720952512882948e+08,2.264638930560422838e+08,2.324707731918993592e+08,2.385659694258549809e+08,2.447841177910975814e+08,2.510023327645586133e+08,2.573655175144245327e+08,2.637035131488826871e+08,2.700824596870738864e+08,2.765779538482300639e+08,2.831805237373244762e+08,2.897735553336991072e+08,2.965177305071755648e+08,3.033279455374237895e+08,3.102356863327443600e+08,3.171652947459886074e+08,3.242932236371166706e+08,3.315091470248880386e+08,3.388477049894281626e+08,3.462426850763273835e+08,3.539178242694159746e+08,3.616587828246529102e+08,3.696420241476802826e+08,3.777036276695358157e+08,3.860673342884383202e+08,3.946889860477501154e+08,4.034897527746812701e+08,4.121571112198777199e+08,4.194000439530701041e+08,4.282636352096254826e+08,4.348059249819517732e+08,4.404378774271409512e+08,4.453452104970368147e+08,4.496782083530707955e+08,4.535564410318799615e+08,4.552951755213198066e+08,4.418106127504305840e+08,4.283658820634953976e+08,4.160375400949918032e+08,4.047297944719492793e+08,3.943308129298117161e+08,3.844474646136955619e+08,3.753043825753706098e+08,1.000000000000000000e+00
1.446053102050731331e+07,1.845419108588868380e+07,2.256187661453941464e+07,2.690002476000811905e+07,3.129875169303073362e+07,3.579267273513035476e+07,4.030940297191286832e+07,4.495595032622601837e+07,4.969140452901074290e+07,5.443706053089953959e+07,5.929365319313064963e+07,6.417302171100702882e+07,6.912553478920851648e+07,7.408505139529879391e+07,7.908304802105930448e+07,8.413525870209996402e+07,8.924797299848668277e+07,9.442748426831622422e+07,9.962652356912353635e+07,1.048198663716644198e+08,1.100421490754472315e+08,1.153658311437316686e+08,1.206617011058790684e+08,1.260841596080176234e+08,1.313999714515073746e+08,1.368644056201334000e+08,1.423167029882096052e+08,1.478293414494839907e+08,1.533297970485296547e+08,1.588779466790062785e+08,1.644580058239208162e+08,1.701866223577841520e+08,1.758872100864007473e+08,1.815313580390064120e+08,1.873113998438430429e+08,1.930664898917579055e+08,1.988817527740530074e+08,2.047855580473641753e+08,2.106769555590775013e+08,2.166757830015931129e+08,2.226369207581751645e+08,2.286770570515908897e+08,2.348308735966522992e+08,2.409658571573544145e+08,2.471324537336815596e+08,2.533748099169259965e+08,2.597181444131217599e+08,2.660961813875356019e+08,2.725909300121317506e+08,2.790919343569525480e+08,2.856938289773957133e+08,2.923808138069450855e+08,2.991181525385696292e+08,3.059468430642046332e+08,3.129268177559195161e+08,3.199886274587352276e+08,3.270565049451344013e+08,3.343702640078668594e+08,3.416647867511597276e+08,3.492146070425351858e+08,3.569471115593353510e+08,3.646792225968588591e+08,3.727864738629681468e+08,3.809942600880918503e+08,3.894003838540278077e+08,3.980584626116941571e+08,4.063292910096557736e+08,4.146215463477689624e+08,4.220437439764357805e+08,4.288737562642859221e+08,4.342027868475596309e+08,4.388383151332952380e+08,4.430335829776461720e+08,4.466672277429444790e+08,4.502053104915441275e+08,4.467887963800446987e+08,4.322717307225758433e+08,4.193711879271536469e+08,4.073878154763246775e+08,3.967248823481070995e+08,1.000000000000000000e+00
4.870892374317588285e+06,8.202959257294181734e+06,1.187266167171619087e+07,1.575410234931185469e+07,1.975283020658991858e+07,2.397281672490245849e+07,2.832904366303087026e+07,3.274906199163817242e+07,3.725492671234209836e+07,4.185609448987654597e+07,4.653681204034310579e+07,5.129077513208429515e+07,5.608015555814350396e+07,6.095222661136598885e+07,6.584393337191241235e+07,7.078994021567252278e+07,7.582807679254882038e+07,8.085427812388113141e+07,8.588744054399017990e+07,9.106316181380443275e+07,9.624582110214367509e+07,1.013912354764854312e+08,1.066697227216499299e+08,1.119550925732634068e+08,1.172220838482641578e+08,1.225369275083414167e+08,1.279500967914458662e+08,1.333511382003498524e+08,1.388410122963195443e+08,1.443029374494005144e+08,1.497779142756888270e+08,1.553385166556406915e+08,1.609342297143450677e+08,1.665934443785181344e+08,1.722182821077792943e+08,1.778939513589873016e+08,1.836456925605287552e+08,1.894008715414657593e+08,1.951910381706979871e+08,2.010951105702481568e+08,2.070088727243248224e+08,2.128722975249746144e+08,2.188558873959301114e+08,2.248996232842374444e+08,2.309655855037047267e+08,2.371421858718415499e+08,2.432462132451440394e+08,2.495587502954092026e+08,2.557386473174176216e+08,2.621522847533273101e+08,2.685216742380746603e+08,2.750236836121749878e+08,2.815856364401208758e+08,2.882390997287890911e+08,2.948797951021568775e+08,3.016814525614575148e+08,3.086314142965281010e+08,3.155843241884423494e+08,3.226444133013693094e+08,3.298432503427568674e+08,3.371144585880950689e+08,3.445559541632114649e+08,3.521582310583528876e+08,3.598517478026025891e+08,3.677375814362879395e+08,3.759104898554068804e+08,3.842061379940422773e+08,3.926655656983834505e+08,4.013994313027180433e+08,4.093156514312750697e+08,4.172700071165392399e+08,4.224587414500744343e+08,4.279431491164824367e+08,4.325206849017959237e+08,4.366516715747067928e+08,4.402266029711725712e+08,4.434626049301529527e+08,4.455009118836286664e+08,4.369381848893741369e+08,4.229915804205555916e+08,1.000000000000000000e+00
0.000000000000000000e+00,4.981700066864385153e+05,2.831666927797964308e+06,5.887823516304848716e+06,9.373530765698498115e+06,1.312488092125342228e+07,1.709146246939163655e+07,2.115028012797934934e+07,2.545594495474342629e+07,2.977500311353486404e+07,3.427784900606783479e+07,3.882249026105490327e+07,4.347835677170799673e+07,4.816969865377156436e+07,5.295016996206822991e+07,5.778504316622748226e+07,6.265852377546065301e+07,6.754217950284224749e+07,7.253072731615088880e+07,7.758311406780464947e+07,8.264563871941290796e+07,8.775302558722670376e+07,9.294316816959108412e+07,9.808021994138133526e+07,1.033221109789789915e+08,1.085424600156634748e+08,1.138518287137112916e+08,1.191901718592494726e+08,1.244942684160442203e+08,1.299315849342228770e+08,1.353567385696207285e+08,1.408265952533863485e+08,1.462937240444293916e+08,1.518971872417491674e+08,1.574473061836589873e+08,1.630199245998187363e+08,1.686466338294218779e+08,1.743305786968214512e+08,1.800907147984622121e+08,1.858005455455185473e+08,1.915264418407836556e+08,1.974233365989252031e+08,2.032635269532206059e+08,2.091956219943408966e+08,2.151437009939191341e+08,2.211994614461922348e+08,2.272521842092049420e+08,2.333018417219318449e+08,2.394338133068209589e+08,2.456797111601000130e+08,2.519161473374575377e+08,2.582854503941436410e+08,2.646642208455876410e+08,2.710650883675964475e+08,2.776019193406573534e+08,2.842082544478801489e+08,2.908302829373260140e+08,2.976103530918782949e+08,3.044345413101009130e+08,3.113882473952445984e+08,3.183322260584499836e+08,3.255037595616298318e+08,3.327098070475868583e+08,3.401148799772579074e+08,3.475544072809162140e+08,3.552340388141207695e+08,3.630208428118153811e+08,3.710445263679282069e+08,3.791278504676425457e+08,3.875713984832082987e+08,3.960622287941253781e+08,4.035580514984345436e+08,4.118168623742566705e+08,4.164718409596719146e+08,4.219485858501915932e+08,4.263534599454191923e+08,4.304117763246617317e+08,4.339199213634634018e+08,4.370899512085829973e+08,4.398402668386501074e+08,1.000000000000000000e+00
0.000000000000000000e+00,0.000000000000000000e+00,0.000000000000000000e+00,0.000000000000000000e+00,1.098422074896494625e+06,3.718604270281261764e+06,6.917051572483768687e+06,1.052658501812261716e+07,1.434837817168165371e+07,1.834773801805500314e+07,2.247416510455019772e+07,2.683506713373660296e+07,3.125359466971428320e+07,3.574553851065371931e+07,4.030142010762982070e+07,4.496863024868361652e+07,4.971557720347490907e+07,5.448537579662318528e+07,5.936650365731227398e+07,6.425150093418042362e+07,6.922885375857552886e+07,7.420056286391109228e+07,7.921718899540042877e+07,8.428820344242365658e+07,8.944521462118451297e+07,9.463446315486866236e+07,9.984328059870064259e+07,1.050463473869535327e+08,1.103132206541372389e+08,1.156628679233802259e+08,1.209624244710193574e+08,1.263858462867504060e+08,1.317433140951618254e+08,1.372214560104001462e+08,1.427063659198565185e+08,1.482518105694398284e+08,1.537312006642403603e+08,1.593280442616941631e+08,1.649410624815583825e+08,1.706715095903927386e+08,1.763832814745458663e+08,1.820415334045247436e+08,1.878931244158713520e+08,1.936373390524311662e+08,1.994767325597641170e+08,2.053891329100421369e+08,2.113301985167517066e+08,2.173505634718999863e+08,2.233172325392684340e+08,2.293821510639153719e+08,2.355421352279244363e+08,2.417021758491101265e+08,2.479192407913795710e+08,2.541933085365606248e+08,2.605243541603829563e+08,2.669376907203326821e+08,2.734744624734638929e+08,2.800016390229045153e+08,2.865888645655677915e+08,2.933152896743791103e+08,3.000637084826805592e+08,3.069291085216442943e+08,3.139463036972919106e+08,3.210012472337581515e+08,3.281255832547354698e+08,3.354586452287688255e+08,3.427913597758725286e+08,3.503739206332821846e+08,3.580986062402921319e+08,3.659305424830279946e+08,3.740185683274686337e+08,3.822549553192058802e+08,3.906650070590412617e+08,3.984044781599639058e+08,4.060518253366512656e+08,4.119242029938386083e+08,4.159660950181635022e+08,4.206404713643609285e+08,4.243754563014557958e+08,4.276917449544171095e+08,1.000000000000000000e+00
0.000000000000000000e+00,0.000000000000000000e+00,0.000000000000000000e+00,0.000000000000000000e+00,0.000000000000000000e+00,0.000000000000000000e+00,0.000000000000000000e+00,1.826060457215060480e+06,4.701476120438251644e+06,8.048288589247209951e+06,1.174021404181084037e+07,1.561931047746558487e+07,1.967297047719113156e+07,2.387593607522875071e+07,2.825984358810224384e+07,3.269509305276716501e+07,3.724175562129673362e+07,4.182710817043112963e+07,4.655866530737502873e+07,5.130360614531144500e+07,5.613149912395827472e+07,6.099489346961025894e+07,6.590642959722018987e+07,7.089457057428467274e+07,7.592450750504565239e+07,8.096458405804380774e+07,8.603693061343801022e+07,9.120482690483303368e+07,9.641763022445790470e+07,1.015835351600314081e+08,1.068987647508856803e+08,1.121892156268400401e+08,1.174896827709481567e+08,1.228223064018304199e+08,1.282313949386851788e+08,1.336599429971132576e+08,1.391395956014470458e+08,1.446671688701417446e+08,1.501318047718291283e+08,1.557329937944876850e+08,1.613313742359737754e+08,1.669966029857037663e+08,1.726684812621104419e+08,1.783438154368478656e+08,1.841081140349594653e+08,1.899233462204282880e+08,1.957071220107076168e+08,2.016304959018303752e+08,2.075603876569840312e+08,2.134619158752132058e+08,2.194522923297036886e+08,2.255093171999672651e+08,2.316044499356265366e+08,2.377661890115688741e+08,2.439184539259827435e+08,2.502577063292579055e+08,2.564701752384556830e+08,2.628664187703301013e+08,2.693006304101402760e+08,2.758044767311496139e+08,2.824001215887916684e+08,2.890843717456150651e+08,2.957177349714893699e+08,3.025442502219963670e+08,3.095195201717708707e+08,3.164850263181246519e+08,3.236055719517756701e+08,3.307987134221163988e+08,3.381563496493155956e+08,3.455675017659775019e+08,3.532255100867425203e+08,3.609179512797097564e+08,3.688286558992342949e+08,3.770463518801144958e+08,3.853649500647033453e+08,3.933992183318450451e+08,4.011401185972802639e+08,4.067605396545414329e+08,4.113644320301410556e+08,4.144663975470041037e+08,1.000000000000000000e+00
0.000000000000000000e+00,0.000000000000000000e+00,0.000000000000000000e+00,0.000000000000000000e+00,0.000000000000000000e+00,0.000000000000000000e+00,0.000000000000000000e+00,0.000000000000000000e+00,0.000000000000000000e+00,4.112560592662589625e+05,2.644960953961230814e+06,5.695460070432377048e+06,9.180084093915028498e+06,1.295969484426283650e+07,1.693307794903081283e+07,2.103063223873430863e+07,2.533468015293495730e+07,2.967429855271928012e+07,3.420145509435014427e+07,3.875468761316956580e+07,4.342581839446230978e+07,4.816418395072029531e+07,5.294127346619643271e+07,5.778241540891380608e+07,6.269077110812231898e+07,6.759030088519145548e+07,7.260137480801951885e+07,7.763210925730493665e+07,8.273001609200553596e+07,8.785389071719345450e+07,9.304808495082271099e+07,9.823335259908613563e+07,1.034572141783740819e+08,1.087164835367930532e+08,1.140428442500567436e+08,1.193855607920389175e+08,1.247572939292937368e+08,1.302024131693262756e+08,1.356130996697920859e+08,1.410971370095997751e+08,1.465720619234857261e+08,1.522217853492524624e+08,1.577481871707861722e+08,1.633764150075505674e+08,1.690017860100046396e+08,1.747194330004649162e+08,1.804976237247945070e+08,1.862253113538121879e+08,1.919881161081693172e+08,1.978970560047191381e+08,2.037459004747591913e+08,2.096837351528008580e+08,2.156470868816399872e+08,2.217406395681787729e+08,2.277898594185410440e+08,2.338740437691320181e+08,2.400280763001374900e+08,2.462900146297351420e+08,2.525455965699763000e+08,2.589280829862523675e+08,2.653041597684125006e+08,2.717404485235742927e+08,2.783035729277389646e+08,2.849300350658556819e+08,2.915468074594910741e+08,2.983950836293600798e+08,3.052748808539721370e+08,3.121861678856230378e+08,3.191638315630203485e+08,3.263665521582280397e+08,3.335911543161144257e+08,3.410248877509738803e+08,3.484931384355408549e+08,3.561958539918882847e+08,3.640060315097088218e+08,3.720569583597594500e+08,3.801994063179914355e+08,3.886587161532933712e+08,3.957709127685247064e+08,4.011018680340620875e+08,1.000000000000000000e+00
0.000000000000000000e+00,0.000000000000000000e+00,0.000000000000000000e+00,0.000000000000000000e+00,0.000000000000000000e+00,0.000000000000000000e+00,0.000000000000000000e+00,0.000000000000000000e+00,0.000000000000000000e+00,0.000000000000000000e+00,0.000000000000000000e+00,0.000000000000000000e+00,9.852710689721899107e+05,3.580281194600990508e+06,6.758840511276111007e+06,1.038800738874132372e+07,1.423970500966783613e+07,1.824107779227146506e+07,2.238580921436187252e+07,2.677219514411642402e+07,3.120371211759680137e+07,3.570254678604672849e+07,4.029723536857777089e+07,4.499095230505647510e+07,4.973929971129412949e+07,5.452958190355318785e+07,5.942522858596496284e+07,6.430886739688346535e+07,6.932323742777501047e+07,7.431922447707507014e+07,7.934122579805663228e+07,8.444634003941959143e+07,8.964408346221463382e+07,9.484876338744232059e+07,1.000698780984799266e+08,1.052756662056576312e+08,1.105772021369063407e+08,1.159459094276620150e+08,1.212516136231678426e+08,1.266847723899329305e+08,1.320802805024034232e+08,1.375555904461865425e+08,1.430471828885375559e+08,1.486534792081882954e+08,1.541267617032018304e+08,1.597687002998404801e+08,1.653791991401129365e+08,1.711456273105830252e+08,1.768710455935471356e+08,1.825554217288148403e+08,1.884115605368486941e+08,1.942043757623630464e+08,2.000736161960266829e+08,2.059906737126396894e+08,2.119332843807317913e+08,2.179840353411495090e+08,2.239649757194544077e+08,2.300476568788622022e+08,2.362384149247212112e+08,2.424196592406706214e+08,2.486612707963617444e+08,2.549409825416442752e+08,2.612873698208440542e+08,2.677353678846432567e+08,2.743135563209799528e+08,2.808407603820480704e+08,2.874726794439342618e+08,2.942092897875794172e+08,3.009901780214405060e+08,3.078820622955074310e+08,3.149230558341392279e+08,3.220050663785368204e+08,3.291534915432248116e+08,3.365176897397723198e+08,3.438783155727069974e+08,3.514959768001281619e+08,3.592148930038120747e+08,3.670954236314520836e+08,3.751915703781989813e+08,3.834587973972453475e+08,1.000000000000000000e+00
0.000000000000000000e+00,0.000000000000000000e+00,0.000000000000000000e+00,0.000000000000000000e+00,0.000000000000000000e+00,0.000000000000000000e+00,0.000000000000000000e+00,0.000000000000000000e+00,0.000000000000000000e+00,0.000000000000000000e+00,0.000000000000000000e+00,0.000000000000000000e+00,0.000000000000000000e+00,0.000000000000000000e+00,0.000000000000000000e+00,1.684870881974999327e+06,4.534683813290167600e+06,7.873784550405121408e+06,1.159121128695178777e+07,1.551564589232910052e+07,1.958046301483843848e+07,2.384282899250135571e+07,2.820117469239607453e+07,3.269360990660258755e+07,3.724075798921756446e+07,4.185849177021949738e+07,4.658174543593031168e+07,5.137558298888979852e+07,5.620187932709647715e+07,6.109874348570712656e+07,6.603757489749228954e+07,7.102471550886212289e+07,7.607286363326664269e+07,8.113752031636826694e+07,8.624726754279065132e+07,9.142434115648531914e+07,9.664965966174952686e+07,1.018405612802926749e+08,1.071686795947688073e+08,1.124845967411694080e+08,1.178137205806050301e+08,1.231910040632001013e+08,1.286291511502555907e+08,1.340677286080841869e+08,1.395734947243662775e+08,1.451209918581274748e+08,1.506370536381343901e+08,1.562488719164345860e+08,1.618419307809216976e+08,1.675657019713662565e+08,1.732324991403772235e+08,1.789472663870439529e+08,1.847290722143957615e+08,1.905683544364817142e+08,1.963855563553564250e+08,2.023015505220669210e+08,2.082749594202701747e+08,2.142007596210181713e+08,2.202252920139824450e+08,2.262880787229245901e+08,2.324081887635391057e+08,2.386078774249635041e+08,2.447948328235185742e+08,2.511567941551359296e+08,2.573945831547316611e+08,2.637977835142313242e+08,2.702899948514236212e+08,2.768361803045297861e+08,2.834076697103672624e+08,2.901540309231089354e+08,2.968237889568173885e+08,3.036938313028486967e+08,3.106718277717711926e+08,3.176654410677509308e+08,3.247955981415987015e+08,3.320431735193712711e+08,3.394240522915916443e+08,3.468745400267925858e+08,3.545537649539157152e+08,3.622643350649503469e+08,1.000000000000000000e+00
0.000000000000000000e+00,0.000000000000000000e+00,0.000000000000000000e+00,0.000000000000000000e+00,0.000000000000000000e+00,0.000000000000000000e+00,0.000000000000000000e+00,0.000000000000000000e+00,0.000000000000000000e+00,0.000000000000000000e+00,0.000000000000000000e+00,0.000000000000000000e+00,0.000000000000000000e+00,0.000000000000000000e+00,0.000000000000000000e+00,0.000000000000000000e+00,0.000000000000000000e+00,0.000000000000000000e+00,2.485899839005193673e+06,5.508880448348875158e+06,8.992872343147402629e+06,1.278237897796758637e+07,1.679489119648794085e+07,2.088116452864754200e+07,2.522226638170348480e+07,2.959268606738785282e+07,3.414491433023501933e+07,3.869150902815064788e+07,4.336908832471104711e+07,4.811728246685954183e+07,5.289794809777642041e+07,5.778417548400452733e+07,6.271875061159695685e+07,6.762854722188422084e+07,7.265659844232308865e+07,7.769480913713680208e+07,8.281628897154927254e+07,8.795107581887790561e+07,9.318183133701355755e+07,9.838451974589608610e+07,1.036322631687919647e+08,1.089059622951249331e+08,1.142278641054373682e+08,1.195947719999326020e+08,1.249589513099579960e+08,1.304253632362211794e+08,1.358921902014675736e+08,1.413784985312637091e+08,1.469033573771715760e+08,1.525653913488902748e+08,1.581004699979092181e+08,1.637504130867642164e+08,1.694133687882320285e+08,1.751179563974807858e+08,1.809309963944696486e+08,1.866837803869240880e+08,1.924749489616446197e+08,1.983776939642197490e+08,2.042423868395536542e+08,2.101963327154186964e+08,2.162140470930923522e+08,2.222955075697698295e+08,2.283738369395179152e+08,2.344681081497947574e+08,2.406451584638522267e+08,2.469240696020366848e+08,2.532093007691104114e+08,2.596377417115207911e+08,2.660278724885853827e+08,2.724592689412973523e+08,2.790656481051274538e+08,2.856750312798374891e+08,2.923478934495655298e+08,2.992052193216291666e+08,3.060845740215395093e+08,3.130305107249586582e+08,3.200748471137560606e+08,3.272716939734772444e+08,3.345414045499413013e+08,3.419826749183532000e+08,1.000000000000000000e+00
0.000000000000000000e+00,0.000000000000000000e+00,0.000000000000000000e+00,0.000000000000000000e+00,0.000000000000000000e+00,0.000000000000000000e+00,0.000000000000000000e+00,0.000000000000000000e+00,0.000000000000000000e+00,0.000000000000000000e+00,0.000000000000000000e+00,0.000000000000000000e+00,0.000000000000000000e+00,0.000000000000000000e+00,0.000000000000000000e+00,0.000000000000000000e+00,0.000000000000000000e+00,0.000000000000000000e+00,0.000000000000000000e+00,0.000000000000000000e+00,8.684203378593497910e+05,3.407209572596720420e+06,6.544628577794404700e+06,1.018537515798255056e+07,1.404953741375922412e+07,1.809578606829279661e+07,2.226049562555548549e+07,2.665826911653488129e+07,3.110769643415321410e+07,3.565015705760402977e+07,4.025381518576870859e+07,4.495050579550322890e+07,4.972430820804897696e+07,5.452426455801110715e+07,5.944272101273546368e+07,6.435227702946355939e+07,6.937395171922342479e+07,7.439943651903852820e+07,7.945101153989852965e+07,8.457963371079507470e+07,8.979166883159190416e+07,9.499789033840179443e+07,1.002715653914102167e+08,1.054788352284620106e+08,1.108300089570683390e+08,1.162039739173926413e+08,1.215401476570450068e+08,1.269851303081927150e+08,1.323954654659480304e+08,1.379177677449565530e+08,1.434340700381593108e+08,1.490272423203607202e+08,1.545729199852930903e+08,1.602049945923872888e+08,1.658405429535309672e+08,1.716007190496464372e+08,1.773228737900885344e+08,1.830548118758419156e+08,1.889400275064179301e+08,1.947616329936555028e+08,2.006471740204512477e+08,2.065806847815788090e+08,2.125653316555121839e+08,2.186234239956377447e+08,2.246369109219590724e+08,2.307684544255532920e+08,2.369701850380085707e+08,2.431463744765782654e+08,2.494788385865588784e+08,2.557314741511841416e+08,2.621180064585748613e+08,2.685841770580998659e+08,2.751905818436642885e+08,2.817393806261340380e+08,2.884155993006439805e+08,2.951649729114542603e+08,3.019810909952741861e+08,3.088862628459632397e+08,3.159442756169607639e+08,3.230657579492166638e+08,1.000000000000000000e+00
0.000000000000000000e+00,0.000000000000000000e+00,0.000000000000000000e+00,0.000000000000000000e+00,0.000000000000000000e+00,0.000000000000000000e+00,0.000000000000000000e+00,0.000000000000000000e+00,0.000000000000000000e+00,0.000000000000000000e+00,0.000000000000000000e+00,0.000000000000000000e+00,0.000000000000000000e+00,0.000000000000000000e+00,0.000000000000000000e+00,0.000000000000000000e+00,0.000000000000000000e+00,0.000000000000000000e+00,0.000000000000000000e+00,0.000000000000000000e+00,0.000000000000000000e+00,0.000000000000000000e+00,0.000000000000000000e+00,1.534183510303369956e+06,4.316495838150901720e+06,7.650081724043816328e+06,1.135678465875883959e+07,1.530932476986017451e+07,1.940266440627458692e+07,2.367822311528869718e+07,2.806914447789809108e+07,3.256588216205112636e+07,3.711428847538630664e+07,4.176851346697942168e+07,4.648714312784372270e+07,5.128610257093378901e+07,5.614626949425687641e+07,6.108038285095729679e+07,6.598964047808659077e+07,7.100787687715458870e+07,7.607453137367081642e+07,8.118321643341825902e+07,8.627334705699756742e+07,9.149473656607636809e+07,9.671347881274373829e+07,1.019454921056178063e+08,1.072832268885411620e+08,1.125991237694014758e+08,1.179569352318482548e+08,1.233375088181938976e+08,1.287822871440712959e+08,1.342466004694685340e+08,1.397782754366231263e+08,1.453390159118684530e+08,1.508841423938841224e+08,1.565029519250000417e+08,1.621061005685071945e+08,1.678371326595934033e+08,1.735588420173017085e+08,1.792743926230807900e+08,1.850667205933966339e+08,1.909358086448727846e+08,1.967476128119086921e+08,2.026903825938953161e+08,2.086779390014938414e+08,2.146560042136153579e+08,2.207171063113365173e+08,2.267335584462667108e+08,2.328712998823041618e+08,2.391143557942710519e+08,2.453254523221531808e+08,2.516769276210973561e+08,2.579421250379287004e+08,2.643668046837435365e+08,2.709062584776195884e+08,2.774646939214017391e+08,2.840580446183167696e+08,2.908107840419152975e+08,2.975058057820656896e+08,3.043761251348647475e+08,1.000000000000000000e+00
0.000000000000000000e+00,0.000000000000000000e+00,0.000000000000000000e+00,0.000000000000000000e+00,0.000000000000000000e+00,0.000000000000000000e+00,0.000000000000000000e+00,0.000000000000000000e+00,0.000000000000000000e+00,0.000000000000000000e+00,0.000000000000000000e+00,0.000000000000000000e+00,0.000000000000000000e+00,0.000000000000000000e+00,0.000000000000000000e+00,0.000000000000000000e+00,0.000000000000000000e+00,0.000000000000000000e+00,0.000000000000000000e+00,0.000000000000000000e+00,0.000000000000000000e+00,0.000000000000000000e+00,0.000000000000000000e+00,0.000000000000000000e+00,0.000000000000000000e+00,0.000000000000000000e+00,2.333727188479848672e+06,5.280074276191875339e+06,8.804123089993484318e+06,1.258073521934415959e+07,1.662271867528045364e+07,2.072918093160184473e+07,2.509151175801438838e+07,2.950558809855325520e+07,3.403840132706135511e+07,3.861976486176119000e+07,4.332625182991123199e+07,4.808128286122631282e+07,5.289761246517190337e+07,5.777842467604732513e+07,6.276201377304902673e+07,6.767600684708936512e+07,7.273105924880139530e+07,7.781863163259772956e+07,8.290997191856859624e+07,8.809126825561100245e+07,9.335932231128278375e+07,9.857681064207610488e+07,1.038554753289948404e+08,1.091473966820987761e+08,1.144908815290059745e+08,1.199050786739791781e+08,1.252685915209766030e+08,1.307347222313528955e+08,1.362044291680209637e+08,1.417319995441983044e+08,1.473110273945505619e+08,1.529478838340616226e+08,1.585275226528621316e+08,1.642064868549976945e+08,1.698761145927352309e+08,1.756258565151494443e+08,1.814461111443246007e+08,1.872122190529776514e+08,1.930424007101117074e+08,1.989717947248241901e+08,2.048629455825296640e+08,2.108436773629883230e+08,2.168692211464337111e+08,2.229779123552250564e+08,2.290930124768333733e+08,2.352560500717407465e+08,2.414190497861322165e+08,2.477002676418395042e+08,2.540453367940814197e+08,2.604574291580550671e+08,2.668981542930637896e+08,2.733930619962431192e+08,2.799836897068208456e+08,2.866284485770848393e+08,1.000000000000000000e+00
0.000000000000000000e+00,0.000000000000000000e+00,0.000000000000000000e+00,0.000000000000000000e+00,0.000000000000000000e+00,0.000000000000000000e+00,0.000000000000000000e+00,0.000000000000000000e+00,0.000000000000000000e+00,0.000000000000000000e+00,0.000000000000000000e+00,0.000000000000000000e+00,0.000000000000000000e+00,0.000000000000000000e+00,0.000000000000000000e+00,0.000000000000000000e+00,0.000000000000000000e+00,0.000000000000000000e+00,0.000000000000000000e+00,0.000000000000000000e+00,0.000000000000000000e+00,0.000000000000000000e+00,0.000000000000000000e+00,0.000000000000000000e+00,0.000000000000000000e+00,0.000000000000000000e+00,0.000000000000000000e+00,0.000000000000000000e+00,7.723629754329783609e+05,3.198265608393828385e+06,6.355622430920296349e+06,9.973260977426039055e+06,1.382779684183249250e+07,1.789692390004069358e+07,2.207849371586859971e+07,2.649706509291622043e+07,3.098021058063128591e+07,3.551195472154763341e+07,4.016256442844559252e+07,4.486815456331556290e+07,4.965427530460079014e+07,5.449216727663122118e+07,5.940738274987468123e+07,6.433920071447538584e+07,6.937708384603744745e+07,7.444752336825509369e+07,7.949616846839585900e+07,8.463166826432913542e+07,8.984762419532603025e+07,9.505451743412603438e+07,1.003610204116381109e+08,1.056040698787631840e+08,1.109786715405268371e+08,1.163409330102499872e+08,1.217100144042598307e+08,1.271562466077892035e+08,1.326284482020872682e+08,1.381617788034593463e+08,1.436890559980225563e+08,1.492742254625790119e+08,1.548373006242234707e+08,1.605062099292837977e+08,1.661625775058178008e+08,1.719407396635047197e+08,1.776775239548142552e+08,1.834368854954703748e+08,1.893307847687685490e+08,1.951576336144318879e+08,2.010517861578110754e+08,2.070228236807936132e+08,2.130259257530071735e+08,2.191122710106732249e+08,2.251346319939675033e+08,2.312689875071785152e+08,2.375281195472111106e+08,2.437263892688193619e+08,2.500493879464573860e+08,2.563498734966305792e+08,2.627622389119488001e+08,2.692416530475286245e+08,1.000000000000000000e+00
0.000000000000000000e+00,0.000000000000000000e+00,0.000000000000000000e+00,0.000000000000000000e+00,0.000000000000000000e+00,0.000000000000000000e+00,0.000000000000000000e+00,0.000000000000000000e+00,0.000000000000000000e+00,0.000000000000000000e+00,0.000000000000000000e+00,0.000000000000000000e+00,0.000000000000000000e+00,0.000000000000000000e+00,0.000000000000000000e+00,0.000000000000000000e+00,0.000000000000000000e+00,0.000000000000000000e+00,0.000000000000000000e+00,0.000000000000000000e+00,0.000000000000000000e+00,0.000000000000000000e+00,0.000000000000000000e+00,0.000000000000000000e+00,0.000000000000000000e+00,0.000000000000000000e+00,0.000000000000000000e+00,0.000000000000000000e+00,0.000000000000000000e+00,0.000000000000000000e+00,0.000000000000000000e+00,1.415600319289683364e+06,4.125752974350683857e+06,7.440451830373290926e+06,1.114888602098852955e+07,1.510409806796744652e+07,1.925498351481029019e+07,2.352164408833568916e+07,2.794565604668067023e+07,3.242471154410409927e+07,3.700997041991814971e+07,4.168544604679537565e+07,4.640635980146066099e+07,5.123667423483019322e+07,5.611881108685750514e+07,6.108795009559847414e+07,6.600651427134277672e+07,7.105364786526824534e+07,7.615895840151329339e+07,8.126803426833526790e+07,8.636805129215954244e+07,9.162860762038907409e+07,9.683846823545826972e+07,1.021288336315303594e+08,1.074484781178992689e+08,1.127909800127142370e+08,1.181947351981147975e+08,1.235828926179726571e+08,1.290194594393365383e+08,1.345108214481032789e+08,1.400793779432532787e+08,1.456642712042867541e+08,1.512270526220989227e+08,1.569182075447412431e+08,1.625071417875100672e+08,1.682628452245433033e+08,1.739867363426151574e+08,1.797172204539516270e+08,1.855247404592007995e+08,1.914317006724563539e+08,1.972587001333419383e+08,2.032427567111286223e+08,2.092397003674920499e+08,2.152366906904016137e+08,2.213298117202804089e+08,2.273652612818382382e+08,2.335256283803184032e+08,2.398205074340835512e+08,2.460288009538300931e+08,2.524068033235888183e+08,1.000000000000000000e+00
0.000000000000000000e+00,0.000000000000000000e+00,0.000000000000000000e+00,0.000000000000000000e+00,0.000000000000000000e+00,0.000000000000000000e+00,0.000000000000000000e+00,0.000000000000000000e+00,0.000000000000000000e+00,0.000000000000000000e+00,0.000000000000000000e+00,0.000000000000000000e+00,0.000000000000000000e+00,0.000000000000000000e+00,0.000000000000000000e+00,0.000000000000000000e+00,0.000000000000000000e+00,0.000000000000000000e+00,0.000000000000000000e+00,0.000000000000000000e+00,0.000000000000000000e+00,0.000000000000000000e+00,0.000000000000000000e+00,0.000000000000000000e+00,0.000000000000000000e+00,0.000000000000000000e+00,0.000000000000000000e+00,0.000000000000000000e+00,0.000000000000000000e+00,0.000000000000000000e+00,0.000000000000000000e+00,0.000000000000000000e+00,0.000000000000000000e+00,0.000000000000000000e+00,2.188666303519622888e+06,5.094550780561916530e+06,8.586618981740120798e+06,1.239295492645510659e+07,1.644000168340029567e+07,2.058694933612956107e+07,2.493304952487617731e+07,2.936947252485597134e+07,3.394104802169761062e+07,3.851969736572414637e+07,4.326232296384037286e+07,4.802161588838876784e+07,5.287122523772990704e+07,5.776950785427024215e+07,6.275168897659942508e+07,6.768641536602574587e+07,7.278831169862158597e+07,7.787155366678258777e+07,8.299058609875693917e+07,8.815821065792746842e+07,9.347696291329778731e+07,9.869045715345861018e+07,1.040037737419425845e+08,1.093175439338501543e+08,1.146894410146039277e+08,1.201226556165195554e+08,1.255049717282836884e+08,1.310287108859102428e+08,1.364566222782103419e+08,1.420131010215377510e+08,1.475955368712939322e+08,1.532808630279799998e+08,1.588862898940878212e+08,1.645368470210893154e+08,1.702806166352042854e+08,1.760406140306721330e+08,1.818841670492160618e+08,1.876444812834368050e+08,1.934947179291322231e+08,1.994541045933989882e+08,2.054007380848323703e+08,2.113634592015476823e+08,2.173999810947328806e+08,2.235359450939651728e+08,2.296879278414007425e+08,2.358847719884634912e+08,1.000000000000000000e+00
0.000000000000000000e+00,0.000000000000000000e+00,0.000000000000000000e+00,0.000000000000000000e+00,0.000000000000000000e+00,0.000000000000000000e+00,0.000000000000000000e+00,0.000000000000000000e+00,0.000000000000000000e+00,0.000000000000000000e+00,0.000000000000000000e+00,0.000000000000000000e+00,0.000000000000000000e+00,0.000000000000000000e+00,0.000000000000000000e+00,0.000000000000000000e+00,0.000000000000000000e+00,0.000000000000000000e+00,0.000000000000000000e+00,0.000000000000000000e+00,0.000000000000000000e+00,0.000000000000000000e+00,0.000000000000000000e+00,0.000000000000000000e+00,0.000000000000000000e+00,0.000000000000000000e+00,0.000000000000000000e+00,0.000000000000000000e+00,0.000000000000000000e+00,0.000000000000000000e+00,0.000000000000000000e+00,0.000000000000000000e+00,0.000000000000000000e+00,0.000000000000000000e+00,0.000000000000000000e+00,0.000000000000000000e+00,6.502474263794285944e+05,3.030492078607940115e+06,6.154433626248328015e+06,9.778748452622780576e+06,1.365681815170572698e+07,1.771177973297691345e+07,2.193724921026939526e+07,2.634927502886797488e+07,3.085172110500121117e+07,3.542214876098580658e+07,4.007978820587928593e+07,4.481181343816593289e+07,4.960860079836589098e+07,5.447655524746803939e+07,5.940925652156773210e+07,6.435538379405140877e+07,6.939509747350186110e+07,7.450914869682890177e+07,7.958205421728482842e+07,8.471964055883242190e+07,8.997322660011129081e+07,9.519843890286917984e+07,1.004947091557688713e+08,1.057818101487941444e+08,1.111656076382160783e+08,1.165434047371334583e+08,1.219248041544145644e+08,1.274445722584968656e+08,1.328587867812903970e+08,1.384370138381707370e+08,1.439866668863986731e+08,1.496072233574735820e+08,1.551863150392234623e+08,1.608491100816822946e+08,1.665185439708678126e+08,1.723326403780494630e+08,1.780859159478282928e+08,1.838714451584742367e+08,1.897694759377611876e+08,1.956098163418677449e+08,2.015722470403557420e+08,2.075572117715004385e+08,2.135839504974393845e+08,2.196941873157168627e+08,1.000000000000000000e+00
0.000000000000000000e+00,0.000000000000000000e+00,0.000000000000000000e+00,0.000000000000000000e+00,0.000000000000000000e+00,0.000000000000000000e+00,0.000000000000000000e+00,0.000000000000000000e+00,0.000000000000000000e+00,0.000000000000000000e+00,0.000000000000000000e+00,0.000000000000000000e+00,0.000000000000000000e+00,0.000000000000000000e+00,0.000000000000000000e+00,0.000000000000000000e+00,0.000000000000000000e+00,0.000000000000000000e+00,0.000000000000000000e+00,0.000000000000000000e+00,0.000000000000000000e+00,0.000000000000000000e+00,0.000000000000000000e+00,0.000000000000000000e+00,0.000000000000000000e+00,0.000000000000000000e+00,0.000000000000000000e+00,0.000000000000000000e+00,0.000000000000000000e+00,0.000000000000000000e+00,0.000000000000000000e+00,0.000000000000000000e+00,0.000000000000000000e+00,0.000000000000000000e+00,0.000000000000000000e+00,0.000000000000000000e+00,0.000000000000000000e+00,0.000000000000000000e+00,0.000000000000000000e+00,1.260411888259717729e+06,3.932322705210362095e+06,7.198128163464955986e+06,1.092002485085560381e+07,1.490240855799526349e+07,1.903944488844387978e+07,2.334719706089919806e+07,2.776792377003718168e+07,3.226953864468562230e+07,3.687129696750200540e+07,4.159566916368225217e+07,4.633031044298937917e+07,5.117150884222137928e+07,5.606147645248723030e+07,6.105157242737670243e+07,6.600693640149801970e+07,7.107203928429418802e+07,7.617944148372471333e+07,8.131628218767264485e+07,8.643436630562546849e+07,9.174565519238144159e+07,9.695143260609467328e+07,1.022636674932789803e+08,1.076245296211401522e+08,1.129408363770537227e+08,1.183699830047529787e+08,1.238509164102310240e+08,1.292390292151655108e+08,1.347527850669253767e+08,1.403086303654925227e+08,1.459354644615613818e+08,1.515336488951962292e+08,1.572477750047972202e+08,1.628399997000699639e+08,1.686252632238921523e+08,1.743399966878019571e+08,1.801448815641183257e+08,1.859273972815432847e+08,1.918771717361210883e+08,1.977145212673234940e+08,2.037062322558371127e+08,1.000000000000000000e+00
0.000000000000000000e+00,0.000000000000000000e+00,0.000000000000000000e+00,0.000000000000000000e+00,0.000000000000000000e+00,0.000000000000000000e+00,0.000000000000000000e+00,0.000000000000000000e+00,0.000000000000000000e+00,0.000000000000000000e+00,0.000000000000000000e+00,0.000000000000000000e+00,0.000000000000000000e+00,0.000000000000000000e+00,0.000000000000000000e+00,0.000000000000000000e+00,0.000000000000000000e+00,0.000000000000000000e+00,0.000000000000000000e+00,0.000000000000000000e+00,0.000000000000000000e+00,0.000000000000000000e+00,0.000000000000000000e+00,0.000000000000000000e+00,0.000000000000000000e+00,0.000000000000000000e+00,0.000000000000000000e+00,0.000000000000000000e+00,0.000000000000000000e+00,0.000000000000000000e+00,0.000000000000000000e+00,0.000000000000000000e+00,0.000000000000000000e+00,0.000000000000000000e+00,0.000000000000000000e+00,0.000000000000000000e+00,0.000000000000000000e+00,0.000000000000000000e+00,0.000000000000000000e+00,0.000000000000000000e+00,0.000000000000000000e+00,0.000000000000000000e+00,2.027735591367322486e+06,4.897844633586306125e+06,8.359836193429375067e+06,1.216955555903787538e+07,1.624027807545009442e+07,2.041452028441980109e+07,2.477266660278476775e+07,2.925364816770141572e+07,3.383496405553658307e+07,3.845551392662793398e+07,4.318604024447458237e+07,4.794935343483184278e+07,5.280976950981807709e+07,5.779623818999963999e+07,6.276721421318036318e+07,6.770980355329383910e+07,7.284276189352986217e+07,7.794730479637695849e+07,8.309741267434325814e+07,8.829307034803843498e+07,9.361471879719948769e+07,9.885959562556797266e+07,1.041853749028391987e+08,1.095405449005758464e+08,1.149089918669333607e+08,1.203872656927497238e+08,1.257983006951571852e+08,1.313384440361142904e+08,1.368241760688881576e+08,1.423520549906141758e+08,1.479542586574665904e+08,1.537016099360556006e+08,1.593042937197010815e+08,1.649715824964230955e+08,1.707453195903443694e+08,1.765353187303732336e+08,1.823963053883292675e+08,1.881929933523080647e+08,1.000000000000000000e+00
0.000000000000000000e+00,0.000000000000000000e+00,0.000000000000000000e+00,0.000000000000000000e+00,0.000000000000000000e+00,0.000000000000000000e+00,0.000000000000000000e+00,0.000000000000000000e+00,0.000000000000000000e+00,0.000000000000000000e+00,0.000000000000000000e+00,0.000000000000000000e+00,0.000000000000000000e+00,0.000000000000000000e+00,0.000000000000000000e+00,0.000000000000000000e+00,0.000000000000000000e+00,0.000000000000000000e+00,0.000000000000000000e+00,0.000000000000000000e+00,0.000000000000000000e+00,0.000000000000000000e+00,0.000000000000000000e+00,0.000000000000000000e+00,0.000000000000000000e+00,0.000000000000000000e+00,0.000000000000000000e+00,0.000000000000000000e+00,0.000000000000000000e+00,0.000000000000000000e+00,0.000000000000000000e+00,0.000000000000000000e+00,0.000000000000000000e+00,0.000000000000000000e+00,0.000000000000000000e+00,0.000000000000000000e+00,0.000000000000000000e+00,0.000000000000000000e+00,0.000000000000000000e+00,0.000000000000000000e+00,0.000000000000000000e+00,0.000000000000000000e+00,0.000000000000000000e+00,0.000000000000000000e+00,5.628726641996450489e+05,2.846777223590345122e+06,5.948185773611827753e+06,9.552004502251762897e+06,1.344277046350372583e+07,1.752400352221507952e+07,2.177642282028472051e+07,2.618717651473601535e+07,3.070156647379114479e+07,3.530993915566771477e+07,3.997366653223922849e+07,4.474102791613119841e+07,4.955085405468781292e+07,5.445142681223893166e+07,5.942342330920630693e+07,6.436057182614354789e+07,6.943029922656413913e+07,7.454887401222606003e+07,7.965508899648879468e+07,8.482944066395291686e+07,9.009768656768999994e+07,9.531808353428955376e+07,1.006806645777561665e+08,1.059760230335305929e+08,1.113652153566676378e+08,1.167580144199851751e+08,1.221705080305435210e+08,1.276928981174542308e+08,1.331479415076012611e+08,1.387482939275532067e+08,1.443102553010866642e+08,1.499756003117834032e+08,1.555992808440916538e+08,1.612779615225561857e+08,1.669439339074068367e+08,1.727712316395747066e+08,1.000000000000000000e+00
0.000000000000000000e+00,0.000000000000000000e+00,0.000000000000000000e+00,0.000000000000000000e+00,0.000000000000000000e+00,0.000000000000000000e+00,0.000000000000000000e+00,0.000000000000000000e+00,0.000000000000000000e+00,0.000000000000000000e+00,0.000000000000000000e+00,0.000000000000000000e+00,0.000000000000000000e+00,0.000000000000000000e+00,0.000000000000000000e+00,0.000000000000000000e+00,0.000000000000000000e+00,0.000000000000000000e+00,0.000000000000000000e+00,0.000000000000000000e+00,0.000000000000000000e+00,0.000000000000000000e+00,0.000000000000000000e+00,0.000000000000000000e+00,0.000000000000000000e+00,0.000000000000000000e+00,0.000000000000000000e+00,0.000000000000000000e+00,0.000000000000000000e+00,0.000000000000000000e+00,0.000000000000000000e+00,0.000000000000000000e+00,0.000000000000000000e+00,0.000000000000000000e+00,0.000000000000000000e+00,0.000000000000000000e+00,0.000000000000000000e+00,0.000000000000000000e+00,0.000000000000000000e+00,0.000000000000000000e+00,0.000000000000000000e+00,0.000000000000000000e+00,0.000000000000000000e+00,0.000000000000000000e+00,0.000000000000000000e+00,0.000000000000000000e+00,0.000000000000000000e+00,1.143935657003750559e+06,3.786592243408206850e+06,7.025931322961547412e+06,1.072671564467503317e+07,1.472787096075868234e+07,1.889728051450817659e+07,2.320272579434337467e+07,2.766356381801480055e+07,3.218630130122743174e+07,3.679350379051199555e+07,4.154966688256490231e+07,4.633224593303199857e+07,5.117992903005045652e+07,5.611206037293092906e+07,6.110605421279889345e+07,6.607479856025983393e+07,7.120538401526199281e+07,7.632359384428378940e+07,8.146812089222863317e+07,8.663571875622853637e+07,9.193285848109208047e+07,9.717881809558622539e+07,1.025317028090987355e+08,1.079108193258133531e+08,1.132515942016850412e+08,1.187153871630096436e+08,1.242118082577246577e+08,1.296698194416989684e+08,1.351700965529721677e+08,1.407352203075596690e+08,1.463877700620390177e+08,1.520147319125783145e+08,1.577549108803260922e+08,1.000000000000000000e+00
0.000000000000000000e+00,0.000000000000000000e+00,0.000000000000000000e+00,0.000000000000000000e+00,0.000000000000000000e+00,0.000000000000000000e+00,0.000000000000000000e+00,0.000000000000000000e+00,0.000000000000000000e+00,0.000000000000000000e+00,0.000000000000000000e+00,0.000000000000000000e+00,0.000000000000000000e+00,0.000000000000000000e+00,0.000000000000000000e+00,0.000000000000000000e+00,0.000000000000000000e+00,0.000000000000000000e+00,0.000000000000000000e+00,0.000000000000000000e+00,0.000000000000000000e+00,0.000000000000000000e+00,0.000000000000000000e+00,0.000000000000000000e+00,0.000000000000000000e+00,0.000000000000000000e+00,0.000000000000000000e+00,0.000000000000000000e+00,0.000000000000000000e+00,0.000000000000000000e+00,0.000000000000000000e+00,0.000000000000000000e+00,0.000000000000000000e+00,0.000000000000000000e+00,0.000000000000000000e+00,0.000000000000000000e+00,0.000000000000000000e+00,0.000000000000000000e+00,0.000000000000000000e+00,0.000000000000000000e+00,0.000000000000000000e+00,0.000000000000000000e+00,0.000000000000000000e+00,0.000000000000000000e+00,0.000000000000000000e+00,0.000000000000000000e+00,0.000000000000000000e+00,0.000000000000000000e+00,0.000000000000000000e+00,0.000000000000000000e+00,1.893096868411909323e+06,4.702502324576787651e+06,8.134907908967631869e+06,1.197432124354580790e+07,1.603048390893174894e+07,2.023244913783985376e+07,2.462540404896413162e+07,2.911256695054149628e+07,3.367134901751488447e+07,3.833401781356372684e+07,4.308766418845179677e+07,4.787418648424189538e+07,5.276135611740703881e+07,5.772334610356660187e+07,6.273754929927086830e+07,6.769095319583748281e+07,7.284828315563383698e+07,7.798352535337519646e+07,8.311602621200558543e+07,8.836524829495254159e+07,9.367305726704162359e+07,9.898453150950376689e+07,1.042964189718030989e+08,1.096603759367164522e+08,1.150602340207556933e+08,1.205476603980704695e+08,1.260257276778900623e+08,1.315654830369620919e+08,1.370635248258888125e+08,1.426393670018695295e+08,1.000000000000000000e+00
0.000000000000000000e+00,0.000000000000000000e+00,0.000000000000000000e+00,0.000000000000000000e+00,0.000000000000000000e+00,0.000000000000000000e+00,0.000000000000000000e+00,0.000000000000000000e+00,0.000000000000000000e+00,0.000000000000000000e+00,0.000000000000000000e+00,0.000000000000000000e+00,0.000000000000000000e+00,0.000000000000000000e+00,0.000000000000000000e+00,0.000000000000000000e+00,0.000000000000000000e+00,0.000000000000000000e+00,0.000000000000000000e+00,0.000000000000000000e+00,0.000000000000000000e+00,0.000000000000000000e+00,0.000000000000000000e+00,0.000000000000000000e+00,0.000000000000000000e+00,0.000000000000000000e+00,0.000000000000000000e+00,0.000000000000000000e+00,0.000000000000000000e+00,0.000000000000000000e+00,0.000000000000000000e+00,0.000000000000000000e+00,0.000000000000000000e+00,0.000000000000000000e+00,0.000000000000000000e+00,0.000000000000000000e+00,0.000000000000000000e+00,0.000000000000000000e+00,0.000000000000000000e+00,0.000000000000000000e+00,0.000000000000000000e+00,0.000000000000000000e+00,0.000000000000000000e+00,0.000000000000000000e+00,0.000000000000000000e+00,0.000000000000000000e+00,0.000000000000000000e+00,0.000000000000000000e+00,0.000000000000000000e+00,0.000000000000000000e+00,0.000000000000000000e+00,0.000000000000000000e+00,4.811358811470284709e+05,2.677150595712616574e+06,5.751992108016339131e+06,9.318276182181283832e+06,1.323397896623350307e+07,1.733441464045603573e+07,2.157760889006409049e+07,2.602173105021695793e+07,3.053109812133510411e+07,3.516386810273742676e+07,3.986187754127930105e+07,4.464127790591567010e+07,4.948267173075153679e+07,5.440867501970299333e+07,5.939018979593776166e+07,6.435285280825648457e+07,6.941625402362236381e+07,7.458685396389104426e+07,7.971915339549209177e+07,8.490365684641334414e+07,9.017591988673575222e+07,9.541305036313846707e+07,1.007961178100202084e+08,1.061246067382938415e+08,1.115246221232602745e+08,1.169735064475147128e+08,1.223968484467379600e+08,1.279401820603997856e+08,1.000000000000000000e+00
0.000000000000000000e+00,0.000000000000000000e+00,0.000000000000000000e+00,0.000000000000000000e+00,0.000000000000000000e+00,0.000000000000000000e+00,0.000000000000000000e+00,0.000000000000000000e+00,0.000000000000000000e+00,0.000000000000000000e+00,0.000000000000000000e+00,0.000000000000000000e+00,0.000000000000000000e+00,0.000000000000000000e+00,0.000000000000000000e+00,0.000000000000000000e+00,0.000000000000000000e+00,0.000000000000000000e+00,0.000000000000000000e+00,0.000000000000000000e+00,0.000000000000000000e+00,0.000000000000000000e+00,0.000000000000000000e+00,0.000000000000000000e+00,0.000000000000000000e+00,0.000000000000000000e+00,0.000000000000000000e+00,0.000000000000000000e+00,0.000000000000000000e+00,0.000000000000000000e+00,0.000000000000000000e+00,0.000000000000000000e+00,0.000000000000000000e+00,0.000000000000000000e+00,0.000000000000000000e+00,0.000000000000000000e+00,0.000000000000000000e+00,0.000000000000000000e+00,0.000000000000000000e+00,0.000000000000000000e+00,0.000000000000000000e+00,0.000000000000000000e+00,0.000000000000000000e+00,0.000000000000000000e+00,0.000000000000000000e+00,0.000000000000000000e+00,0.000000000000000000e+00,0.000000000000000000e+00,0.000000000000000000e+00,0.000000000000000000e+00,0.000000000000000000e+00,0.000000000000000000e+00,0.000000000000000000e+00,0.000000000000000000e+00,0.000000000000000000e+00,1.011905758813531487e+06,3.550047701136920601e+06,6.787029031037981622e+06,1.044167197620979138e+07,1.446554993210828304e+07,1.863233560560141131e+07,2.296468376594689861e+07,2.743349927152053267e+07,3.198056298893000931e+07,3.658969496019667387e+07,4.135147764630348235e+07,4.617208855527281761e+07,5.104180995264767110e+07,5.600269757952746749e+07,6.097060394823891670e+07,6.599081827479210496e+07,7.113776893397770822e+07,7.626579928783388436e+07,8.141696349045248330e+07,8.661713843199937046e+07,9.192781844800896943e+07,9.721949717883674800e+07,1.025601383220176995e+08,1.079141085523643345e+08,1.133429072097581029e+08,1.000000000000000000e+00
0.000000000000000000e+00,0.000000000000000000e+00,0.000000000000000000e+00,0.000000000000000000e+00,0.000000000000000000e+00,0.000000000000000000e+00,0.000000000000000000e+00,0.000000000000000000e+00,0.000000000000000000e+00,0.000000000000000000e+00,0.000000000000000000e+00,0.000000000000000000e+00,0.000000000000000000e+00,0.000000000000000000e+00,0.000000000000000000e+00,0.000000000000000000e+00,0.000000000000000000e+00,0.000000000000000000e+00,0.000000000000000000e+00,0.000000000000000000e+00,0.000000000000000000e+00,0.000000000000000000e+00,0.000000000000000000e+00,0.000000000000000000e+00,0.000000000000000000e+00,0.000000000000000000e+00,0.000000000000000000e+00,0.000000000000000000e+00,0.000000000000000000e+00,0.000000000000000000e+00,0.000000000000000000e+00,0.000000000000000000e+00,0.000000000000000000e+00,0.000000000000000000e+00,0.000000000000000000e+00,0.000000000000000000e+00,0.000000000000000000e+00,0.000000000000000000e+00,0.000000000000000000e+00,0.000000000000000000e+00,0.000000000000000000e+00,0.000000000000000000e+00,0.000000000000000000e+00,0.000000000000000000e+00,0.000000000000000000e+00,0.000000000000000000e+00,0.000000000000000000e+00,0.000000000000000000e+00,0.000000000000000000e+00,0.000000000000000000e+00,0.000000000000000000e+00,0.000000000000000000e+00,0.000000000000000000e+00,0.000000000000000000e+00,0.000000000000000000e+00,0.000000000000000000e+00,0.000000000000000000e+00,0.000000000000000000e+00,1.736949254852840677e+06,4.517733077370150946e+06,7.908286213140998036e+06,1.172722309216534346e+07,1.580930480417862907e+07,2.002489898540113866e+07,2.446155246461280063e+07,2.896041980619595945e+07,3.354743442699389532e+07,3.822907896859946102e+07,4.300535149329315871e+07,4.780489894458173215e+07,5.269905888541516662e+07,5.767485246355940402e+07,6.272254072188901901e+07,6.772857468503138423e+07,7.288757409746018052e+07,7.805679072773043811e+07,8.322646780679669976e+07,8.849716899029468000e+07,9.382021384846875072e+07,9.916637908603188396e+07,1.000000000000000000e+00
0.000000000000000000e+00,0.000000000000000000e+00,0.000000000000000000e+00,0.000000000000000000e+00,0.000000000000000000e+00,0.000000000000000000e+00,0.000000000000000000e+00,0.000000000000000000e+00,0.000000000000000000e+00,0.000000000000000000e+00,0.000000000000000000e+00,0.000000000000000000e+00,0.000000000000000000e+00,0.000000000000000000e+00,0.000000000000000000e+00,0.000000000000000000e+00,0.000000000000000000e+00,0.000000000000000000e+00,0.000000000000000000e+00,0.000000000000000000e+00,0.000000000000000000e+00,0.000000000000000000e+00,0.000000000000000000e+00,0.000000000000000000e+00,0.000000000000000000e+00,0.000000000000000000e+00,0.000000000000000000e+00,0.000000000000000000e+00,0.000000000000000000e+00,0.000000000000000000e+00,0.000000000000000000e+00,0.000000000000000000e+00,0.000000000000000000e+00,0.000000000000000000e+00,0.000000000000000000e+00,0.000000000000000000e+00,0.000000000000000000e+00,0.000000000000000000e+00,0.000000000000000000e+00,0.000000000000000000e+00,0.000000000000000000e+00,0.000000000000000000e+00,0.000000000000000000e+00,0.000000000000000000e+00,0.000000000000000000e+00,0.000000000000000000e+00,0.000000000000000000e+00,0.000000000000000000e+00,0.000000000000000000e+00,0.000000000000000000e+00,0.000000000000000000e+00,0.000000000000000000e+00,0.000000000000000000e+00,0.000000000000000000e+00,0.000000000000000000e+00,0.000000000000000000e+00,0.000000000000000000e+00,0.000000000000000000e+00,0.000000000000000000e+00,0.000000000000000000e+00,3.985909840045101009e+05,2.531097497238745447e+06,5.555247793560507707e+06,9.085520290915293619e+06,1.303449411594111286e+07,1.711372281137882173e+07,2.139454266929968819e+07,2.586400908283366263e+07,3.038919787448573112e+07,3.502522683205495030e+07,3.976561139930788428e+07,4.452278475937397033e+07,4.939727390780645609e+07,5.435664294670458138e+07,5.932952156031563878e+07,6.430940118140079081e+07,6.940007470576934516e+07,7.457233837432827055e+07,7.976778094164924324e+07,8.495068999172997475e+07,1.000000000000000000e+00
0.000000000000000000e+00,0.000000000000000000e+00,0.000000000000000000e+00,0.000000000000000000e+00,0.000000000000000000e+00,0.000000000000000000e+00,0.000000000000000000e+00,0.000000000000000000e+00,0.000000000000000000e+00,0.000000000000000000e+00,0.000000000000000000e+00,0.000000000000000000e+00,0.000000000000000000e+00,0.000000000000000000e+00,0.000000000000000000e+00,0.000000000000000000e+00,0.000000000000000000e+00,0.000000000000000000e+00,0.000000000000000000e+00,0.000000000000000000e+00,0.000000000000000000e+00,0.000000000000000000e+00,0.000000000000000000e+00,0.000000000000000000e+00,0.000000000000000000e+00,0.000000000000000000e+00,0.000000000000000000e+00,0.000000000000000000e+00,0.000000000000000000e+00,0.000000000000000000e+00,0.000000000000000000e+00,0.000000000000000000e+00,0.000000000000000000e+00,0.000000000000000000e+00,0.000000000000000000e+00,0.000000000000000000e+00,0.000000000000000000e+00,0.000000000000000000e+00,0.000000000000000000e+00,0.000000000000000000e+00,0.000000000000000000e+00,0.000000000000000000e+00,0.000000000000000000e+00,0.000000000000000000e+00,0.000000000000000000e+00,0.000000000000000000e+00,0.000000000000000000e+00,0.000000000000000000e+00,0.000000000000000000e+00,0.000000000000000000e+00,0.000000000000000000e+00,0.000000000000000000e+00,0.000000000000000000e+00,0.000000000000000000e+00,0.000000000000000000e+00,0.000000000000000000e+00,0.000000000000000000e+00,0.000000000000000000e+00,0.000000000000000000e+00,0.000000000000000000e+00,0.000000000000000000e+00,0.000000000000000000e+00,0.000000000000000000e+00,9.213357276961796451e+05,3.383909092645772733e+06,6.580159752326099202e+06,1.022144885965711065e+07,1.425269446712489799e+07,1.844354334056653082e+07,2.278427438402447850e+07,2.724244135540172458e+07,3.183427902999840677e+07,3.647214381835480034e+07,4.123718638695746660e+07,4.608070933470997214e+07,5.096049553273304552e+07,5.591874217186450213e+07,6.092621458859802783e+07,6.594068197544182837e+07,7.112450605786155164e+07,1.000000000000000000e+00
0.000000000000000000e+00,0.000000000000000000e+00,0.000000000000000000e+00,0.000000000000000000e+00,0.000000000000000000e+00,0.000000000000000000e+00,0.000000000000000000e+00,0.000000000000000000e+00,0.000000000000000000e+00,0.000000000000000000e+00,0.000000000000000000e+00,0.000000000000000000e+00,0.000000000000000000e+00,0.000000000000000000e+00,0.000000000000000000e+00,0.000000000000000000e+00,0.000000000000000000e+00,0.000000000000000000e+00,0.000000000000000000e+00,0.000000000000000000e+00,0.000000000000000000e+00,0.000000000000000000e+00,0.000000000000000000e+00,0.000000000000000000e+00,0.000000000000000000e+00,0.000000000000000000e+00,0.000000000000000000e+00,0.000000000000000000e+00,0.000000000000000000e+00,0.000000000000000000e+00,0.000000000000000000e+00,0.000000000000000000e+00,0.000000000000000000e+00,0.000000000000000000e+00,0.000000000000000000e+00,0.000000000000000000e+00,0.000000000000000000e+00,0.000000000000000000e+00,0.000000000000000000e+00,0.000000000000000000e+00,0.000000000000000000e+00,0.000000000000000000e+00,0.000000000000000000e+00,0.000000000000000000e+00,0.000000000000000000e+00,0.000000000000000000e+00,0.000000000000000000e+00,0.000000000000000000e+00,0.000000000000000000e+00,0.000000000000000000e+00,0.000000000000000000e+00,0.000000000000000000e+00,0.000000000000000000e+00,0.000000000000000000e+00,0.000000000000000000e+00,0.000000000000000000e+00,0.000000000000000000e+00,0.000000000000000000e+00,0.000000000000000000e+00,0.000000000000000000e+00,0.000000000000000000e+00,0.000000000000000000e+00,0.000000000000000000e+00,0.000000000000000000e+00,0.000000000000000000e+00,0.000000000000000000e+00,1.598605087728335056e+06,4.360765561628004536e+06,7.705045702081391588e+06,1.149831623656298406e+07,1.560740323466999270e+07,1.984383294964502007e+07,2.424662107473591343e+07,2.876051740250075981e+07,3.338552447731139511e+07,3.808262741507334262e+07,4.291034632990130037e+07,4.765732244200991094e+07,5.262269525109405816e+07,5.760159903448890150e+07,1.000000000000000000e+00
0.000000000000000000e+00,0.000000000000000000e+00,0.000000000000000000e+00,0.000000000000000000e+00,0.000000000000000000e+00,0.000000000000000000e+00,0.000000000000000000e+00,0.000000000000000000e+00,0.000000000000000000e+00,0.000000000000000000e+00,0.000000000000000000e+00,0.000000000000000000e+00,0.000000000000000000e+00,0.000000000000000000e+00,0.000000000000000000e+00,0.000000000000000000e+00,0.000000000000000000e+00,0.000000000000000000e+00,0.000000000000000000e+00,0.000000000000000000e+00,0.000000000000000000e+00,0.000000000000000000e+00,0.000000000000000000e+00,0.000000000000000000e+00,0.000000000000000000e+00,0.000000000000000000e+00,0.000000000000000000e+00,0.000000000000000000e+00,0.000000000000000000e+00,0.000000000000000000e+00,0.000000000000000000e+00,0.000000000000000000e+00,0.000000000000000000e+00,0.000000000000000000e+00,0.000000000000000000e+00,0.000000000000000000e+00,0.000000000000000000e+00,0.000000000000000000e+00,0.000000000000000000e+00,0.000000000000000000e+00,0.000000000000000000e+00,0.000000000000000000e+00,0.000000000000000000e+00,0.000000000000000000e+00,0.000000000000000000e+00,0.000000000000000000e+00,0.000000000000000000e+00,0.000000000000000000e+00,0.000000000000000000e+00,0.000000000000000000e+00,0.000000000000000000e+00,0.000000000000000000e+00,0.000000000000000000e+00,0.000000000000000000e+00,0.000000000000000000e+00,0.000000000000000000e+00,0.000000000000000000e+00,0.000000000000000000e+00,0.000000000000000000e+00,0.000000000000000000e+00,0.000000000000000000e+00,0.000000000000000000e+00,0.000000000000000000e+00,0.000000000000000000e+00,0.000000000000000000e+00,0.000000000000000000e+00,0.000000000000000000e+00,0.000000000000000000e+00,0.000000000000000000e+00,2.361551594253633171e+06,5.328539386598503217e+06,8.816502774777904153e+06,1.274745769034169428e+07,1.685141878746832907e+07,2.115443661036786065e+07,2.566629590144746751e+07,3.020151479787125438e+07,3.485120772623193264e+07,3.958933690307568759e+07,4.436707123935338855e+07,1.000000000000000000e+00
