2.695133497217572331e+08,2.559762461045046449e+08,2.427051996814546287e+08,2.296817828732581139e+08,2.169590793376909494e+08,2.043693920800953507e+08,1.920279801747207642e+08,1.798417652426204383e+08,1.678638029663787484e+08,1.560227756570774019e+08,1.443468544718124866e+08,1.327740509467986524e+08,1.214071266570175737e+08,1.101747601075528413e+08,9.906780010487234592e+07,8.815478162945877016e+07,7.744206584351116419e+07,6.683658226891175658e+07,5.647828829966944456e+07,4.638282493208321929e+07,3.654718155475773662e+07,2.707082260706368089e+07,1.808420286204443872e+07,9.860510193511744961e+06,2.927309897499391809e+06,0.000000000000000000e+00,0.000000000000000000e+00,0.000000000000000000e+00,0.000000000000000000e+00,0.000000000000000000e+00,0.000000000000000000e+00,0.000000000000000000e+00,0.000000000000000000e+00,0.000000000000000000e+00,0.000000000000000000e+00,0.000000000000000000e+00,0.000000000000000000e+00,0.000000000000000000e+00,0.000000000000000000e+00,0.000000000000000000e+00,0.000000000000000000e+00,0.000000000000000000e+00,0.000000000000000000e+00,0.000000000000000000e+00,0.000000000000000000e+00,0.000000000000000000e+00,0.000000000000000000e+00,0.000000000000000000e+00,0.000000000000000000e+00,0.000000000000000000e+00,0.000000000000000000e+00,0.000000000000000000e+00,0.000000000000000000e+00,0.000000000000000000e+00,0.000000000000000000e+00,0.000000000000000000e+00,0.000000000000000000e+00,0.000000000000000000e+00,0.000000000000000000e+00,0.000000000000000000e+00,0.000000000000000000e+00,0.000000000000000000e+00,0.000000000000000000e+00,0.000000000000000000e+00,0.000000000000000000e+00,0.000000000000000000e+00,0.000000000000000000e+00,0.000000000000000000e+00,0.000000000000000000e+00,0.000000000000000000e+00,0.000000000000000000e+00,0.000000000000000000e+00,0.000000000000000000e+00,0.000000000000000000e+00,0.000000000000000000e+00,0.000000000000000000e+00,0.000000000000000000e+00,0.000000000000000000e+00,0.000000000000000000e+00,0.000000000000000000e+00,1.000000000000000000e+00
2.843643953975200653e+08,2.736990656641447544e+08,2.600188930658067167e+08,2.466918237616462409e+08,2.336216913200053275e+08,2.208211565671977699e+08,2.082344632634335458e+08,1.957592138766522110e+08,1.835355344291345775e+08,1.714921075976502001e+08,1.595824925010785460e+08,1.478721648681110144e+08,1.363426514923328459e+08,1.249257435027961135e+08,1.136060824991703629e+08,1.023900664767653644e+08,9.148607736949285865e+07,8.067050845588760078e+07,7.003673965472397208e+07,5.964393397116788477e+07,4.942697184093073010e+07,3.950400486550498009e+07,2.989684808134777099e+07,2.078255130956836045e+07,1.227596420991004258e+07,4.839530474442448467e+06,0.000000000000000000e+00,0.000000000000000000e+00,0.000000000000000000e+00,0.000000000000000000e+00,0.000000000000000000e+00,0.000000000000000000e+00,0.000000000000000000e+00,0.000000000000000000e+00,0.000000000000000000e+00,0.000000000000000000e+00,0.000000000000000000e+00,0.000000000000000000e+00,0.000000000000000000e+00,0.000000000000000000e+00,0.000000000000000000e+00,0.000000000000000000e+00,0.000000000000000000e+00,0.000000000000000000e+00,0.000000000000000000e+00,0.000000000000000000e+00,0.000000000000000000e+00,0.000000000000000000e+00,0.000000000000000000e+00,0.000000000000000000e+00,0.000000000000000000e+00,0.000000000000000000e+00,0.000000000000000000e+00,0.000000000000000000e+00,0.000000000000000000e+00,0.000000000000000000e+00,0.000000000000000000e+00,0.000000000000000000e+00,0.000000000000000000e+00,0.000000000000000000e+00,0.000000000000000000e+00,0.000000000000000000e+00,0.000000000000000000e+00,0.000000000000000000e+00,0.000000000000000000e+00,0.000000000000000000e+00,0.000000000000000000e+00,0.000000000000000000e+00,0.000000000000000000e+00,0.000000000000000000e+00,0.000000000000000000e+00,0.000000000000000000e+00,0.000000000000000000e+00,0.000000000000000000e+00,0.000000000000000000e+00,0.000000000000000000e+00,0.000000000000000000e+00,0.000000000000000000e+00,0.000000000000000000e+00,0.000000000000000000e+00,1.000000000000000000e+00
2.970679648331935406e+08,2.889263781061939597e+08,2.779718542218654752e+08,2.642761060212249458e+08,2.507997236900138259e+08,2.377015307573386431e+08,2.247734097997385263e+08,2.120591132519818544e+08,1.996023834597653747e+08,1.873163607189623713e+08,1.751763748315829635e+08,1.632323663300122619e+08,1.514596505887937248e+08,1.398801676484110653e+08,1.283480033489288539e+08,1.170249715576066673e+08,1.058335364741151929e+08,9.483601775457330048e+07,8.399838251818279922e+07,7.327417985353229940e+07,6.277851299369587004e+07,5.253013777324011922e+07,4.254468705495254695e+07,3.278808900887789577e+07,2.350574065506768599e+07,1.480318737463554181e+07,6.978362065532641485e+06,9.559678618055104744e+05,0.000000000000000000e+00,0.000000000000000000e+00,0.000000000000000000e+00,0.000000000000000000e+00,0.000000000000000000e+00,0.000000000000000000e+00,0.000000000000000000e+00,0.000000000000000000e+00,0.000000000000000000e+00,0.000000000000000000e+00,0.000000000000000000e+00,0.000000000000000000e+00,0.000000000000000000e+00,0.000000000000000000e+00,0.000000000000000000e+00,0.000000000000000000e+00,0.000000000000000000e+00,0.000000000000000000e+00,0.000000000000000000e+00,0.000000000000000000e+00,0.000000000000000000e+00,0.000000000000000000e+00,0.000000000000000000e+00,0.000000000000000000e+00,0.000000000000000000e+00,0.000000000000000000e+00,0.000000000000000000e+00,0.000000000000000000e+00,0.000000000000000000e+00,0.000000000000000000e+00,0.000000000000000000e+00,0.000000000000000000e+00,0.000000000000000000e+00,0.000000000000000000e+00,0.000000000000000000e+00,0.000000000000000000e+00,0.000000000000000000e+00,0.000000000000000000e+00,0.000000000000000000e+00,0.000000000000000000e+00,0.000000000000000000e+00,0.000000000000000000e+00,0.000000000000000000e+00,0.000000000000000000e+00,0.000000000000000000e+00,0.000000000000000000e+00,0.000000000000000000e+00,0.000000000000000000e+00,0.000000000000000000e+00,0.000000000000000000e+00,0.000000000000000000e+00,0.000000000000000000e+00,1.000000000000000000e+00
3.083172955534781218e+08,3.017543042705775499e+08,2.934386086099725962e+08,2.822353158452762365e+08,2.684338120975972414e+08,2.548858571878052354e+08,2.416911939578935206e+08,2.286541449376614094e+08,2.159677180756034553e+08,2.034020236447044611e+08,1.910163499060322642e+08,1.788699704578475356e+08,1.668822416829937994e+08,1.550564618764937222e+08,1.433803824919879735e+08,1.318604033136453778e+08,1.204594019457129091e+08,1.092925457074319869e+08,9.820771014609004557e+07,8.727032618100705743e+07,7.653958190441706777e+07,6.600939645172907412e+07,5.564262176963552833e+07,4.558536871576936543e+07,3.576317850362217426e+07,2.633760859982563555e+07,1.740492308083904535e+07,9.272406657289635390e+06,2.461307556426619180e+06,0.000000000000000000e+00,0.000000000000000000e+00,0.000000000000000000e+00,0.000000000000000000e+00,0.000000000000000000e+00,0.000000000000000000e+00,0.000000000000000000e+00,0.000000000000000000e+00,0.000000000000000000e+00,0.000000000000000000e+00,0.000000000000000000e+00,0.000000000000000000e+00,0.000000000000000000e+00,0.000000000000000000e+00,0.000000000000000000e+00,0.000000000000000000e+00,0.000000000000000000e+00,0.000000000000000000e+00,0.000000000000000000e+00,0.000000000000000000e+00,0.000000000000000000e+00,0.000000000000000000e+00,0.000000000000000000e+00,0.000000000000000000e+00,0.000000000000000000e+00,0.000000000000000000e+00,0.000000000000000000e+00,0.000000000000000000e+00,0.000000000000000000e+00,0.000000000000000000e+00,0.000000000000000000e+00,0.000000000000000000e+00,0.000000000000000000e+00,0.000000000000000000e+00,0.000000000000000000e+00,0.000000000000000000e+00,0.000000000000000000e+00,0.000000000000000000e+00,0.000000000000000000e+00,0.000000000000000000e+00,0.000000000000000000e+00,0.000000000000000000e+00,0.000000000000000000e+00,0.000000000000000000e+00,0.000000000000000000e+00,0.000000000000000000e+00,0.000000000000000000e+00,0.000000000000000000e+00,0.000000000000000000e+00,0.000000000000000000e+00,0.000000000000000000e+00,1.000000000000000000e+00
3.185755544679657221e+08,3.131901506059590578e+08,3.065152762556450367e+08,2.981001050121158957e+08,2.865454232298165560e+08,2.726008484404467940e+08,2.590279654080216289e+08,2.457119543381105363e+08,2.326561520184451342e+08,2.197395087084666491e+08,2.072203193703067005e+08,1.947287751080302000e+08,1.826226377359198928e+08,1.705258978681703806e+08,1.586781421169935465e+08,1.469334414951853752e+08,1.354007770027609766e+08,1.239746400328853279e+08,1.126583199785585850e+08,1.015980475594465733e+08,9.062305764246319234e+07,7.979876951730360091e+07,6.915950748610496521e+07,5.878927424288442731e+07,4.862915563982324302e+07,3.871652869192297757e+07,2.919121207625955716e+07,2.008117126047408208e+07,1.166268321952020377e+07,4.354621957279193215e+06,0.000000000000000000e+00,0.000000000000000000e+00,0.000000000000000000e+00,0.000000000000000000e+00,0.000000000000000000e+00,0.000000000000000000e+00,0.000000000000000000e+00,0.000000000000000000e+00,0.000000000000000000e+00,0.000000000000000000e+00,0.000000000000000000e+00,0.000000000000000000e+00,0.000000000000000000e+00,0.000000000000000000e+00,0.000000000000000000e+00,0.000000000000000000e+00,0.000000000000000000e+00,0.000000000000000000e+00,0.000000000000000000e+00,0.000000000000000000e+00,0.000000000000000000e+00,0.000000000000000000e+00,0.000000000000000000e+00,0.000000000000000000e+00,0.000000000000000000e+00,0.000000000000000000e+00,0.000000000000000000e+00,0.000000000000000000e+00,0.000000000000000000e+00,0.000000000000000000e+00,0.000000000000000000e+00,0.000000000000000000e+00,0.000000000000000000e+00,0.000000000000000000e+00,0.000000000000000000e+00,0.000000000000000000e+00,0.000000000000000000e+00,0.000000000000000000e+00,0.000000000000000000e+00,0.000000000000000000e+00,0.000000000000000000e+00,0.000000000000000000e+00,0.000000000000000000e+00,0.000000000000000000e+00,0.000000000000000000e+00,0.000000000000000000e+00,0.000000000000000000e+00,0.000000000000000000e+00,0.000000000000000000e+00,0.000000000000000000e+00,1.000000000000000000e+00
3.278799251000484824e+08,3.235509330465432405e+08,3.180941049011370540e+08,3.112669228887873292e+08,3.027087400220723748e+08,2.909394931655788422e+08,2.768238594269446135e+08,2.631451974710086584e+08,2.497358241275418997e+08,2.366363926930710077e+08,2.237445064119661450e+08,2.110106313855546713e+08,1.986308602591988742e+08,1.863162327355142236e+08,1.742566027927303314e+08,1.623184750126275718e+08,1.504678487797964811e+08,1.389100682244238853e+08,1.274370414925959408e+08,1.161639448628982008e+08,1.049728465878131539e+08,9.396025139923156798e+07,8.314495034680958092e+07,7.247116101436012983e+07,6.200736954524131864e+07,5.174127162786345184e+07,4.173819947392961383e+07,3.209139146631934121e+07,2.278536121857888252e+07,1.417712982065895572e+07,6.418645381856162101e+06,6.299725094307669206e+05,0.000000000000000000e+00,0.000000000000000000e+00,0.000000000000000000e+00,0.000000000000000000e+00,0.000000000000000000e+00,0.000000000000000000e+00,0.000000000000000000e+00,0.000000000000000000e+00,0.000000000000000000e+00,0.000000000000000000e+00,0.000000000000000000e+00,0.000000000000000000e+00,0.000000000000000000e+00,0.000000000000000000e+00,0.000000000000000000e+00,0.000000000000000000e+00,0.000000000000000000e+00,0.000000000000000000e+00,0.000000000000000000e+00,0.000000000000000000e+00,0.000000000000000000e+00,0.000000000000000000e+00,0.000000000000000000e+00,0.000000000000000000e+00,0.000000000000000000e+00,0.000000000000000000e+00,0.000000000000000000e+00,0.000000000000000000e+00,0.000000000000000000e+00,0.000000000000000000e+00,0.000000000000000000e+00,0.000000000000000000e+00,0.000000000000000000e+00,0.000000000000000000e+00,0.000000000000000000e+00,0.000000000000000000e+00,0.000000000000000000e+00,0.000000000000000000e+00,0.000000000000000000e+00,0.000000000000000000e+00,0.000000000000000000e+00,0.000000000000000000e+00,0.000000000000000000e+00,0.000000000000000000e+00,0.000000000000000000e+00,0.000000000000000000e+00,0.000000000000000000e+00,0.000000000000000000e+00,1.000000000000000000e+00
3.364728392528049350e+08,3.330355282872391939e+08,3.285853958643147349e+08,3.231037880182242393e+08,3.161242991403616667e+08,3.073515824242367744e+08,2.952247266094335318e+08,2.811277222236497402e+08,2.673277323433870971e+08,2.537534771852417588e+08,2.406228526774871647e+08,2.277059717992096245e+08,2.148600220711579621e+08,2.023930331048017740e+08,1.901030998145672679e+08,1.779095859815641344e+08,1.659339379125484228e+08,1.541607893310157359e+08,1.424473332823849320e+08,1.309709274535863101e+08,1.196167367120334208e+08,1.083849355217163861e+08,9.730987411046467721e+07,8.638549484935967624e+07,7.571757553884752095e+07,6.515402020442254841e+07,5.485649271056684852e+07,4.478160826697979867e+07,3.501641125637160987e+07,2.559200556123965979e+07,1.671330591057628766e+07,8.631651045521099120e+06,2.041980372160823550e+06,0.000000000000000000e+00,0.000000000000000000e+00,0.000000000000000000e+00,0.000000000000000000e+00,0.000000000000000000e+00,0.000000000000000000e+00,0.000000000000000000e+00,0.000000000000000000e+00,0.000000000000000000e+00,0.000000000000000000e+00,0.000000000000000000e+00,0.000000000000000000e+00,0.000000000000000000e+00,0.000000000000000000e+00,0.000000000000000000e+00,0.000000000000000000e+00,0.000000000000000000e+00,0.000000000000000000e+00,0.000000000000000000e+00,0.000000000000000000e+00,0.000000000000000000e+00,0.000000000000000000e+00,0.000000000000000000e+00,0.000000000000000000e+00,0.000000000000000000e+00,0.000000000000000000e+00,0.000000000000000000e+00,0.000000000000000000e+00,0.000000000000000000e+00,0.000000000000000000e+00,0.000000000000000000e+00,0.000000000000000000e+00,0.000000000000000000e+00,0.000000000000000000e+00,0.000000000000000000e+00,0.000000000000000000e+00,0.000000000000000000e+00,0.000000000000000000e+00,0.000000000000000000e+00,0.000000000000000000e+00,0.000000000000000000e+00,0.000000000000000000e+00,0.000000000000000000e+00,0.000000000000000000e+00,0.000000000000000000e+00,0.000000000000000000e+00,0.000000000000000000e+00,1.000000000000000000e+00
3.444132830185571909e+08,3.417277812021656632e+08,3.381476022391887903e+08,3.336727238301705718e+08,3.280357339206513166e+08,3.209910064784606695e+08,3.120846066342724562e+08,2.997120894332668185e+08,2.854315865569617748e+08,2.715538031757191420e+08,2.579234985384441018e+08,2.446559559759946167e+08,2.315803752145924866e+08,2.188213460186743736e+08,2.061987341599243879e+08,1.938029125884940028e+08,1.816092029065249860e+08,1.695929215428514779e+08,1.577076297161960602e+08,1.460685211446832418e+08,1.344706242472738028e+08,1.230508804356114715e+08,1.117939157374960631e+08,1.006967828772923201e+08,8.975963679284837842e+07,7.897952172525653243e+07,6.836590127375824749e+07,5.799034802556212991e+07,4.780017204142016172e+07,3.799421691886743903e+07,2.843280079568503425e+07,1.937675582890276611e+07,1.103398800932553969e+07,3.823283038123266306e+06,0.000000000000000000e+00,0.000000000000000000e+00,0.000000000000000000e+00,0.000000000000000000e+00,0.000000000000000000e+00,0.000000000000000000e+00,0.000000000000000000e+00,0.000000000000000000e+00,0.000000000000000000e+00,0.000000000000000000e+00,0.000000000000000000e+00,0.000000000000000000e+00,0.000000000000000000e+00,0.000000000000000000e+00,0.000000000000000000e+00,0.000000000000000000e+00,0.000000000000000000e+00,0.000000000000000000e+00,0.000000000000000000e+00,0.000000000000000000e+00,0.000000000000000000e+00,0.000000000000000000e+00,0.000000000000000000e+00,0.000000000000000000e+00,0.000000000000000000e+00,0.000000000000000000e+00,0.000000000000000000e+00,0.000000000000000000e+00,0.000000000000000000e+00,0.000000000000000000e+00,0.000000000000000000e+00,0.000000000000000000e+00,0.000000000000000000e+00,0.000000000000000000e+00,0.000000000000000000e+00,0.000000000000000000e+00,0.000000000000000000e+00,0.000000000000000000e+00,0.000000000000000000e+00,0.000000000000000000e+00,0.000000000000000000e+00,0.000000000000000000e+00,0.000000000000000000e+00,0.000000000000000000e+00,0.000000000000000000e+00,0.000000000000000000e+00,1.000000000000000000e+00
3.517944600096222758e+08,3.498234906960806251e+08,3.470076006113675833e+08,3.434306980414811373e+08,3.388346828802089691e+08,3.330734084832612872e+08,3.259136895588496327e+08,3.168083042465927601e+08,3.042398786657476425e+08,2.897883154749637246e+08,2.757549972932770848e+08,2.621121779711436629e+08,2.486641842572042942e+08,2.356195771313484311e+08,2.227173755744034350e+08,2.100666193185520172e+08,1.976395234664504826e+08,1.853678868857774734e+08,1.732674495962201655e+08,1.613508338758990169e+08,1.496306522435050905e+08,1.379858610148428380e+08,1.265596111136154234e+08,1.152401854812529981e+08,1.040867973151650131e+08,9.310581499993173778e+07,8.230049229307763278e+07,7.165854431864523888e+07,6.115526130373788625e+07,5.092432217070291936e+07,4.092855006085878611e+07,3.131706072368853167e+07,2.208056042719181255e+07,1.346736263426096737e+07,5.840437827231088653e+06,3.382067870064035524e+05,0.000000000000000000e+00,0.000000000000000000e+00,0.000000000000000000e+00,0.000000000000000000e+00,0.000000000000000000e+00,0.000000000000000000e+00,0.000000000000000000e+00,0.000000000000000000e+00,0.000000000000000000e+00,0.000000000000000000e+00,0.000000000000000000e+00,0.000000000000000000e+00,0.000000000000000000e+00,0.000000000000000000e+00,0.000000000000000000e+00,0.000000000000000000e+00,0.000000000000000000e+00,0.000000000000000000e+00,0.000000000000000000e+00,0.000000000000000000e+00,0.000000000000000000e+00,0.000000000000000000e+00,0.000000000000000000e+00,0.000000000000000000e+00,0.000000000000000000e+00,0.000000000000000000e+00,0.000000000000000000e+00,0.000000000000000000e+00,0.000000000000000000e+00,0.000000000000000000e+00,0.000000000000000000e+00,0.000000000000000000e+00,0.000000000000000000e+00,0.000000000000000000e+00,0.000000000000000000e+00,0.000000000000000000e+00,0.000000000000000000e+00,0.000000000000000000e+00,0.000000000000000000e+00,0.000000000000000000e+00,0.000000000000000000e+00,0.000000000000000000e+00,0.000000000000000000e+00,0.000000000000000000e+00,1.000000000000000000e+00
3.586007664986374378e+08,3.571640153781300783e+08,3.551155512457799315e+08,3.523029704006673098e+08,3.486982500770369768e+08,3.439904252024780512e+08,3.381421807961344719e+08,3.308923482782621980e+08,3.215817588898489475e+08,3.087116960006500483e+08,2.941637039520546794e+08,2.800463716945606470e+08,2.662542140901333392e+08,2.527470400411121249e+08,2.395686061450091898e+08,2.266538263267003596e+08,2.139251765457562208e+08,2.014357168464681208e+08,1.890706113791156113e+08,1.769699544745982587e+08,1.649909285315565467e+08,1.531741318336650729e+08,1.415166359844681621e+08,1.300403711371810883e+08,1.187144220605789274e+08,1.074985619286151975e+08,9.646441973362515867e+07,8.556554352243618667e+07,7.485178545206965506e+07,6.435123281185921282e+07,5.402052125627809763e+07,4.400882228600516170e+07,3.423236663679076731e+07,2.492405547539143264e+07,1.602488840013529547e+07,8.059308024617033079e+06,1.632080833078094292e+06,0.000000000000000000e+00,0.000000000000000000e+00,0.000000000000000000e+00,0.000000000000000000e+00,0.000000000000000000e+00,0.000000000000000000e+00,0.000000000000000000e+00,0.000000000000000000e+00,0.000000000000000000e+00,0.000000000000000000e+00,0.000000000000000000e+00,0.000000000000000000e+00,0.000000000000000000e+00,0.000000000000000000e+00,0.000000000000000000e+00,0.000000000000000000e+00,0.000000000000000000e+00,0.000000000000000000e+00,0.000000000000000000e+00,0.000000000000000000e+00,0.000000000000000000e+00,0.000000000000000000e+00,0.000000000000000000e+00,0.000000000000000000e+00,0.000000000000000000e+00,0.000000000000000000e+00,0.000000000000000000e+00,0.000000000000000000e+00,0.000000000000000000e+00,0.000000000000000000e+00,0.000000000000000000e+00,0.000000000000000000e+00,0.000000000000000000e+00,0.000000000000000000e+00,0.000000000000000000e+00,0.000000000000000000e+00,0.000000000000000000e+00,0.000000000000000000e+00,0.000000000000000000e+00,0.000000000000000000e+00,0.000000000000000000e+00,0.000000000000000000e+00,0.000000000000000000e+00,1.000000000000000000e+00
3.415703561587126255e+08,3.640322349616923928e+08,3.625553374510343075e+08,3.605413113996204138e+08,3.577475912221870422e+08,3.540124463663177490e+08,3.492985372242607474e+08,3.433539976715325713e+08,3.359083253168535233e+08,3.265044784538161755e+08,3.132394883218014240e+08,2.985546416700462103e+08,2.843377465772557855e+08,2.704397848822032809e+08,2.569107437537359893e+08,2.435953708163749874e+08,2.305996041051481664e+08,2.178117157542266548e+08,2.052101456002340019e+08,1.928976906469420493e+08,1.806506988894290030e+08,1.686621072486157119e+08,1.568015343606975079e+08,1.451282206724261045e+08,1.335522071698517501e+08,1.221575823253305107e+08,1.108916817004521936e+08,9.982613072536882758e+07,8.890825737681123614e+07,7.810404493153488636e+07,6.755651996801254153e+07,5.719435717253723741e+07,4.705804241503763944e+07,3.718492772497447580e+07,2.768683902822678909e+07,1.868483865226583183e+07,1.038679393879624829e+07,3.357246577495624777e+06,0.000000000000000000e+00,0.000000000000000000e+00,0.000000000000000000e+00,0.000000000000000000e+00,0.000000000000000000e+00,0.000000000000000000e+00,0.000000000000000000e+00,0.000000000000000000e+00,0.000000000000000000e+00,0.000000000000000000e+00,0.000000000000000000e+00,0.000000000000000000e+00,0.000000000000000000e+00,0.000000000000000000e+00,0.000000000000000000e+00,0.000000000000000000e+00,0.000000000000000000e+00,0.000000000000000000e+00,0.000000000000000000e+00,0.000000000000000000e+00,0.000000000000000000e+00,0.000000000000000000e+00,0.000000000000000000e+00,0.000000000000000000e+00,0.000000000000000000e+00,0.000000000000000000e+00,0.000000000000000000e+00,0.000000000000000000e+00,0.000000000000000000e+00,0.000000000000000000e+00,0.000000000000000000e+00,0.000000000000000000e+00,0.000000000000000000e+00,0.000000000000000000e+00,0.000000000000000000e+00,0.000000000000000000e+00,0.000000000000000000e+00,0.000000000000000000e+00,0.000000000000000000e+00,0.000000000000000000e+00,0.000000000000000000e+00,0.000000000000000000e+00,1.000000000000000000e+00
3.140033419511725903e+08,3.384455447953687310e+08,3.676147371827124953e+08,3.681984986579125524e+08,3.661038808071844578e+08,3.632606216353695393e+08,3.594727900400437713e+08,3.546004332995866537e+08,3.484694195485551953e+08,3.409647294699159861e+08,3.313183618975905180e+08,3.178823389591122866e+08,3.029797864256330132e+08,2.886539992565189004e+08,2.746502325652446747e+08,2.610620091632247567e+08,2.476625574824860692e+08,2.345826937104035020e+08,2.217044730513387024e+08,2.090623010394712090e+08,1.966097399907887280e+08,1.843842899952425361e+08,1.723363938312628269e+08,1.604413696102856100e+08,1.487149389518814683e+08,1.370857976000646651e+08,1.256660000695219487e+08,1.143189797634493411e+08,1.032158023193113506e+08,9.220126533105880022e+07,8.142464020372471213e+07,7.076180597658456862e+07,6.033713668630036712e+07,5.013210180890043825e+07,4.020268598755830526e+07,3.056137454867661372e+07,2.141307136752532423e+07,1.285392845308581367e+07,5.293403893953692168e+06,0.000000000000000000e+00,0.000000000000000000e+00,0.000000000000000000e+00,0.000000000000000000e+00,0.000000000000000000e+00,0.000000000000000000e+00,0.000000000000000000e+00,0.000000000000000000e+00,0.000000000000000000e+00,0.000000000000000000e+00,0.000000000000000000e+00,0.000000000000000000e+00,0.000000000000000000e+00,0.000000000000000000e+00,0.000000000000000000e+00,0.000000000000000000e+00,0.000000000000000000e+00,0.000000000000000000e+00,0.000000000000000000e+00,0.000000000000000000e+00,0.000000000000000000e+00,0.000000000000000000e+00,0.000000000000000000e+00,0.000000000000000000e+00,0.000000000000000000e+00,0.000000000000000000e+00,0.000000000000000000e+00,0.000000000000000000e+00,0.000000000000000000e+00,0.000000000000000000e+00,0.000000000000000000e+00,0.000000000000000000e+00,0.000000000000000000e+00,0.000000000000000000e+00,0.000000000000000000e+00,0.000000000000000000e+00,0.000000000000000000e+00,0.000000000000000000e+00,0.000000000000000000e+00,0.000000000000000000e+00,0.000000000000000000e+00,1.000000000000000000e+00
2.926718379935526848e+08,3.123735712612170577e+08,3.357208883424121141e+08,3.628486351158765554e+08,3.737421724279283881e+08,3.716571256383579969e+08,3.687301233132519722e+08,3.649269170526763201e+08,3.599396460935690403e+08,3.537900768882687092e+08,3.460335740053234696e+08,3.363063881440368891e+08,3.225314106880689859e+08,3.075697436476656199e+08,2.930884179871679544e+08,2.789695165312530994e+08,2.652226037501578927e+08,2.517204159904164672e+08,2.385937674045087993e+08,2.256594141204908490e+08,2.129082374127869606e+08,2.004616894769007564e+08,1.881116618706976771e+08,1.760262215110869408e+08,1.640190370565459132e+08,1.522830090277628005e+08,1.406318175022655129e+08,1.290998354181478322e+08,1.178270645143273771e+08,1.065961517689565122e+08,9.558125628960645199e+07,8.472659662226217985e+07,7.400746720140790939e+07,6.353891894612143934e+07,5.322168512404591590e+07,4.317387243631229550e+07,3.349799364037022367e+07,2.413509542892561853e+07,1.537381855317982286e+07,7.480889102942442521e+06,1.244021322904476896e+06,0.000000000000000000e+00,0.000000000000000000e+00,0.000000000000000000e+00,0.000000000000000000e+00,0.000000000000000000e+00,0.000000000000000000e+00,0.000000000000000000e+00,0.000000000000000000e+00,0.000000000000000000e+00,0.000000000000000000e+00,0.000000000000000000e+00,0.000000000000000000e+00,0.000000000000000000e+00,0.000000000000000000e+00,0.000000000000000000e+00,0.000000000000000000e+00,0.000000000000000000e+00,0.000000000000000000e+00,0.000000000000000000e+00,0.000000000000000000e+00,0.000000000000000000e+00,0.000000000000000000e+00,0.000000000000000000e+00,0.000000000000000000e+00,0.000000000000000000e+00,0.000000000000000000e+00,0.000000000000000000e+00,0.000000000000000000e+00,0.000000000000000000e+00,0.000000000000000000e+00,0.000000000000000000e+00,0.000000000000000000e+00,0.000000000000000000e+00,0.000000000000000000e+00,0.000000000000000000e+00,0.000000000000000000e+00,0.000000000000000000e+00,0.000000000000000000e+00,0.000000000000000000e+00,1.000000000000000000e+00
2.746312424824163914e+08,2.923458850874025822e+08,3.113527863054842353e+08,3.333491228249241114e+08,3.594791451674651504e+08,3.794257586529248953e+08,3.772197009850844145e+08,3.743146739706966877e+08,3.703499522324106693e+08,3.653908050809991956e+08,3.590703113262576461e+08,3.512174779191041589e+08,3.412353327537917495e+08,3.272520059840461016e+08,3.121037276756913662e+08,2.974699733966045380e+08,2.832514846193410754e+08,2.694080737337597013e+08,2.558373528283163309e+08,2.425892939892325699e+08,2.295335153529637456e+08,2.168101359255518019e+08,2.042265886154075563e+08,1.919043170325482786e+08,1.797191572210488915e+08,1.677272527896857262e+08,1.558821574111831784e+08,1.442182377361571789e+08,1.326175726368300021e+08,1.212792181857501715e+08,1.100448523013570905e+08,9.891775370685128868e+07,8.803476364580632746e+07,7.731835078180819750e+07,6.672206685908931494e+07,5.638268478062633425e+07,4.626303559452286363e+07,3.645634105110506713e+07,2.699058118004301190e+07,1.798991044228381664e+07,9.801794914601473138e+06,2.872727835408180021e+06,0.000000000000000000e+00,0.000000000000000000e+00,0.000000000000000000e+00,0.000000000000000000e+00,0.000000000000000000e+00,0.000000000000000000e+00,0.000000000000000000e+00,0.000000000000000000e+00,0.000000000000000000e+00,0.000000000000000000e+00,0.000000000000000000e+00,0.000000000000000000e+00,0.000000000000000000e+00,0.000000000000000000e+00,0.000000000000000000e+00,0.000000000000000000e+00,0.000000000000000000e+00,0.000000000000000000e+00,0.000000000000000000e+00,0.000000000000000000e+00,0.000000000000000000e+00,0.000000000000000000e+00,0.000000000000000000e+00,0.000000000000000000e+00,0.000000000000000000e+00,0.000000000000000000e+00,0.000000000000000000e+00,0.000000000000000000e+00,0.000000000000000000e+00,0.000000000000000000e+00,0.000000000000000000e+00,0.000000000000000000e+00,0.000000000000000000e+00,0.000000000000000000e+00,0.000000000000000000e+00,0.000000000000000000e+00,0.000000000000000000e+00,0.000000000000000000e+00,1.000000000000000000e+00
2.597321141164641976e+08,2.749733278145401478e+08,2.918243317855319977e+08,3.099997777377268076e+08,3.314121065026552081e+08,3.561720977993103266e+08,3.854347647840265036e+08,3.829626149401481748e+08,3.799178839280219078e+08,3.759315727118140459e+08,3.708761709319854975e+08,3.644842616242687702e+08,3.564853441415722966e+08,3.463259817744809389e+08,3.319757115159999728e+08,3.166408223250059485e+08,3.019106128937054873e+08,2.875303444461766481e+08,2.735904343789416552e+08,2.599045399286315143e+08,2.466190228925050199e+08,2.335071103522711694e+08,2.207151429570586085e+08,2.081034064279106259e+08,1.956068181219246089e+08,1.834276341930476129e+08,1.713608675639251769e+08,1.594626565675732791e+08,1.477207451387273073e+08,1.361912435799074471e+08,1.247873006311935633e+08,1.134904445995129049e+08,1.022884216579953581e+08,9.137088562120114267e+07,8.052052576389382780e+07,6.992695150421355665e+07,5.952194685380741954e+07,4.931183587599921972e+07,3.939916561003656685e+07,2.981502777715809271e+07,2.069910041584622487e+07,1.219096196495965123e+07,4.796152633238328621e+06,0.000000000000000000e+00,0.000000000000000000e+00,0.000000000000000000e+00,0.000000000000000000e+00,0.000000000000000000e+00,0.000000000000000000e+00,0.000000000000000000e+00,0.000000000000000000e+00,0.000000000000000000e+00,0.000000000000000000e+00,0.000000000000000000e+00,0.000000000000000000e+00,0.000000000000000000e+00,0.000000000000000000e+00,0.000000000000000000e+00,0.000000000000000000e+00,0.000000000000000000e+00,0.000000000000000000e+00,0.000000000000000000e+00,0.000000000000000000e+00,0.000000000000000000e+00,0.000000000000000000e+00,0.000000000000000000e+00,0.000000000000000000e+00,0.000000000000000000e+00,0.000000000000000000e+00,0.000000000000000000e+00,0.000000000000000000e+00,0.000000000000000000e+00,0.000000000000000000e+00,0.000000000000000000e+00,0.000000000000000000e+00,0.000000000000000000e+00,0.000000000000000000e+00,0.000000000000000000e+00,0.000000000000000000e+00,0.000000000000000000e+00,1.000000000000000000e+00
2.460278847175136805e+08,2.605646339799573123e+08,2.754470479197273850e+08,2.919956150610033870e+08,3.090105161267659068e+08,3.297379220831918716e+08,3.533109661825699806e+08,3.809145913452290297e+08,3.887428416758053303e+08,3.856952197884396911e+08,3.816313548509667516e+08,3.764641542506273985e+08,3.699293100444561243e+08,3.618154053953517675e+08,3.514041934988374114e+08,3.367709410705314279e+08,3.213582773806129098e+08,3.063823487509840727e+08,2.919584631264463067e+08,2.778412040245606899e+08,2.641334162021651864e+08,2.506922812977435589e+08,2.376050721384931207e+08,2.246512392487987876e+08,2.119180464256802499e+08,1.994740795649604499e+08,1.871734119427349567e+08,1.750411054742573500e+08,1.630959904381581545e+08,1.513289173629745543e+08,1.397214073948593438e+08,1.282145923983560801e+08,1.168738962108383626e+08,1.057336460081184059e+08,9.470079319845628738e+07,8.389662934910881519e+07,7.314736235855667293e+07,6.266431209532471001e+07,5.244446118042578548e+07,4.244753301911202073e+07,3.270775601488739997e+07,2.341139251387815550e+07,1.470424066693021171e+07,6.918124160444045439e+06,9.150193518886871170e+05,0.000000000000000000e+00,0.000000000000000000e+00,0.000000000000000000e+00,0.000000000000000000e+00,0.000000000000000000e+00,0.000000000000000000e+00,0.000000000000000000e+00,0.000000000000000000e+00,0.000000000000000000e+00,0.000000000000000000e+00,0.000000000000000000e+00,0.000000000000000000e+00,0.000000000000000000e+00,0.000000000000000000e+00,0.000000000000000000e+00,0.000000000000000000e+00,0.000000000000000000e+00,0.000000000000000000e+00,0.000000000000000000e+00,0.000000000000000000e+00,0.000000000000000000e+00,0.000000000000000000e+00,0.000000000000000000e+00,0.000000000000000000e+00,0.000000000000000000e+00,0.000000000000000000e+00,0.000000000000000000e+00,0.000000000000000000e+00,0.000000000000000000e+00,0.000000000000000000e+00,0.000000000000000000e+00,0.000000000000000000e+00,0.000000000000000000e+00,0.000000000000000000e+00,0.000000000000000000e+00,1.000000000000000000e+00
2.346606200358727574e+08,2.473527309924760759e+08,2.612944394193871915e+08,2.759985427358868122e+08,2.919259991986860633e+08,3.092589945691065788e+08,3.283338697670745850e+08,3.509267016516202688e+08,3.766307150994120836e+08,3.945634920755201578e+08,3.915160898173818588e+08,3.873995475582290888e+08,3.821392070240889788e+08,3.754521004328773022e+08,3.671890030509064198e+08,3.565632577088775635e+08,3.416376934466720819e+08,3.259855534926370382e+08,3.109691404357712269e+08,2.962621994701375365e+08,2.821230692483012080e+08,2.683374162661638260e+08,2.547904132989167869e+08,2.415693377415836453e+08,2.285375900871920884e+08,2.158228431513962746e+08,2.032884918752034009e+08,1.908787789193302989e+08,1.787462090411053598e+08,1.667355403416644037e+08,1.549091175735462010e+08,1.432267101270353198e+08,1.317319933859247863e+08,1.203567679982137680e+08,1.091695493999621868e+08,9.808039902945418656e+07,8.715470718048498034e+07,7.642056423644052446e+07,6.589672343428719044e+07,5.557087516613025218e+07,4.548348143546320498e+07,3.564703937279663980e+07,2.626022864731152728e+07,1.735093905525079742e+07,9.201414530088191852e+06,2.419373362808201928e+06,0.000000000000000000e+00,0.000000000000000000e+00,0.000000000000000000e+00,0.000000000000000000e+00,0.000000000000000000e+00,0.000000000000000000e+00,0.000000000000000000e+00,0.000000000000000000e+00,0.000000000000000000e+00,0.000000000000000000e+00,0.000000000000000000e+00,0.000000000000000000e+00,0.000000000000000000e+00,0.000000000000000000e+00,0.000000000000000000e+00,0.000000000000000000e+00,0.000000000000000000e+00,0.000000000000000000e+00,0.000000000000000000e+00,0.000000000000000000e+00,0.000000000000000000e+00,0.000000000000000000e+00,0.000000000000000000e+00,0.000000000000000000e+00,0.000000000000000000e+00,0.000000000000000000e+00,0.000000000000000000e+00,0.000000000000000000e+00,0.000000000000000000e+00,0.000000000000000000e+00,0.000000000000000000e+00,0.000000000000000000e+00,0.000000000000000000e+00,0.000000000000000000e+00,1.000000000000000000e+00
2.240326446245373189e+08,2.359078119946550727e+08,2.488276358600831628e+08,2.623648379446578920e+08,2.762240674265141487e+08,2.918933060744562149e+08,3.091756939296364784e+08,3.272712484126421809e+08,3.488063359772840738e+08,3.738656228633970022e+08,4.004960768432387710e+08,3.973462898519371748e+08,3.931646329249104261e+08,3.877893857147979736e+08,3.810744009335126281e+08,3.725843704980952144e+08,3.618342726220537424e+08,3.466101766258897781e+08,3.307838609475190639e+08,3.155248363350476027e+08,3.007742772806298137e+08,2.864204809836050272e+08,2.724916648464056253e+08,2.588854358995885849e+08,2.455802408468647301e+08,2.325451931186260581e+08,2.196250445223917961e+08,2.070780333628692031e+08,1.946463132159891725e+08,1.824917185446972549e+08,1.703937362231988013e+08,1.585328246958896220e+08,1.468034842222211063e+08,1.352556056732588112e+08,1.238489583111669421e+08,1.125619582624006271e+08,1.014662152650896013e+08,9.051838366143186390e+07,7.970929162549065053e+07,6.906703089555613697e+07,5.870660114770413190e+07,4.854736603430387378e+07,3.865770782571580261e+07,2.910595987862082571e+07,1.999453332061312720e+07,1.159018210172271542e+07,4.292836783849325031e+06,0.000000000000000000e+00,0.000000000000000000e+00,0.000000000000000000e+00,0.000000000000000000e+00,0.000000000000000000e+00,0.000000000000000000e+00,0.000000000000000000e+00,0.000000000000000000e+00,0.000000000000000000e+00,0.000000000000000000e+00,0.000000000000000000e+00,0.000000000000000000e+00,0.000000000000000000e+00,0.000000000000000000e+00,0.000000000000000000e+00,0.000000000000000000e+00,0.000000000000000000e+00,0.000000000000000000e+00,0.000000000000000000e+00,0.000000000000000000e+00,0.000000000000000000e+00,0.000000000000000000e+00,0.000000000000000000e+00,0.000000000000000000e+00,0.000000000000000000e+00,0.000000000000000000e+00,0.000000000000000000e+00,0.000000000000000000e+00,0.000000000000000000e+00,0.000000000000000000e+00,0.000000000000000000e+00,0.000000000000000000e+00,0.000000000000000000e+00,1.000000000000000000e+00
2.146688294911271930e+08,2.253158907663973272e+08,2.381115778190691173e+08,2.497091991364984810e+08,2.631779360811205804e+08,2.777562610909439921e+08,2.927309900521587729e+08,3.093489970041371584e+08,3.262673014034535885e+08,3.471585853816300631e+08,3.708630805621996522e+08,3.989182946038529873e+08,4.033568352845991850e+08,3.990665371367490292e+08,3.936758918188821673e+08,3.867340173801586032e+08,3.780388223498637676e+08,3.671426045071046352e+08,3.516324145091114044e+08,3.355604018972389102e+08,3.201582734643160701e+08,3.052459308880744576e+08,2.908453827950809002e+08,2.767112115413511395e+08,2.630488623713560104e+08,2.496533263513829112e+08,2.365279224330722988e+08,2.236417587642821074e+08,2.108800077409533262e+08,1.984946680196407139e+08,1.861781681744829714e+08,1.741389556539458632e+08,1.621689621367290914e+08,1.503585034246708155e+08,1.387854317154236436e+08,1.273193984045718014e+08,1.160382427243494093e+08,1.048644542192464918e+08,9.383857449097461998e+07,8.303217781717526913e+07,7.238017025426265597e+07,6.188889527340312302e+07,5.164849966707319021e+07,4.164664778443324566e+07,3.200754851883003861e+07,2.273121032094029337e+07,1.410924490585066751e+07,6.374117696726236492e+06,6.016336033611432649e+05,0.000000000000000000e+00,0.000000000000000000e+00,0.000000000000000000e+00,0.000000000000000000e+00,0.000000000000000000e+00,0.000000000000000000e+00,0.000000000000000000e+00,0.000000000000000000e+00,0.000000000000000000e+00,0.000000000000000000e+00,0.000000000000000000e+00,0.000000000000000000e+00,0.000000000000000000e+00,0.000000000000000000e+00,0.000000000000000000e+00,0.000000000000000000e+00,0.000000000000000000e+00,0.000000000000000000e+00,0.000000000000000000e+00,0.000000000000000000e+00,0.000000000000000000e+00,0.000000000000000000e+00,0.000000000000000000e+00,0.000000000000000000e+00,0.000000000000000000e+00,0.000000000000000000e+00,0.000000000000000000e+00,0.000000000000000000e+00,0.000000000000000000e+00,0.000000000000000000e+00,0.000000000000000000e+00,1.000000000000000000e+00
2.053420620261295438e+08,2.166808551126889288e+08,2.277078326975085139e+08,2.391872970347796082e+08,2.518928102099251151e+08,2.644315620020357966e+08,2.781222650154873729e+08,2.928475095058294535e+08,3.087604707185177803e+08,3.264665273846915364e+08,3.454604380555873513e+08,3.684636840309062004e+08,3.944136686759440303e+08,4.094544447336968184e+08,4.051643397871743441e+08,3.995499615960057378e+08,3.925708845611380935e+08,3.837731455222578645e+08,3.725504474581061006e+08,3.566795312158378959e+08,3.404302335594921112e+08,3.247917112892614007e+08,3.097611178425317407e+08,2.951645605873729587e+08,2.810395868045283556e+08,2.672247253171723783e+08,2.536766650960950851e+08,2.405137590849667788e+08,2.275776397599883676e+08,2.147721349000750184e+08,2.022590910538916886e+08,1.899640823280268013e+08,1.778126881381208897e+08,1.658268517085804343e+08,1.540378217092866898e+08,1.423618636448963583e+08,1.308488680352612585e+08,1.195114190778113157e+08,1.082875414466570318e+08,9.719292852568429708e+07,8.624636883254888654e+07,7.561257552867776155e+07,6.506187287393084168e+07,5.475583953144106269e+07,4.469455757761780173e+07,3.489982557307097316e+07,2.552373618986707926e+07,1.665312466616898403e+07,8.576366468553347513e+06,2.006479145694329869e+06,0.000000000000000000e+00,0.000000000000000000e+00,0.000000000000000000e+00,0.000000000000000000e+00,0.000000000000000000e+00,0.000000000000000000e+00,0.000000000000000000e+00,0.000000000000000000e+00,0.000000000000000000e+00,0.000000000000000000e+00,0.000000000000000000e+00,0.000000000000000000e+00,0.000000000000000000e+00,0.000000000000000000e+00,0.000000000000000000e+00,0.000000000000000000e+00,0.000000000000000000e+00,0.000000000000000000e+00,0.000000000000000000e+00,0.000000000000000000e+00,0.000000000000000000e+00,0.000000000000000000e+00,0.000000000000000000e+00,0.000000000000000000e+00,0.000000000000000000e+00,0.000000000000000000e+00,0.000000000000000000e+00,0.000000000000000000e+00,0.000000000000000000e+00,0.000000000000000000e+00,1.000000000000000000e+00
1.976283935084925294e+08,2.077205995763556063e+08,2.192196585109688938e+08,2.303142336987587512e+08,2.417150171175168157e+08,2.535207624025039673e+08,2.662628653690252602e+08,2.789122344976937175e+08,2.931140217527124882e+08,3.089920695050973296e+08,3.262496082027251124e+08,3.445208080063943267e+08,3.661409564850088358e+08,3.914593132063667178e+08,4.156608841787444353e+08,4.112497061917583942e+08,4.055079909487866759e+08,3.983890951441790462e+08,3.894297284295034409e+08,3.779645109321748018e+08,3.619194491413977742e+08,3.453529291634088159e+08,3.295464240580785275e+08,3.143322771470405459e+08,2.996485425095710158e+08,2.853244298311707973e+08,2.714721022516750693e+08,2.578150419853038192e+08,2.445462308216205835e+08,2.314668871168278754e+08,2.186829103737984896e+08,2.060825743909322619e+08,1.937064780491587818e+08,1.814988524211497903e+08,1.694660918946199715e+08,1.575990518124862611e+08,1.459569368127330542e+08,1.343410520845027268e+08,1.229348874230413586e+08,1.116671385550159812e+08,1.005628099430880696e+08,8.963757116941733658e+07,7.888223934294797480e+07,6.827520901760895550e+07,5.788490660147180408e+07,4.772073890298434347e+07,3.791623261540845037e+07,2.837521347706293315e+07,1.930868539403976873e+07,1.096471971329610609e+07,3.792772594288201071e+06,0.000000000000000000e+00,0.000000000000000000e+00,0.000000000000000000e+00,0.000000000000000000e+00,0.000000000000000000e+00,0.000000000000000000e+00,0.000000000000000000e+00,0.000000000000000000e+00,0.000000000000000000e+00,0.000000000000000000e+00,0.000000000000000000e+00,0.000000000000000000e+00,0.000000000000000000e+00,0.000000000000000000e+00,0.000000000000000000e+00,0.000000000000000000e+00,0.000000000000000000e+00,0.000000000000000000e+00,0.000000000000000000e+00,0.000000000000000000e+00,0.000000000000000000e+00,0.000000000000000000e+00,0.000000000000000000e+00,0.000000000000000000e+00,0.000000000000000000e+00,0.000000000000000000e+00,0.000000000000000000e+00,0.000000000000000000e+00,0.000000000000000000e+00,1.000000000000000000e+00
1.901345276143508255e+08,2.002556235477234721e+08,2.104506957154080272e+08,2.209336019998337924e+08,2.317227698287166655e+08,2.431822250983310938e+08,2.552300679942506850e+08,2.672225236020607948e+08,2.804736615625858307e+08,2.950458264060131311e+08,3.098972018601020575e+08,3.258207468481179476e+08,3.433520368872917891e+08,3.643493188639603853e+08,3.884077547721401453e+08,4.169188856053727865e+08,4.174656719517421722e+08,4.116494859218750000e+08,4.044249809906543493e+08,3.952449053894157410e+08,3.835744854525484443e+08,3.671096126562683582e+08,3.503844637556168437e+08,3.343384530966290832e+08,3.189438605716300011e+08,3.041573994173536301e+08,2.896932260083413720e+08,2.756417445571357012e+08,2.620031648373072147e+08,2.485724836824505031e+08,2.355053592744646668e+08,2.226123380654960871e+08,2.099620095888144672e+08,1.974923880885412395e+08,1.852471739665504098e+08,1.731364096524873972e+08,1.612379687310262024e+08,1.495271510328664780e+08,1.378611971027405262e+08,1.264608710901096314e+08,1.151399208629782796e+08,1.039823823949929774e+08,9.301634890134677291e+07,8.220779212288495898e+07,7.154753188012154400e+07,6.107605591751447320e+07,5.084003099232572317e+07,4.086746777752624452e+07,3.123909975241997093e+07,2.202629017737368122e+07,1.341820855662007630e+07,5.808554561243584380e+06,3.193647245459075784e+05,0.000000000000000000e+00,0.000000000000000000e+00,0.000000000000000000e+00,0.000000000000000000e+00,0.000000000000000000e+00,0.000000000000000000e+00,0.000000000000000000e+00,0.000000000000000000e+00,0.000000000000000000e+00,0.000000000000000000e+00,0.000000000000000000e+00,0.000000000000000000e+00,0.000000000000000000e+00,0.000000000000000000e+00,0.000000000000000000e+00,0.000000000000000000e+00,0.000000000000000000e+00,0.000000000000000000e+00,0.000000000000000000e+00,0.000000000000000000e+00,0.000000000000000000e+00,0.000000000000000000e+00,0.000000000000000000e+00,0.000000000000000000e+00,0.000000000000000000e+00,0.000000000000000000e+00,0.000000000000000000e+00,1.000000000000000000e+00
1.830438551805740297e+08,1.928429499392289817e+08,2.025310798532739282e+08,2.129304461267877817e+08,2.236144734961327612e+08,2.348095835449573100e+08,2.455697140763027668e+08,2.567589932930100262e+08,2.693040223472521901e+08,2.815317542056750059e+08,2.952442464630517960e+08,3.098640847263129354e+08,3.258635240206514001e+08,3.435466308182187080e+08,3.626152640420899391e+08,3.856355099904460907e+08,4.122056676203511953e+08,4.238246748658884764e+08,4.179495694187433124e+08,4.104670870415724516e+08,4.011689219174768329e+08,3.892590938270721436e+08,3.724210541469052434e+08,3.553693535531460047e+08,3.392020031729823351e+08,3.236051977771154642e+08,3.086227229921071529e+08,2.940806785907282233e+08,2.799823987815989256e+08,2.661539757413636446e+08,2.526578060387263894e+08,2.394536716399678588e+08,2.265510897748568356e+08,2.138165745395061076e+08,2.013155960145892203e+08,1.889644136424646378e+08,1.768440177621988654e+08,1.648830979272261262e+08,1.530445392273154259e+08,1.413875521879474223e+08,1.299309337947238088e+08,1.185971694959192723e+08,1.073926348373338580e+08,9.635785825985938311e+07,8.548055625502984226e+07,7.475154877673897147e+07,6.427962017983053625e+07,5.395000896322390437e+07,4.389938641059638560e+07,3.415573152548181266e+07,2.484316621660086140e+07,1.598025721196275391e+07,8.019711404766004533e+06,1.606125524307356682e+06,0.000000000000000000e+00,0.000000000000000000e+00,0.000000000000000000e+00,0.000000000000000000e+00,0.000000000000000000e+00,0.000000000000000000e+00,0.000000000000000000e+00,0.000000000000000000e+00,0.000000000000000000e+00,0.000000000000000000e+00,0.000000000000000000e+00,0.000000000000000000e+00,0.000000000000000000e+00,0.000000000000000000e+00,0.000000000000000000e+00,0.000000000000000000e+00,0.000000000000000000e+00,0.000000000000000000e+00,0.000000000000000000e+00,0.000000000000000000e+00,0.000000000000000000e+00,0.000000000000000000e+00,0.000000000000000000e+00,0.000000000000000000e+00,0.000000000000000000e+00,0.000000000000000000e+00,1.000000000000000000e+00
1.772324214056999385e+08,1.862635391980540156e+08,1.960619530856956542e+08,2.055374926105701625e+08,2.157702606922617257e+08,2.257812619248978794e+08,2.364588449089910090e+08,2.469869301668756604e+08,2.584386663187611699e+08,2.709942065646026134e+08,2.828021093574366570e+08,2.959163373198136687e+08,3.100657045665055513e+08,3.257954085807176828e+08,3.430626474526796341e+08,3.615949682039715052e+08,3.833203887599815726e+08,4.089843651219548583e+08,4.303329338620452285e+08,4.242652019199713469e+08,4.166491271742497683e+08,4.071737907303107977e+08,3.950587611994197369e+08,3.778662133592364192e+08,3.605843596729065180e+08,3.441464043203589320e+08,3.283878083456652761e+08,3.131751124456104040e+08,2.984588019583517313e+08,2.842670841057602763e+08,2.703607509132353067e+08,2.567835452296992838e+08,2.434952494037789106e+08,2.305022741288222075e+08,2.177053309359017611e+08,2.051170433753676116e+08,1.927811093150966763e+08,1.805516245458445549e+08,1.685686223206107616e+08,1.566924282173625529e+08,1.450195413070261180e+08,1.334382728235433251e+08,1.220575212974358946e+08,1.108028850966193229e+08,9.972420904248116910e+07,8.880920830349546671e+07,7.800523851980254054e+07,6.748007656726704538e+07,5.711585249155151099e+07,4.699026547912542522e+07,3.712510866783139110e+07,2.763832405602776259e+07,1.862294975453181565e+07,1.034561147182700410e+07,3.326974020403364208e+06,0.000000000000000000e+00,0.000000000000000000e+00,0.000000000000000000e+00,0.000000000000000000e+00,0.000000000000000000e+00,0.000000000000000000e+00,0.000000000000000000e+00,0.000000000000000000e+00,0.000000000000000000e+00,0.000000000000000000e+00,0.000000000000000000e+00,0.000000000000000000e+00,0.000000000000000000e+00,0.000000000000000000e+00,0.000000000000000000e+00,0.000000000000000000e+00,0.000000000000000000e+00,0.000000000000000000e+00,0.000000000000000000e+00,0.000000000000000000e+00,0.000000000000000000e+00,0.000000000000000000e+00,0.000000000000000000e+00,0.000000000000000000e+00,0.000000000000000000e+00,1.000000000000000000e+00
1.702959443215780258e+08,1.802431491031164527e+08,1.897228563122040033e+08,1.992378913010233939e+08,2.084697500074319541e+08,2.189538118798433542e+08,2.290637913556300998e+08,2.389304472399781942e+08,2.494601065098688006e+08,2.603001330239267349e+08,2.724200806367163658e+08,2.844053088468817472e+08,2.976133439197525978e+08,3.112258440210067630e+08,3.259126562341278791e+08,3.423682675839200616e+08,3.602033389736081958e+08,3.812980027009511590e+08,4.056661973139938116e+08,4.346268337516835928e+08,4.308202715086940527e+08,4.229990879964293242e+08,4.133559116160547137e+08,4.009175136895002723e+08,3.833828958195399642e+08,3.657807075086937547e+08,3.491156820448038578e+08,3.331486505679997802e+08,3.178052381721746922e+08,3.029115505720747709e+08,2.885797521142148376e+08,2.745644154097282290e+08,2.609745726436427534e+08,2.475337163272002935e+08,2.344627831502977312e+08,2.215971938581328392e+08,2.089557888019197583e+08,1.964890199022198021e+08,1.842934142502284348e+08,1.722354993189705610e+08,1.603278864925599694e+08,1.486142439285062253e+08,1.369797820297992229e+08,1.255675712135325521e+08,1.142100260459341556e+08,1.031091898488760293e+08,9.211301792765833437e+07,8.133654162696394324e+07,7.068053069954083860e+07,6.026307078782263398e+07,5.004700531343272328e+07,4.011930550489711016e+07,3.048311613251516223e+07,2.136179452269078046e+07,1.280176043724484742e+07,5.255563905021604151e+06,0.000000000000000000e+00,0.000000000000000000e+00,0.000000000000000000e+00,0.000000000000000000e+00,0.000000000000000000e+00,0.000000000000000000e+00,0.000000000000000000e+00,0.000000000000000000e+00,0.000000000000000000e+00,0.000000000000000000e+00,0.000000000000000000e+00,0.000000000000000000e+00,0.000000000000000000e+00,0.000000000000000000e+00,0.000000000000000000e+00,0.000000000000000000e+00,0.000000000000000000e+00,0.000000000000000000e+00,0.000000000000000000e+00,0.000000000000000000e+00,0.000000000000000000e+00,0.000000000000000000e+00,0.000000000000000000e+00,0.000000000000000000e+00,1.000000000000000000e+00
1.641559609902455807e+08,1.739725738770029545e+08,1.831219352595379353e+08,1.927344687091085613e+08,2.024679788586287498e+08,2.120668876370344162e+08,2.211186348365854025e+08,2.313340602666549981e+08,2.413781361367391944e+08,2.514568555105739236e+08,2.631026052694319785e+08,2.737433212182591558e+08,2.853988871684068441e+08,2.983229810412558913e+08,3.121444639330277443e+08,3.263657796954334974e+08,3.425349715481220484e+08,3.600624671697552204e+08,3.794854843093360662e+08,4.027472740020532012e+08,4.297423797981868386e+08,4.374655188505318165e+08,4.295698331003618836e+08,4.195877878668534160e+08,4.069566289121882915e+08,3.890426244704322219e+08,3.711232108283079267e+08,3.540973980336779356e+08,3.379530273927584291e+08,3.224664591291157603e+08,3.075042224007908106e+08,2.929981356548720002e+08,2.788831196891213655e+08,2.651282899763447940e+08,2.516436857228587866e+08,2.384978993032325208e+08,2.255450080717058480e+08,2.127758821166710258e+08,2.003678721840719879e+08,1.879947996652797759e+08,1.759272339161237180e+08,1.639198403650390804e+08,1.521685550457237363e+08,1.405243949553656280e+08,1.290092804630914927e+08,1.177103407712672651e+08,1.065128006146803051e+08,9.548513633473108709e+07,8.464610948369887471e+07,7.392133695878787339e+07,6.346305000198780000e+07,5.314098162294900417e+07,4.310729393710666150e+07,3.342407654730123654e+07,2.407892482167663053e+07,1.532303280189279839e+07,7.441504796045719646e+06,1.236913281932448968e+06,0.000000000000000000e+00,0.000000000000000000e+00,0.000000000000000000e+00,0.000000000000000000e+00,0.000000000000000000e+00,0.000000000000000000e+00,0.000000000000000000e+00,0.000000000000000000e+00,0.000000000000000000e+00,0.000000000000000000e+00,0.000000000000000000e+00,0.000000000000000000e+00,0.000000000000000000e+00,0.000000000000000000e+00,0.000000000000000000e+00,0.000000000000000000e+00,0.000000000000000000e+00,0.000000000000000000e+00,0.000000000000000000e+00,0.000000000000000000e+00,0.000000000000000000e+00,0.000000000000000000e+00,1.000000000000000000e+00
1.539268877576088011e+08,1.694969061093177795e+08,1.779249266661627591e+08,1.871351200960083604e+08,1.962962925024178624e+08,2.055864936643121839e+08,2.148249680128220022e+08,2.244477668649958372e+08,2.341887725218350589e+08,2.435800675850378573e+08,2.536070080464904606e+08,2.643747437415589094e+08,2.750652885386564136e+08,2.873157712521817684e+08,2.993512020165742636e+08,3.125979711611649394e+08,3.266622409067348838e+08,3.422336393504879475e+08,3.597003792822731733e+08,3.779014580186145902e+08,4.001640852604947090e+08,4.262223732504907846e+08,4.443470931393527985e+08,4.361499073820605278e+08,4.260124642287836075e+08,4.130050735183680058e+08,3.948111930234769583e+08,3.764750422510094047e+08,3.592501442837078571e+08,3.428506905865179300e+08,3.271991980749784708e+08,3.120378138240317106e+08,2.973978614931423664e+08,2.831520740659295321e+08,2.693162048829349875e+08,2.557412173066434860e+08,2.425081434653385580e+08,2.294244327145758271e+08,2.167078710082408190e+08,2.041317234366012216e+08,1.918018484246285856e+08,1.796065361026909649e+08,1.676050092760397196e+08,1.557663590454811156e+08,1.441218172222900391e+08,1.325193246750948876e+08,1.211858056547493339e+08,1.099412524849943668e+08,9.883241121186821163e+07,8.793704573864421248e+07,7.723043331322062016e+07,6.663819639842918515e+07,5.631564118095783144e+07,4.621008339964168519e+07,3.638985242740464956e+07,2.693252963887833059e+07,1.795594624125444517e+07,9.770073052143633366e+06,2.858230354129886255e+06,0.000000000000000000e+00,0.000000000000000000e+00,0.000000000000000000e+00,0.000000000000000000e+00,0.000000000000000000e+00,0.000000000000000000e+00,0.000000000000000000e+00,0.000000000000000000e+00,0.000000000000000000e+00,0.000000000000000000e+00,0.000000000000000000e+00,0.000000000000000000e+00,0.000000000000000000e+00,0.000000000000000000e+00,0.000000000000000000e+00,0.000000000000000000e+00,0.000000000000000000e+00,0.000000000000000000e+00,0.000000000000000000e+00,0.000000000000000000e+00,0.000000000000000000e+00,1.000000000000000000e+00
1.335631240995171666e+08,1.499354609794701636e+08,1.666559595345320702e+08,1.815639070843237340e+08,1.915631505370928347e+08,1.998492828729295135e+08,2.088090074243995845e+08,2.183264499355874658e+08,2.273316828161432147e+08,2.373123552742663920e+08,2.459310432654823959e+08,2.562862805476732850e+08,2.666376002791416049e+08,2.773608307102627754e+08,2.883712706710960865e+08,3.008814436908819079e+08,3.140818160957894921e+08,3.277795677570000887e+08,3.423899316032423973e+08,3.588304983487426639e+08,3.765674841388360262e+08,3.978297225406249166e+08,4.225594937695612907e+08,4.515564756551307440e+08,4.430036290524712801e+08,4.325677472356315851e+08,4.192960748676350713e+08,4.007134785953723788e+08,3.820103454834390879e+08,3.644526445949855447e+08,3.478198745115419626e+08,3.318977307442665696e+08,3.165682944853388667e+08,3.018473359525874257e+08,2.874552288029729724e+08,2.735103357256780863e+08,2.598169859156021774e+08,2.465152772600919902e+08,2.334188696520577669e+08,2.206274248623099327e+08,2.079825974846315980e+08,1.954939052557745874e+08,1.833169105345335603e+08,1.712591020921521783e+08,1.593672676653562188e+08,1.476229312794691622e+08,1.361039146951241791e+08,1.246954326354147643e+08,1.133976510432818383e+08,1.021983132544456124e+08,9.128075875566485524e+07,8.044639912887066603e+07,6.985679205063289404e+07,5.947167771584902704e+07,4.926012180055736005e+07,3.934631866269637644e+07,2.974270745388410240e+07,2.064467886488213390e+07,1.216065208341714367e+07,4.752349535612710752e+06,0.000000000000000000e+00,0.000000000000000000e+00,0.000000000000000000e+00,0.000000000000000000e+00,0.000000000000000000e+00,0.000000000000000000e+00,0.000000000000000000e+00,0.000000000000000000e+00,0.000000000000000000e+00,0.000000000000000000e+00,0.000000000000000000e+00,0.000000000000000000e+00,0.000000000000000000e+00,0.000000000000000000e+00,0.000000000000000000e+00,0.000000000000000000e+00,0.000000000000000000e+00,0.000000000000000000e+00,0.000000000000000000e+00,0.000000000000000000e+00,1.000000000000000000e+00
1.147907675747951567e+08,1.303435890604629517e+08,1.461040853640504181e+08,1.622014388053245544e+08,1.786517518428292871e+08,1.945118720368399322e+08,2.034123002147863507e+08,2.125777814175737500e+08,2.214453142990020812e+08,2.300534816430436373e+08,2.394000609418273270e+08,2.486202749650911689e+08,2.584946557390953898e+08,2.687376704731349349e+08,2.786174284156827927e+08,2.906182878682729006e+08,3.018715869618461132e+08,3.143761520208991170e+08,3.283177197754395604e+08,3.425844448272206783e+08,3.587342366904311776e+08,3.752747984535112381e+08,3.957927372610788345e+08,4.192181553850516081e+08,4.466782341276018620e+08,4.499755162803121805e+08,4.393655846727951169e+08,4.257985359428691864e+08,4.066810680185759664e+08,3.875891839579738975e+08,3.697950786806263924e+08,3.528605777202163935e+08,3.367175344578447342e+08,3.212635737351965904e+08,3.063216831565843225e+08,2.918703122180305719e+08,2.777542096233022213e+08,2.640544144053086638e+08,2.505814737677140534e+08,2.374972342566922903e+08,2.245438673654185236e+08,2.118117126934756637e+08,1.993755355629323423e+08,1.870583572670095861e+08,1.749380504707584381e+08,1.629992418463058472e+08,1.512327737719556093e+08,1.396232708982270360e+08,1.281087733573034406e+08,1.167857251346426606e+08,1.056480492722857594e+08,9.462446842488196492e+07,8.379894825974643230e+07,7.307538505177883804e+07,6.259047148839984089e+07,5.238462450987746567e+07,4.237723664083859324e+07,3.264593474903140590e+07,2.336752219546663761e+07,1.466905283818242326e+07,6.894470081799315289e+06,8.988314628445951967e+05,0.000000000000000000e+00,0.000000000000000000e+00,0.000000000000000000e+00,0.000000000000000000e+00,0.000000000000000000e+00,0.000000000000000000e+00,0.000000000000000000e+00,0.000000000000000000e+00,0.000000000000000000e+00,0.000000000000000000e+00,0.000000000000000000e+00,0.000000000000000000e+00,0.000000000000000000e+00,0.000000000000000000e+00,0.000000000000000000e+00,0.000000000000000000e+00,0.000000000000000000e+00,0.000000000000000000e+00,1.000000000000000000e+00
9.777816780615851283e+07,1.123304250939529091e+08,1.273651492632552087e+08,1.425399880176599026e+08,1.579123500263373554e+08,1.736321651404456496e+08,1.896282333183610737e+08,2.059114258574558794e+08,2.154415705267122388e+08,2.244007488948689103e+08,2.326079237401889563e+08,2.417420674208892584e+08,2.508281706796438098e+08,2.609679429942701161e+08,2.706275764444783926e+08,2.809947831592566967e+08,2.916322909076656103e+08,3.037288357222437859e+08,3.154786630680183172e+08,3.287530742230003476e+08,3.428090176174775362e+08,3.582460621581424475e+08,3.752134779918808937e+08,3.939013602846724391e+08,4.164296834736849666e+08,4.420233745586646199e+08,4.572739139352843761e+08,4.463064667893943191e+08,4.324564819381298423e+08,4.128663365273440480e+08,3.933297256530280113e+08,3.751406214879001975e+08,3.579448142497715950e+08,3.415995268329706192e+08,3.259246477798897028e+08,3.109048543503112793e+08,2.961827906779801846e+08,2.820260637554232478e+08,2.682296622490333021e+08,2.546942985217257440e+08,2.414699065181832314e+08,2.284323332069170177e+08,2.157154191352256238e+08,2.031981146034784317e+08,1.907873720565067828e+08,1.786511755673283339e+08,1.666529626282903254e+08,1.548022277655578852e+08,1.431270928699058592e+08,1.316339230975198746e+08,1.202545390242897421e+08,1.090884670358192921e+08,9.798990731636916101e+07,8.706457551235917211e+07,7.634984204585771263e+07,6.583029014666436613e+07,5.550602110672225803e+07,4.541745827801892906e+07,3.559258363381296396e+07,2.620820817271400616e+07,1.729837545285271481e+07,9.166790336754972115e+06,2.402049235611998010e+06,0.000000000000000000e+00,0.000000000000000000e+00,0.000000000000000000e+00,0.000000000000000000e+00,0.000000000000000000e+00,0.000000000000000000e+00,0.000000000000000000e+00,0.000000000000000000e+00,0.000000000000000000e+00,0.000000000000000000e+00,0.000000000000000000e+00,0.000000000000000000e+00,0.000000000000000000e+00,0.000000000000000000e+00,0.000000000000000000e+00,0.000000000000000000e+00,0.000000000000000000e+00,1.000000000000000000e+00
8.216996737229767442e+07,9.590125974972893298e+07,1.100301175897235870e+08,1.244625403489086628e+08,1.389274642885224819e+08,1.538710309681397080e+08,1.689950721995018423e+08,1.842904231770173013e+08,1.998734963580031991e+08,2.157666650559699535e+08,2.270862504643827677e+08,2.356704430117842853e+08,2.449208458909049332e+08,2.536201358098557591e+08,2.631071279344644547e+08,2.727405769521301389e+08,2.832339864881929159e+08,2.937656188955329657e+08,3.044838339555436373e+08,3.165919692494174838e+08,3.293601999298180342e+08,3.424944584859809875e+08,3.576666511229990721e+08,3.746368871199079752e+08,3.923542619092946053e+08,4.136461428176146746e+08,4.387492890808687806e+08,4.646655986790798306e+08,4.534619156353301406e+08,4.392201571275910735e+08,4.192475162310772538e+08,3.992381905264577270e+08,3.806043304993656874e+08,3.631441057009568810e+08,3.465592568931837082e+08,3.307380825896011591e+08,3.154569310800190568e+08,3.006973652151749134e+08,2.863445507003687620e+08,2.723955811792163849e+08,2.587946862975766957e+08,2.454767705156034231e+08,2.324513444049003720e+08,2.195320958035584688e+08,2.069771818874913156e+08,1.945567803639627397e+08,1.824015842887265086e+08,1.702818242791741788e+08,1.584369161198620498e+08,1.467054614716765881e+08,1.351683859482613504e+08,1.237450874508591592e+08,1.124729900055942088e+08,1.013739707430218458e+08,9.042022248165829480e+07,7.962739924186199903e+07,6.901114315185570717e+07,5.863051721980751306e+07,4.849490386970724910e+07,3.861367102878245711e+07,2.906129600149993226e+07,1.995250057231750339e+07,1.154140966366171837e+07,4.283395184114271775e+06,0.000000000000000000e+00,0.000000000000000000e+00,0.000000000000000000e+00,0.000000000000000000e+00,0.000000000000000000e+00,0.000000000000000000e+00,0.000000000000000000e+00,0.000000000000000000e+00,0.000000000000000000e+00,0.000000000000000000e+00,0.000000000000000000e+00,0.000000000000000000e+00,0.000000000000000000e+00,0.000000000000000000e+00,0.000000000000000000e+00,0.000000000000000000e+00,1.000000000000000000e+00
6.758219302972055972e+07,8.070915335552138090e+07,9.402815676465064287e+07,1.075628317391937971e+08,1.214948528942086250e+08,1.355455431330023706e+08,1.497596806788068414e+08,1.642855708470564783e+08,1.791395035815495253e+08,1.944016679099737108e+08,2.094133941434499919e+08,2.250487545987598896e+08,2.384419403263385594e+08,2.475901398247232735e+08,2.558319554861990511e+08,2.653687355140935481e+08,2.739754586454170942e+08,2.849861950271840692e+08,2.942513176014813185e+08,3.062946565074194074e+08,3.168236707609103322e+08,3.295960660179839134e+08,3.436520480343965292e+08,3.580416931487058997e+08,3.743105704693903923e+08,3.907669329099307656e+08,4.114900984832344055e+08,4.351002622246091366e+08,4.629914265025872588e+08,4.608226019201275110e+08,4.462605953009419441e+08,4.258090586371172667e+08,4.051155572510557175e+08,3.861426701137265563e+08,3.684024780950225592e+08,3.515936134146937132e+08,3.355048746729913354e+08,3.200929577118189335e+08,3.051652997482261062e+08,2.907625258175985813e+08,2.766236758951194882e+08,2.629541364449206591e+08,2.495613439317183495e+08,2.364268366292784214e+08,2.235445783142917454e+08,2.108121858474557996e+08,1.984007666778001487e+08,1.860836298345454335e+08,1.740380660812783539e+08,1.620809213747382760e+08,1.502527641064994931e+08,1.386873171947692037e+08,1.272263161736409664e+08,1.159444509020590633e+08,1.047797629624609202e+08,9.376034346924564242e+07,8.296082099486261606e+07,7.230371030176599324e+07,6.182327104722236097e+07,5.157544850046881288e+07,4.158822902211543918e+07,3.194849359491706640e+07,2.269033960087899491e+07,1.406482808517850377e+07,6.344506020121321082e+06,5.949667378302675206e+05,0.000000000000000000e+00,0.000000000000000000e+00,0.000000000000000000e+00,0.000000000000000000e+00,0.000000000000000000e+00,0.000000000000000000e+00,0.000000000000000000e+00,0.000000000000000000e+00,0.000000000000000000e+00,0.000000000000000000e+00,0.000000000000000000e+00,0.000000000000000000e+00,0.000000000000000000e+00,0.000000000000000000e+00,1.000000000000000000e+00
5.413600689968824387e+07,6.655022597257652134e+07,7.915343483579058945e+07,9.212305198300710320e+07,1.052543298710779399e+08,1.185135794417514801e+08,1.321127607455517799e+08,1.459087500343852341e+08,1.600556329863418341e+08,1.742309785662578642e+08,1.888513482169866264e+08,2.033291892815825045e+08,2.185087529731316864e+08,2.337147796786138415e+08,2.491669289541946650e+08,2.585859950367700458e+08,2.673064239410935044e+08,2.764232415472756624e+08,2.865142738309070468e+08,2.962453429219256043e+08,3.066329731769683361e+08,3.185174318318414092e+08,3.300705861186569333e+08,3.431647667277872562e+08,3.573877005846596360e+08,3.728749303522384763e+08,3.902889890168745518e+08,4.089537294138190746e+08,4.318768340887436867e+08,4.576866562480757236e+08,4.685440089795238972e+08,4.535902348748692274e+08,4.325478535956925750e+08,4.113101123358644247e+08,3.918955758247761726e+08,3.738101102703129053e+08,3.566062023590507507e+08,3.403804957527408004e+08,3.247103272755762339e+08,3.096829790627049208e+08,2.951120990116720200e+08,2.809357079654237032e+08,2.671446716402173936e+08,2.535837455538951755e+08,2.404240834462937415e+08,2.274886795193306208e+08,2.146720507738890350e+08,2.021453090005667508e+08,1.898557829739233851e+08,1.777073107354018390e+08,1.657342427159808576e+08,1.539398442349042594e+08,1.422652559337967336e+08,1.307417017726010084e+08,1.194221192414441407e+08,1.081855518748679757e+08,9.710356580300498009e+07,8.616698431159667671e+07,7.553731218546473980e+07,6.499740428036560118e+07,5.469631901050268114e+07,4.463722534818246216e+07,3.485739653106030077e+07,2.548708740884165466e+07,1.662234428518580273e+07,8.560585953253569081e+06,1.992518443326592445e+06,0.000000000000000000e+00,0.000000000000000000e+00,0.000000000000000000e+00,0.000000000000000000e+00,0.000000000000000000e+00,0.000000000000000000e+00,0.000000000000000000e+00,0.000000000000000000e+00,0.000000000000000000e+00,0.000000000000000000e+00,0.000000000000000000e+00,0.000000000000000000e+00,0.000000000000000000e+00,1.000000000000000000e+00
4.190168244999126345e+07,5.359091768254081160e+07,6.543713415349768102e+07,7.759308559970401227e+07,8.997674428465685248e+07,1.026569950269193649e+08,1.156029447584073693e+08,1.286859196179775149e+08,1.420855284204602242e+08,1.555490786367804706e+08,1.692138773393275142e+08,1.832533703035529852e+08,1.974916300707159042e+08,2.122114064679015279e+08,2.268164486015199125e+08,2.418398538460095227e+08,2.570532399586790800e+08,2.696935426907275915e+08,2.780729781720708609e+08,2.883620052504598498e+08,2.982290519807431698e+08,3.084918114236795902e+08,3.193920842804012895e+08,3.313707897328959703e+08,3.431457751143434048e+08,3.567681117744743824e+08,3.722774076405700445e+08,3.892230273121250272e+08,4.071324258292568326e+08,4.286824144597229958e+08,4.539436622700197697e+08,4.764862001224064231e+08,4.611188937073574066e+08,4.394701205772961974e+08,4.175886279982839823e+08,3.977075636013582349e+08,3.791990833917405009e+08,3.618551142680608034e+08,3.453058654119810462e+08,3.294738324604297876e+08,3.142752770944895744e+08,2.995798144510530829e+08,2.852166488343846798e+08,2.713849437058161497e+08,2.577304839898165464e+08,2.444586272654225230e+08,2.313737258364598751e+08,2.186002816510554552e+08,2.059706432101785839e+08,1.936061812656552196e+08,1.813951942764551044e+08,1.693502810111472905e+08,1.575057769010274410e+08,1.458556140687494278e+08,1.342446613445079327e+08,1.228407868224489987e+08,1.115851275689231604e+08,1.004964517805646658e+08,8.957799231156834960e+07,7.879263292859475315e+07,6.820566473132024705e+07,5.782028804344181716e+07,4.766450610457111895e+07,3.787483746628969908e+07,2.831173755801864713e+07,1.927905847208681330e+07,1.092853513227365166e+07,3.780516082858470269e+06,0.000000000000000000e+00,0.000000000000000000e+00,0.000000000000000000e+00,0.000000000000000000e+00,0.000000000000000000e+00,0.000000000000000000e+00,0.000000000000000000e+00,0.000000000000000000e+00,0.000000000000000000e+00,0.000000000000000000e+00,0.000000000000000000e+00,0.000000000000000000e+00,1.000000000000000000e+00
3.050167932228563353e+07,4.133008506856089085e+07,5.255602300178306550e+07,6.410392438143678755e+07,7.590764337907086313e+07,8.791247054753875732e+07,1.001564833187895268e+08,1.125797551489667445e+08,1.252079775322305709e+08,1.381393672223583162e+08,1.511844664664785266e+08,1.644360149272027910e+08,1.780720438933044076e+08,1.918513540006075501e+08,2.057408304322595298e+08,2.199435558693349957e+08,2.345120724081981182e+08,2.496053096869902909e+08,2.644035777849601507e+08,2.798299653531447053e+08,2.890369274010421634e+08,2.985101142037776113e+08,3.089002178376069069e+08,3.200242664242529273e+08,3.311394012066171765e+08,3.437545007708562016e+08,3.578523789007332921e+08,3.722768649839048982e+08,3.876747736234657168e+08,4.048929264308091998e+08,4.256984901935220361e+08,4.497298920940604210e+08,4.781558196975008249e+08,4.689678498743999004e+08,4.466722604136553407e+08,4.241812222236936688e+08,4.036688139758686423e+08,3.847870701307829022e+08,3.670636006453293562e+08,3.503276260768946409e+08,3.342870854819077253e+08,3.188893370189199448e+08,3.040630722302113175e+08,2.896063975863107443e+08,2.755381684729306698e+08,2.619207388594270051e+08,2.484931685426782966e+08,2.353924147150887549e+08,2.225191873020684719e+08,2.098643403002496958e+08,1.973845413476734757e+08,1.851545324767246842e+08,1.730470880319989920e+08,1.611586812600259483e+08,1.494273346116793156e+08,1.377817782060438097e+08,1.263681284493851066e+08,1.150467925542069376e+08,1.038955420514483452e+08,9.294554352504277229e+07,8.212242807645507157e+07,7.146666854164400697e+07,6.101870758366665244e+07,5.078793673510649055e+07,4.080854266378364712e+07,3.119529593739398569e+07,2.198537009427174553e+07,1.339256372453682870e+07,5.791624729299910367e+06,3.129113322171085747e+05,0.000000000000000000e+00,0.000000000000000000e+00,0.000000000000000000e+00,0.000000000000000000e+00,0.000000000000000000e+00,0.000000000000000000e+00,0.000000000000000000e+00,0.000000000000000000e+00,0.000000000000000000e+00,0.000000000000000000e+00,1.000000000000000000e+00
2.014334514164520800e+07,3.012729115547185391e+07,4.061036379483979940e+07,5.146920306431653351e+07,6.253784881027756631e+07,7.404089295261542499e+07,8.559489233075417578e+07,9.750096945509272814e+07,1.095434805080149472e+08,1.217736875835293829e+08,1.343954349964351952e+08,1.468935036538420618e+08,1.598907333990192413e+08,1.729076961204522550e+08,1.865306498192362189e+08,1.996644704866256118e+08,2.134815955246712863e+08,2.275983597815266848e+08,2.418487065090516806e+08,2.562967928561416864e+08,2.712574512747472525e+08,2.866211357078323364e+08,3.005887737270651460e+08,3.101895982214856148e+08,3.203495404122122526e+08,3.322000535833480358e+08,3.436343980035934448e+08,3.567479354318987727e+08,3.705870666236121655e+08,3.864928501164391041e+08,4.038398194478855729e+08,4.227150883186091185e+08,4.456172806424142122e+08,4.720851906717653275e+08,4.771308830723486543e+08,4.543812820316750407e+08,4.307955828863168955e+08,4.097513399080494642e+08,3.904621246272047758e+08,3.723746994190611839e+08,3.553182903416269422e+08,3.391438664315935373e+08,3.235500334271939993e+08,3.085587639853185415e+08,2.939868175433414578e+08,2.799027828041068316e+08,2.660643621113756895e+08,2.525743300911698639e+08,2.393427226479887068e+08,2.264474126277318597e+08,2.137207433189999759e+08,2.012188279872869849e+08,1.888548359259968698e+08,1.767314642149173915e+08,1.647774129145177305e+08,1.529524623155081570e+08,1.412847294940314591e+08,1.298333649312384427e+08,1.185053487768200338e+08,1.073008366681153327e+08,9.626653467243941128e+07,8.540877390336877108e+07,7.467802380120882392e+07,6.420161232890465856e+07,5.389585460765286535e+07,4.386008907406927645e+07,3.411605809250711650e+07,2.479707917344134301e+07,1.594957185940780677e+07,8.007251139008825645e+06,1.595537647928158753e+06,0.000000000000000000e+00,0.000000000000000000e+00,0.000000000000000000e+00,0.000000000000000000e+00,0.000000000000000000e+00,0.000000000000000000e+00,0.000000000000000000e+00,0.000000000000000000e+00,0.000000000000000000e+00,1.000000000000000000e+00
1.079808533762832545e+07,1.975940117479651794e+07,2.942807557587589324e+07,3.952384767224431038e+07,5.001700551488803327e+07,6.074431116559126973e+07,7.181469191973921657e+07,8.306784732264867425e+07,9.468180797025772929e+07,1.063024925373243093e+08,1.182384363742849678e+08,1.302246187563362867e+08,1.425937530708855391e+08,1.550710339919619560e+08,1.678009795098554194e+08,1.806055762249335647e+08,1.936760588071172237e+08,2.071808834144297540e+08,2.206679973937778473e+08,2.345078390991390049e+08,2.485814638623084724e+08,2.629387788763454258e+08,2.777571941400487423e+08,2.930200567410007119e+08,3.085999831702368855e+08,3.204860622374706268e+08,3.323698304102719426e+08,3.433384033096443415e+08,3.558595398796408176e+08,3.694822381065406203e+08,3.848872138743225336e+08,4.019533528446270227e+08,4.201784101820150614e+08,4.418004714840712547e+08,4.675436907602602839e+08,4.857914650129700899e+08,4.622395674967725873e+08,4.377240215264534950e+08,4.160111151487052441e+08,3.962584519383034110e+08,3.778226165883110762e+08,3.605266138991112113e+08,3.440877071172187328e+08,3.283226586197729111e+08,3.130948710129448771e+08,2.983889971608660221e+08,2.841741331451899409e+08,2.702794784165091515e+08,2.566958968226551712e+08,2.434142414993391931e+08,2.304067118775797486e+08,2.175988948405672610e+08,2.050313598051551878e+08,1.926887329777232707e+08,1.804562227736950219e+08,1.684737960754092336e+08,1.566018204209324419e+08,1.449118975383264422e+08,1.333482778440743387e+08,1.219670052729301751e+08,1.107154401187736243e+08,9.964338924080498517e+07,8.872925060310626030e+07,7.793281412306395173e+07,6.741863704010064900e+07,5.705649816117274016e+07,4.693644131823078543e+07,3.707712457806272805e+07,2.759948473306914419e+07,1.859336055567237362e+07,1.031583871419187263e+07,3.305705151812203694e+06,0.000000000000000000e+00,0.000000000000000000e+00,0.000000000000000000e+00,0.000000000000000000e+00,0.000000000000000000e+00,0.000000000000000000e+00,0.000000000000000000e+00,0.000000000000000000e+00,1.000000000000000000e+00
3.046060706369615160e+06,1.034822491321261786e+07,1.891140890071034431e+07,2.817298523494575173e+07,3.794810534829141945e+07,4.811557200910753012e+07,5.853956788799439371e+07,6.930703906839211285e+07,8.027865742952254415e+07,9.146895410825088620e+07,1.027907231912909895e+08,1.143280377504738122e+08,1.260591607696265578e+08,1.381664035782147944e+08,1.502036533072261214e+08,1.626077160833792388e+08,1.750166511868324280e+08,1.876147823702758551e+08,2.006936285554475486e+08,2.138699274908644855e+08,2.273321868713758290e+08,2.409177814234049320e+08,2.549740213105786443e+08,2.691153191451790333e+08,2.837771837651572227e+08,2.986681422924317122e+08,3.141614234940260053e+08,3.303089494250655770e+08,3.430855334310253263e+08,3.557727023255277872e+08,3.689349084279538393e+08,3.831611110711780787e+08,3.993224108600696921e+08,4.169701126149989963e+08,4.379926443241622448e+08,4.623288056506453753e+08,4.912405623851582408e+08,4.706980252362078428e+08,4.448639178879696131e+08,4.224357009549018741e+08,4.021511755094504356e+08,3.833296127047124505e+08,3.657256067461607456e+08,3.490533102997391820e+08,3.330828437020869255e+08,3.177242459907327890e+08,3.028346983772362471e+08,2.884983283628251553e+08,2.744790487192783356e+08,2.608765172139466107e+08,2.474329200626904964e+08,2.343722235849985778e+08,2.215019029336258471e+08,2.088625321270660758e+08,1.963921350590711236e+08,1.841871902992774546e+08,1.721453254354938865e+08,1.602387513238834143e+08,1.485173215918359160e+08,1.368942379029594064e+08,1.254845420347107798e+08,1.141176221668635756e+08,1.030326543778699189e+08,9.204041423271122575e+07,8.126516927390971780e+07,7.061394236325103045e+07,6.021093416466435790e+07,4.999728328180218488e+07,4.006609249624681473e+07,3.044218688320099562e+07,2.132702871556715667e+07,1.278246140558253601e+07,5.238936548145704903e+06,0.000000000000000000e+00,0.000000000000000000e+00,0.000000000000000000e+00,0.000000000000000000e+00,0.000000000000000000e+00,0.000000000000000000e+00,0.000000000000000000e+00,1.000000000000000000e+00
0.000000000000000000e+00,2.402997847405560780e+06,9.174662614208763465e+06,1.731119167301989347e+07,2.626995377145682275e+07,3.576921750686208904e+07,4.555080093302047253e+07,5.568519634713713825e+07,6.613728219056247175e+07,7.682512911858445406e+07,8.779928579880568385e+07,9.877552343271727860e+07,1.100409949118761122e+08,1.215144712745126337e+08,1.331894480981792361e+08,1.450069576325789392e+08,1.568884693213414252e+08,1.690855530300949514e+08,1.814921850453603566e+08,1.941278740840551257e+08,2.069108506352497339e+08,2.199643398056898415e+08,2.331930972094045579e+08,2.468616191562122107e+08,2.605057972775479257e+08,2.746828697414086461e+08,2.893055220286756754e+08,3.041464129695154428e+08,3.195708866920064092e+08,3.354680884996461868e+08,3.519819880729643106e+08,3.675154609830054045e+08,3.813280626950425506e+08,3.972608994649249315e+08,4.146238248560778499e+08,4.338836582921217680e+08,4.571426789248139858e+08,4.840834151741126776e+08,4.794985474801890850e+08,4.524049635571739078e+08,4.290499744525286555e+08,4.082553507450754046e+08,3.890014123367424607e+08,3.710676325082607269e+08,3.540468951276322007e+08,3.378865558758306503e+08,3.224126913890414834e+08,3.074202966781514883e+08,2.929033467681236267e+08,2.788060656328499317e+08,2.650353763205123842e+08,2.515572682520412803e+08,2.384061032462094128e+08,2.254546278799078166e+08,2.126750569043181837e+08,2.002633075980565846e+08,1.879026201212601960e+08,1.758230628932954073e+08,1.638259840765567422e+08,1.520761606854257882e+08,1.404432984268106222e+08,1.289244576802156568e+08,1.176160302301432937e+08,1.064219151632908583e+08,9.540743214604113996e+07,8.458510934326045215e+07,7.384957254399713874e+07,6.339328123659332842e+07,5.309843614592684060e+07,4.305195573090670258e+07,3.339028572774875537e+07,2.405449466281040758e+07,1.530795795068165660e+07,7.429310670738330111e+06,1.232788647577310447e+06,0.000000000000000000e+00,0.000000000000000000e+00,0.000000000000000000e+00,0.000000000000000000e+00,0.000000000000000000e+00,1.000000000000000000e+00
0.000000000000000000e+00,0.000000000000000000e+00,8.910343765031697694e+05,6.875221131875876337e+06,1.470695286586773954e+07,2.339314544141140953e+07,3.275705823415290564e+07,4.243219901283206791e+07,5.245587591065262258e+07,6.278146924973467737e+07,7.324414822144001722e+07,8.390910902915602922e+07,9.476693031780740619e+07,1.058361781709448844e+08,1.170389628598281890e+08,1.283658059122358263e+08,1.398788099580531120e+08,1.515467154989363849e+08,1.632759735023659170e+08,1.752874745030889213e+08,1.874503118996298611e+08,1.997861223465407193e+08,2.122916276897192001e+08,2.249946918907105327e+08,2.383353757662247419e+08,2.517498618836567402e+08,2.654913014641301930e+08,2.797032397802197337e+08,2.940987657673218846e+08,3.090231253125599623e+08,3.243637497455948591e+08,3.404927928998953104e+08,3.571470166986107826e+08,3.745511760130885243e+08,3.933369809124029279e+08,4.113593087539096475e+08,4.293527365880152583e+08,4.516941840363844633e+08,4.778677006796010733e+08,4.890236280997181535e+08,4.602289891744666696e+08,4.359565545783351064e+08,4.143999486715780497e+08,3.947727153519752026e+08,3.764283115294955969e+08,3.591897256272242069e+08,3.427897593125235438e+08,3.271353333674031496e+08,3.119685849924898744e+08,2.973114699941726923e+08,2.830740162190163136e+08,2.692284229282466173e+08,2.556567482623600364e+08,2.424182240623155832e+08,2.293327681738001406e+08,2.166242949888780713e+08,2.040226263400822580e+08,1.917112439788806438e+08,1.795070092465803921e+08,1.682065699330540299e+08,1.563345676464343071e+08,1.446364228741401434e+08,1.330163415181045383e+08,1.217778937120400071e+08,1.105381623759068549e+08,9.937009075390490890e+07,8.848763705872853100e+07,7.768125428640508652e+07,6.703761180623589456e+07,5.659242777311995625e+07,4.631292019385749847e+07,3.633923074844473600e+07,2.665029230696557090e+07,1.750075297503468767e+07,9.087519268523223698e+06,2.030034187959274277e+06,0.000000000000000000e+00,0.000000000000000000e+00,0.000000000000000000e+00,0.000000000000000000e+00,1.000000000000000000e+00
0.000000000000000000e+00,0.000000000000000000e+00,0.000000000000000000e+00,0.000000000000000000e+00,4.754276477782775648e+06,1.219419791205499507e+07,2.065619019347508624e+07,2.981136419336605072e+07,3.941134057031958550e+07,4.931632372196292877e+07,5.956672462890999019e+07,6.998840893114870787e+07,8.062482080416315794e+07,9.143543866215144098e+07,1.024325986309419572e+08,1.135601806697174311e+08,1.249114073791466355e+08,1.363429948466384411e+08,1.478827879902805984e+08,1.596769499826568365e+08,1.716132731314032376e+08,1.837133942118364871e+08,1.959740356076965928e+08,2.083794594947884381e+08,2.210572089410562217e+08,2.339385958906496167e+08,2.470919936896143556e+08,2.604362208892538846e+08,2.741144319337859154e+08,2.881451549996350408e+08,3.025001628713623881e+08,3.173818540969257951e+08,3.326778418544962406e+08,3.486248186551002264e+08,3.653254586578773260e+08,3.829541251371807456e+08,4.016695881643077135e+08,4.219174099794461131e+08,4.442491387063540220e+08,4.697182219345554709e+08,4.992850199544893503e+08,4.700365956461126804e+08,4.449625192420173287e+08,4.225708756532161236e+08,4.023634975508913398e+08,3.836154699847894311e+08,3.662903696110113859e+08,3.500374865234779119e+08,3.342764252807594538e+08,3.191425981311454773e+08,3.047521804338065982e+08,2.903923470919017196e+08,2.764868044949966073e+08,2.629433710871551335e+08,2.498627734243225455e+08,2.364820829739207625e+08,2.237502172129098177e+08,2.110783939216454625e+08,1.984310354079667628e+08,1.861655364759004116e+08,1.740238675405797958e+08,1.620203430199813247e+08,1.500108556788963974e+08,1.382214975516559780e+08,1.265961102583358288e+08,1.151074500203011632e+08,1.035671493283303678e+08,9.227310742179013789e+07,8.114311495349545777e+07,7.018728772312149405e+07,5.941436897084142268e+07,4.878336533872400969e+07,3.845579116109412163e+07,2.838898011385012046e+07,1.881074528887552023e+07,9.881875817004060373e+06,2.518081277536964044e+06,0.000000000000000000e+00,0.000000000000000000e+00,0.000000000000000000e+00,1.000000000000000000e+00
0.000000000000000000e+00,0.000000000000000000e+00,0.000000000000000000e+00,0.000000000000000000e+00,0.000000000000000000e+00,2.832071698189956602e+06,9.771514358141133562e+06,1.798447133049882948e+07,2.694956306135186180e+07,3.644020462510430813e+07,4.621717783569071442e+07,5.636130290445861220e+07,6.669534964079906791e+07,7.733119751104401052e+07,8.812260671604509652e+07,9.908190441957005858e+07,1.101156233632761687e+08,1.213636406910590231e+08,1.327729365069528967e+08,1.443122447185687125e+08,1.560592418256464303e+08,1.679141582007716596e+08,1.799640142162605226e+08,1.921526023062141240e+08,2.046105705651243627e+08,2.171820247443612218e+08,2.298916955192400515e+08,2.429793020917276144e+08,2.563107238999958932e+08,2.699013618891537786e+08,2.838008931195794344e+08,2.980309514514264464e+08,3.127845854747576118e+08,3.279151251183618307e+08,3.436436739204414487e+08,3.601134259405128956e+08,3.774083451369737387e+08,3.957308398800270557e+08,4.154485365858973265e+08,4.370132220285626054e+08,4.614814653101789951e+08,4.895937311570242643e+08,4.777959384412901402e+08,4.512844025749018192e+08,4.290007360225042701e+08,4.108280861803537607e+08,3.928556009863447547e+08,3.780674549324437380e+08,3.614044051493334174e+08,3.450453832146576643e+08,3.294744754514179826e+08,3.143772720256827474e+08,2.996237871515353322e+08,2.854876614013892412e+08,2.713404817113187909e+08,2.576378763858667016e+08,2.443517506891525090e+08,2.308511424362926781e+08,2.178467827898095250e+08,2.049850904475622177e+08,1.922938128081983626e+08,1.797466519443578720e+08,1.674019238101369441e+08,1.550802030719802380e+08,1.431356190714265704e+08,1.309298893478572518e+08,1.190077761909162402e+08,1.073590849817928076e+08,9.564473557484349608e+07,8.422691639024068415e+07,7.285913056577566266e+07,6.172462219890518486e+07,5.084778678181087971e+07,4.014368531387905777e+07,2.968831291809571534e+07,1.969697446680996567e+07,1.046517687304508314e+07,3.047898097609917633e+06,0.000000000000000000e+00,0.000000000000000000e+00,1.000000000000000000e+00
0.000000000000000000e+00,0.000000000000000000e+00,0.000000000000000000e+00,0.000000000000000000e+00,0.000000000000000000e+00,0.000000000000000000e+00,1.202777756425319705e+06,7.448263958794223145e+06,1.537225968822807632e+07,2.410489606810921431e+07,3.349719860029858351e+07,4.322582838136689365e+07,5.326901773505564034e+07,6.355828807322598994e+07,7.411537256080088019e+07,8.481880024662755430e+07,9.571826991393038630e+07,1.067949917049069256e+08,1.179834390712268949e+08,1.293737973495243788e+08,1.408818259285744429e+08,1.525354090280300677e+08,1.643998376348572671e+08,1.763845901103501022e+08,1.885518336030338109e+08,2.008795899202581346e+08,2.133676862209862471e+08,2.261749679262562394e+08,2.391297855725775361e+08,2.523691623896302581e+08,2.658367937019827068e+08,2.796977973245809078e+08,2.938365946074090004e+08,3.084869445096610785e+08,3.234552566331992149e+08,3.389877729991004467e+08,3.552870843911978006e+08,3.723529923186894059e+08,3.903038309742060900e+08,4.095824138634526730e+08,4.305005023209932446e+08,4.538908993274265528e+08,4.800682178952594995e+08,4.843044505554108620e+08,4.569576904630926847e+08,4.337373439210063219e+08,4.136139517801159620e+08,3.959812653452131748e+08,3.807442622777234316e+08,3.663641113254196644e+08,3.525623707024980187e+08,3.397697047863687873e+08,3.241329025627942085e+08,3.088078732843135595e+08,2.939990870697417855e+08,2.797673737572752237e+08,2.655365907295829654e+08,2.517379481349245012e+08,2.380456514705538154e+08,2.246572825503513515e+08,2.113503146838436723e+08,1.981979999919324219e+08,1.854061298966281116e+08,1.725808982271947861e+08,1.599815604336263239e+08,1.475355172242861390e+08,1.351937040415852666e+08,1.228807907636594921e+08,1.108441098957748413e+08,9.890697265776245296e+07,8.698991439031286538e+07,7.527810147579939663e+07,6.392598568211995065e+07,5.258664497149759531e+07,4.149172588162168860e+07,3.068391064589234069e+07,2.037591898937583715e+07,1.109079783005534485e+07,3.521241437256976962e+06,0.000000000000000000e+00,1.000000000000000000e+00
0.000000000000000000e+00,0.000000000000000000e+00,0.000000000000000000e+00,0.000000000000000000e+00,0.000000000000000000e+00,0.000000000000000000e+00,0.000000000000000000e+00,0.000000000000000000e+00,5.271935907892235555e+06,1.280417768633438088e+07,2.139240278057381138e+07,3.056971555950964987e+07,4.025526709348111600e+07,5.022162712350033224e+07,6.045006350139098614e+07,7.096547465947100520e+07,8.165242898235900700e+07,9.254824614452654123e+07,1.035093272686805725e+08,1.147227083306892514e+08,1.260790798060591072e+08,1.375189984048917294e+08,1.491733908455158472e+08,1.610421270348608792e+08,1.729471135061906576e+08,1.850723741331793964e+08,1.973677969114191234e+08,2.098894335189747810e+08,2.226027677122822404e+08,2.355513562696137428e+08,2.486225658460478783e+08,2.621348580472614467e+08,2.758600098351436853e+08,2.899384264551861882e+08,3.044105447386449575e+08,3.193542975718129873e+08,3.347601161694519520e+08,3.508059243666965961e+08,3.675946497749953270e+08,3.852135771547335982e+08,4.042156756326922178e+08,4.245819409794538021e+08,4.469052452035998106e+08,4.721612596949252486e+08,4.918974411154950261e+08,4.624675328638423681e+08,4.377638048188917637e+08,4.168890626521860361e+08,3.987229533820470572e+08,3.828813067497176528e+08,3.674556857088381052e+08,3.544315624580986500e+08,3.409412006024471521e+08,3.289041755510752201e+08,3.183609522157517672e+08,3.030105285082467794e+08,2.882548138153942823e+08,2.735218491973850131e+08,2.592028734053567052e+08,2.453138327387748957e+08,2.312162909550891817e+08,2.176349723764690459e+08,2.041585743785903454e+08,1.909282872365479469e+08,1.778136734056155086e+08,1.648386874056629539e+08,1.519130555799244940e+08,1.392563147577021420e+08,1.265887578726468533e+08,1.141416380137491226e+08,1.018865231242579371e+08,8.969429456948071718e+07,7.758112206553302705e+07,6.572753917041084170e+07,5.405593114893488586e+07,4.264825161030402780e+07,3.153123444120891020e+07,2.102516544448170066e+07,1.166745601913975738e+07,3.965961004298270680e+06,1.000000000000000000e+00
0.000000000000000000e+00,0.000000000000000000e+00,0.000000000000000000e+00,0.000000000000000000e+00,0.000000000000000000e+00,0.000000000000000000e+00,0.000000000000000000e+00,0.000000000000000000e+00,0.000000000000000000e+00,3.248526404163138010e+06,1.029955296409739368e+07,1.865088006909551844e+07,2.773851644211223722e+07,3.721327986059401929e+07,4.713763048219311237e+07,5.730251439582874626e+07,6.770787473725309968e+07,7.838799085226657987e+07,8.920852680272354186e+07,1.002099568187868744e+08,1.113546783938843459e+08,1.226800446512547135e+08,1.341640546669526100e+08,1.457284409201903343e+08,1.575199174135253131e+08,1.694664646109613180e+08,1.815616694792825282e+08,1.937709727020324767e+08,2.062911745255837739e+08,2.188407104621387124e+08,2.317790025080273449e+08,2.448432051060960591e+08,2.582020161615906656e+08,2.718521335794472098e+08,2.858809658822553158e+08,3.002320206717310548e+08,3.149895682060650587e+08,3.302660421761142015e+08,3.461300745838472247e+08,3.627003532132145166e+08,3.801080733647190928e+08,3.986846821187438965e+08,4.186208032245551348e+08,4.401825340191238523e+08,4.639614049343949556e+08,4.871716274569727182e+08,4.682363166229426265e+08,4.419515710869606137e+08,4.201259176610812545e+08,4.016523335366756916e+08,3.837018802543414235e+08,3.687860231868370175e+08,3.545157499254262447e+08,3.422458428283845782e+08,3.299688587814348936e+08,3.184298055075335503e+08,3.074047378840963244e+08,2.967003529716832042e+08,2.816829389750666618e+08,2.669808587928017974e+08,2.528457184593340456e+08,2.382374989945015311e+08,2.240909804538863599e+08,2.102767636059429049e+08,1.967315637575309873e+08,1.832025631998390257e+08,1.695842218392213285e+08,1.563065698995495439e+08,1.431972149590368271e+08,1.302296819343555570e+08,1.175882508619317710e+08,1.047132379226410091e+08,9.223341306828323007e+07,7.977159354543131590e+07,6.750347744764396548e+07,5.549171295605116338e+07,4.353888840748116374e+07,3.209568634460363537e+07,2.164321097394564748e+07,1.221195411478067935e+07,1.000000000000000000e+00
0.000000000000000000e+00,0.000000000000000000e+00,0.000000000000000000e+00,0.000000000000000000e+00,0.000000000000000000e+00,0.000000000000000000e+00,0.000000000000000000e+00,0.000000000000000000e+00,0.000000000000000000e+00,0.000000000000000000e+00,1.487823547158035450e+06,7.918006422732345760e+06,1.595469119460913539e+07,2.480596466278659552e+07,3.422865723209764063e+07,4.404495650716590881e+07,5.411749990708529949e+07,6.447122657208746672e+07,7.508110287936741114e+07,8.578772299446554482e+07,9.680967563727958500e+07,1.078906336517796367e+08,1.191867090223992318e+08,1.305696172826486230e+08,1.421673750038175583e+08,1.539048106568232477e+08,1.658349276375353038e+08,1.778793882142387927e+08,1.899723259583814442e+08,2.025077015204001963e+08,2.150505495488562286e+08,2.278384384218946397e+08,2.409024939407570958e+08,2.541330227972670794e+08,2.677269869516616464e+08,2.816278817157228589e+08,2.958981163649885058e+08,3.105312396821553707e+08,3.256585160761016607e+08,3.413016550928272605e+08,3.575856588993439674e+08,3.748202313757563829e+08,3.929268754671308398e+08,4.124782487198180556e+08,4.331674276148915887e+08,4.562891655701928139e+08,4.786664245777846575e+08,4.732993265341057181e+08,4.464522558971993923e+08,4.233790223921513557e+08,4.032708105444458723e+08,3.855800215160529613e+08,3.703399383926730156e+08,3.558498640639203191e+08,3.424208545252999067e+08,3.298536045123845935e+08,3.183170086792843938e+08,3.072004433248860240e+08,2.976191446274089813e+08,2.871233845848919153e+08,2.747333027077371478e+08,2.602165592562411427e+08,2.454412256249705255e+08,2.306206504831312299e+08,2.162955846982276440e+08,2.022792330527795553e+08,1.883301460210826397e+08,1.744721959923142493e+08,1.608606326162691712e+08,1.472943538803310096e+08,1.339170920537628680e+08,1.207315993993764371e+08,1.075974297478117645e+08,9.455662184514586627e+07,8.169199719363155961e+07,6.905339226280637085e+07,5.658609171270128340e+07,4.443981842790701240e+07,3.293883466475184634e+07,2.225314965778505802e+07,1.000000000000000000e+00
0.000000000000000000e+00,0.000000000000000000e+00,0.000000000000000000e+00,0.000000000000000000e+00,0.000000000000000000e+00,0.000000000000000000e+00,0.000000000000000000e+00,0.000000000000000000e+00,0.000000000000000000e+00,0.000000000000000000e+00,0.000000000000000000e+00,0.000000000000000000e+00,5.672068352239077911e+06,1.331770431783848628e+07,2.195683147421030700e+07,3.128360345592040196e+07,4.097003199941154569e+07,5.102864369943107665e+07,6.136252023836758733e+07,7.185590075419494510e+07,8.256497637823179364e+07,9.348027064257958531e+07,1.045297165141039193e+08,1.158258287677577883e+08,1.271212581710789651e+08,1.387006441948757172e+08,1.504010985363214612e+08,1.622224564700480103e+08,1.742741396654216349e+08,1.864714553477631211e+08,1.988580766468849182e+08,2.113398708009908795e+08,2.240826613347844183e+08,2.370486941876064539e+08,2.502753854695284665e+08,2.637656911892810166e+08,2.775914921376276016e+08,2.916742640752174854e+08,3.062550968021835685e+08,3.212836641633127928e+08,3.367127480778141022e+08,3.529025442977958918e+08,3.697870216733677387e+08,3.876668275078594089e+08,4.066263334715629816e+08,4.270130132409651875e+08,4.486983755088990331e+08,4.716432485582426190e+08,4.798524959352658987e+08,4.510739504617451429e+08,4.263346653185280561e+08,4.054964989576155543e+08,3.876417897705458403e+08,3.719014399496482015e+08,3.567938853056020737e+08,3.432608312237972021e+08,3.299504532070005536e+08,3.184558612357040048e+08,3.065202746317137480e+08,2.967125918136546016e+08,2.858317086298967600e+08,2.759679720298637152e+08,2.670451244095989764e+08,2.526024702912450731e+08,2.374726380245565474e+08,2.228645734402365386e+08,2.082968331438234746e+08,1.936789164904679656e+08,1.794943286839799285e+08,1.655035410547768474e+08,1.516112596099045277e+08,1.375669079641205370e+08,1.238672890015287101e+08,1.103214078856967390e+08,9.700006631622385979e+07,8.372835990624812245e+07,7.061055217803321779e+07,5.770009203330229223e+07,4.534490423708070815e+07,3.373808850818583369e+07,1.000000000000000000e+00
0.000000000000000000e+00,0.000000000000000000e+00,0.000000000000000000e+00,0.000000000000000000e+00,0.000000000000000000e+00,0.000000000000000000e+00,0.000000000000000000e+00,0.000000000000000000e+00,0.000000000000000000e+00,0.000000000000000000e+00,0.000000000000000000e+00,0.000000000000000000e+00,0.000000000000000000e+00,3.557605902147334535e+06,1.077817755684388429e+07,1.920564319602106139e+07,2.832443223133400828e+07,3.791889732030669600e+07,4.784518318183116615e+07,5.811893486024211347e+07,6.859615331561508775e+07,7.921726559581734240e+07,9.015436421909776330e+07,1.011161503472283632e+08,1.123436100415452123e+08,1.236768927722427845e+08,1.351784947341084480e+08,1.468858749611704946e+08,1.586641468320716321e+08,1.706729612122128308e+08,1.828056082338297069e+08,1.950556395711107552e+08,2.075639441875911951e+08,2.202958802834471464e+08,2.331917042804297209e+08,2.463452959519805908e+08,2.597941098293443918e+08,2.734846510149677396e+08,2.875421739634454846e+08,3.019821739662406445e+08,3.168044498261470795e+08,3.321750408217916489e+08,3.480686415487061143e+08,3.648018605752112865e+08,3.823525078474891782e+08,4.010120784146640301e+08,4.206078658337686062e+08,4.416216966669008732e+08,4.640357736227962375e+08,4.788935901543096304e+08,4.557282714955672622e+08,4.298151195747705698e+08,4.082384915093680620e+08,3.896942070554239750e+08,3.717615285365080237e+08,3.571369588113981485e+08,3.423847371849026084e+08,3.300115440335779786e+08,3.175502225737916827e+08,3.064146392377807498e+08,2.954025221874320507e+08,2.842519832379107475e+08,2.749032937327019572e+08,2.655961442295497954e+08,2.560551249437545538e+08,2.446051652033250332e+08,2.292899800727658272e+08,2.144595466022384465e+08,1.992944099743501544e+08,1.846095295754692852e+08,1.700066519393689930e+08,1.556104641390495002e+08,1.413914092495401800e+08,1.272319356046663225e+08,1.131922428735443354e+08,9.942303402274388075e+07,8.566406160287250578e+07,7.212916670761713386e+07,5.898510468997853994e+07,4.636873954748199880e+07,1.000000000000000000e+00
0.000000000000000000e+00,0.000000000000000000e+00,0.000000000000000000e+00,0.000000000000000000e+00,0.000000000000000000e+00,0.000000000000000000e+00,0.000000000000000000e+00,0.000000000000000000e+00,0.000000000000000000e+00,0.000000000000000000e+00,0.000000000000000000e+00,0.000000000000000000e+00,0.000000000000000000e+00,0.000000000000000000e+00,1.727988626718060113e+06,8.363041073802306317e+06,1.649450957833101228e+07,2.547474726705449075e+07,3.493753111635831743e+07,4.478581858357145637e+07,5.496635794523429871e+07,6.536943005525859445e+07,7.604824966131101549e+07,8.683030554578527808e+07,9.787224567903918028e+07,1.089858030838278085e+08,1.202900036763007641e+08,1.317502123759882599e+08,1.434133462073805034e+08,1.552259234646452665e+08,1.671312947720438838e+08,1.792924851061522961e+08,1.914142950431310833e+08,2.039516830532195866e+08,2.166439619919827282e+08,2.294972208843456507e+08,2.425740702196058035e+08,2.559716719942579269e+08,2.695391106882371306e+08,2.834960190968272090e+08,2.978736215468412042e+08,3.125398068212202191e+08,3.277613397255330682e+08,3.435694279656140804e+08,3.599921165668924451e+08,3.772930359798540473e+08,3.955913061619268656e+08,4.152227788959835768e+08,4.347217004154007435e+08,4.566491361334936619e+08,4.712133571659455299e+08,4.599654934657648802e+08,4.334987683143531084e+08,4.107141013152124286e+08,3.908843137637531757e+08,3.735829131844446659e+08,3.579840189721992612e+08,3.431009163859897852e+08,3.295912877926282883e+08,3.177198771456692219e+08,3.053678076782059073e+08,2.946910488502014875e+08,2.840686988620816469e+08,2.738734234085991383e+08,2.634056467889218330e+08,2.542824020401273072e+08,2.445848268216664195e+08,2.357408099929468632e+08,2.205637740877892971e+08,2.050639298768856823e+08,1.899311197505921423e+08,1.747788535481919050e+08,1.598605024352136254e+08,1.450191024772737622e+08,1.305317228170740008e+08,1.159929495250284523e+08,1.016900567506583184e+08,8.745116818256750703e+07,7.363799875550828874e+07,6.011489230115883797e+07,1.000000000000000000e+00
0.000000000000000000e+00,0.000000000000000000e+00,0.000000000000000000e+00,0.000000000000000000e+00,0.000000000000000000e+00,0.000000000000000000e+00,0.000000000000000000e+00,0.000000000000000000e+00,0.000000000000000000e+00,0.000000000000000000e+00,0.000000000000000000e+00,0.000000000000000000e+00,0.000000000000000000e+00,0.000000000000000000e+00,0.000000000000000000e+00,3.290043753332594642e+05,6.048647826672968455e+06,1.384881107868911885e+07,2.258308372261387855e+07,3.193512167158044130e+07,4.171063982337430865e+07,5.179675676110020280e+07,6.215579966040860116e+07,7.273123286574566364e+07,8.349472232157208025e+07,9.447440870827074349e+07,1.055791486116720438e+08,1.168967066707874089e+08,1.282730963070968688e+08,1.398965680131618083e+08,1.516759166312496662e+08,1.635418745925297141e+08,1.756010730664587021e+08,1.877999421523666084e+08,2.003111238803029358e+08,2.128013781734442711e+08,2.256476044185183048e+08,2.386610778880422711e+08,2.519641875184376538e+08,2.654970305188645422e+08,2.794165860337930918e+08,2.936063517371131778e+08,3.082516064812674522e+08,3.232955559026987553e+08,3.388605993317264318e+08,3.551320208193399310e+08,3.721378852024583220e+08,3.902080949092435241e+08,4.093046414513973594e+08,4.285351508524357677e+08,4.495635993153311610e+08,4.647386163117984533e+08,4.659240269584619999e+08,4.374962191363505125e+08,4.135626525559501648e+08,3.925392188729443550e+08,3.747410971182376742e+08,3.586914526695326567e+08,3.435002496247933507e+08,3.301674332070968747e+08,3.165165281733572483e+08,3.052726526488110423e+08,2.926437180797151327e+08,2.826805044180776477e+08,2.718093225476561189e+08,2.621197864626974165e+08,2.521529066688897610e+08,2.430996947275616229e+08,2.340934711797756851e+08,2.248830528149665594e+08,2.111487800572121441e+08,1.952952009549069703e+08,1.797318414951599240e+08,1.644277251983581185e+08,1.491118938563369811e+08,1.338566739465159625e+08,1.188944885881575793e+08,1.040661678800977170e+08,8.940355475248683989e+07,7.509465433748418093e+07,1.000000000000000000e+00
0.000000000000000000e+00,0.000000000000000000e+00,0.000000000000000000e+00,0.000000000000000000e+00,0.000000000000000000e+00,0.000000000000000000e+00,0.000000000000000000e+00,0.000000000000000000e+00,0.000000000000000000e+00,0.000000000000000000e+00,0.000000000000000000e+00,0.000000000000000000e+00,0.000000000000000000e+00,0.000000000000000000e+00,0.000000000000000000e+00,0.000000000000000000e+00,0.000000000000000000e+00,3.872776793661068194e+06,1.126277940898773074e+07,1.978270623611303791e+07,2.897143742527338862e+07,3.865329170135258883e+07,4.868699741898764670e+07,5.897515615996834636e+07,6.949256902183480561e+07,8.025486787954600155e+07,9.115195714326497912e+07,1.022371402986478209e+08,1.134788556640154719e+08,1.248926859675232470e+08,1.364690557705350816e+08,1.481826550750187635e+08,1.600616293164293766e+08,1.720775065947834551e+08,1.842017966381666958e+08,1.966577211163631082e+08,2.091556354322898090e+08,2.219817151712678969e+08,2.349091984324697554e+08,2.481550591536887288e+08,2.616278395914844871e+08,2.753965962887497544e+08,2.895083553270804882e+08,3.040447720650694370e+08,3.189930495010262132e+08,3.344600188414841890e+08,3.505525082783712149e+08,3.672702806227852106e+08,3.849751841972504258e+08,4.037582621191159487e+08,4.220532413924664855e+08,4.427624807454088926e+08,4.576441332636414766e+08,4.681374159481539130e+08,4.417069980165761709e+08,4.160622829587179422e+08,3.944193179919160008e+08,3.760439629920910001e+08,3.591099945221900940e+08,3.440004042048839331e+08,3.296614521001816392e+08,3.166081691036355495e+08,3.034792834444725513e+08,2.921699079222453237e+08,2.810625478075009584e+08,2.707118693312575221e+08,2.602368471933206022e+08,2.501858985697306395e+08,2.405853036121004820e+08,2.311075129223143160e+08,2.223024184900988340e+08,2.130530138088978231e+08,2.010437057188370526e+08,1.848486676472040415e+08,1.690497560482576787e+08,1.531153344073052406e+08,1.373572221435194612e+08,1.219260090583781153e+08,1.063802992847486287e+08,9.145537219447390735e+07,1.000000000000000000e+00
0.000000000000000000e+00,0.000000000000000000e+00,0.000000000000000000e+00,0.000000000000000000e+00,0.000000000000000000e+00,0.000000000000000000e+00,0.000000000000000000e+00,0.000000000000000000e+00,0.000000000000000000e+00,0.000000000000000000e+00,0.000000000000000000e+00,0.000000000000000000e+00,0.000000000000000000e+00,0.000000000000000000e+00,0.000000000000000000e+00,0.000000000000000000e+00,0.000000000000000000e+00,0.000000000000000000e+00,1.951114560784204397e+06,8.814748540584206581e+06,1.703882261592156813e+07,2.608639083706520125e+07,3.567161484829664975e+07,4.554616780098777264e+07,5.575405252431330830e+07,6.622918668290036917e+07,7.695577588068358600e+07,8.781101774614483118e+07,9.886715821315526962e+07,1.100485374618781060e+08,1.214085214585135579e+08,1.329627156607388407e+08,1.446480068027522266e+08,1.564484842158887982e+08,1.684427101727868915e+08,1.806336798371286988e+08,1.929582283110059798e+08,2.054445250926035643e+08,2.181995090449247658e+08,2.310749247999771237e+08,2.442596337556843460e+08,2.576967396911916137e+08,2.713892007440616488e+08,2.854250603082615733e+08,2.998198787663978338e+08,3.145860548079379201e+08,3.299786821850712299e+08,3.457832033769459724e+08,3.623713288614367247e+08,3.797743349139418602e+08,3.982346743716691732e+08,4.169121226920050383e+08,4.360694929484212995e+08,4.508503913834714890e+08,4.610144240176923275e+08,4.463962314485144615e+08,4.191812366877549887e+08,3.965649082616519332e+08,3.772811488459392786e+08,3.595239964612700939e+08,3.439023256145291924e+08,3.289854231007788777e+08,3.153921072747874260e+08,3.033292700647701025e+08,2.907576277243753076e+08,2.798997517445233464e+08,2.689584679954207540e+08,2.585946926062583029e+08,2.484096909844889045e+08,2.382339710782325268e+08,2.297139833488339484e+08,2.198433317617470324e+08,2.101081638176058531e+08,2.012697676867488921e+08,1.901339712296780050e+08,1.735604258711485863e+08,1.572274117922270298e+08,1.410105833953753114e+08,1.249643200284369290e+08,1.089579482196243703e+08,1.000000000000000000e+00
0.000000000000000000e+00,0.000000000000000000e+00,0.000000000000000000e+00,0.000000000000000000e+00,0.000000000000000000e+00,0.000000000000000000e+00,0.000000000000000000e+00,0.000000000000000000e+00,0.000000000000000000e+00,0.000000000000000000e+00,0.000000000000000000e+00,0.000000000000000000e+00,0.000000000000000000e+00,0.000000000000000000e+00,0.000000000000000000e+00,0.000000000000000000e+00,0.000000000000000000e+00,0.000000000000000000e+00,0.000000000000000000e+00,4.714401452318261145e+05,6.419142306898127310e+06,1.435308315882770717e+07,2.313900191627344117e+07,3.262937879999184608e+07,4.241860273369395733e+07,5.256328314959470183e+07,6.300362158778695017e+07,7.361052836616872251e+07,8.438073935565146804e+07,9.537709638270287216e+07,1.065774551164360344e+08,1.179187138503508717e+08,1.293723754334240258e+08,1.410233217886663675e+08,1.528336079904612601e+08,1.646959548717525303e+08,1.768338769677691460e+08,1.891716075825997591e+08,2.016301961264648438e+08,2.142819381589948535e+08,2.271392600053198636e+08,2.402429538887962103e+08,2.535329410419482291e+08,2.671697972530195117e+08,2.811123520061418414e+08,2.953667067822597027e+08,3.101155228265517950e+08,3.251694059715298414e+08,3.409285721121889353e+08,3.572256739843150973e+08,3.743820910034758449e+08,3.925047695504716039e+08,4.115386037578414679e+08,4.295181828080294728e+08,4.442029892736903429e+08,4.549479733426764011e+08,4.506724171584250927e+08,4.227198782155659795e+08,3.990721855252027512e+08,3.781796069859954715e+08,3.603619699015650749e+08,3.446215356283278465e+08,3.292960937347471118e+08,3.156234855044016242e+08,3.018934931937825680e+08,2.904180851752345562e+08,2.788912621774958372e+08,2.673352753638248444e+08,2.562397203272588253e+08,2.468473664885300100e+08,2.362079742862283885e+08,2.269067483894259334e+08,2.169299924802611470e+08,2.071664713223018646e+08,1.977483860837907493e+08,1.884851898690687120e+08,1.785106140750727952e+08,1.614802343717534542e+08,1.447573075327437222e+08,1.278828109508842677e+08,1.000000000000000000e+00
0.000000000000000000e+00,0.000000000000000000e+00,0.000000000000000000e+00,0.000000000000000000e+00,0.000000000000000000e+00,0.000000000000000000e+00,0.000000000000000000e+00,0.000000000000000000e+00,0.000000000000000000e+00,0.000000000000000000e+00,0.000000000000000000e+00,0.000000000000000000e+00,0.000000000000000000e+00,0.000000000000000000e+00,0.000000000000000000e+00,0.000000000000000000e+00,0.000000000000000000e+00,0.000000000000000000e+00,0.000000000000000000e+00,0.000000000000000000e+00,0.000000000000000000e+00,4.195886559567209333e+06,1.173373250488475338e+07,2.032292443796421215e+07,2.959540006022500619e+07,3.931825478627321124e+07,4.937497419753363729e+07,5.974978567369891703e+07,7.031659251704691350e+07,8.108789894283640385e+07,9.204783709312383831e+07,1.031868302590869814e+08,1.144669096247471422e+08,1.259604599418582469e+08,1.375380366533243060e+08,1.492436216810725331e+08,1.611811499611487091e+08,1.732652950921054780e+08,1.855432120474631190e+08,1.979389971857781708e+08,2.105218885252201855e+08,2.233485149731742442e+08,2.364029164772922695e+08,2.497290985217773914e+08,2.632321699195365310e+08,2.770760767872725725e+08,2.912953489945800900e+08,3.058234818630812168e+08,3.208749448150471449e+08,3.363737428375751972e+08,3.525122372995904684e+08,3.694227933407306075e+08,3.872693324487920403e+08,4.056344542913917303e+08,4.232946242201974988e+08,4.376897986554561257e+08,4.483095016547677517e+08,4.555506555716934800e+08,4.264938642876431942e+08,4.013578269241945148e+08,3.800495595243878961e+08,3.615136252301258445e+08,3.444398392982498407e+08,3.292746322215046883e+08,3.148310821985285282e+08,3.016564073651719689e+08,2.890478323887755871e+08,2.770174025161715746e+08,2.662078658636996150e+08,2.553009006176512241e+08,2.450811345190048218e+08,2.345896749052237868e+08,2.250165621758303046e+08,2.144146697410227358e+08,2.050058766580996513e+08,1.950294457242475152e+08,1.856805610569333732e+08,1.746454692752926052e+08,1.644925693263304532e+08,1.484855644517659843e+08,1.000000000000000000e+00
0.000000000000000000e+00,0.000000000000000000e+00,0.000000000000000000e+00,0.000000000000000000e+00,0.000000000000000000e+00,0.000000000000000000e+00,0.000000000000000000e+00,0.000000000000000000e+00,0.000000000000000000e+00,0.000000000000000000e+00,0.000000000000000000e+00,0.000000000000000000e+00,0.000000000000000000e+00,0.000000000000000000e+00,0.000000000000000000e+00,0.000000000000000000e+00,0.000000000000000000e+00,0.000000000000000000e+00,0.000000000000000000e+00,0.000000000000000000e+00,0.000000000000000000e+00,0.000000000000000000e+00,2.212134512861902826e+06,9.231601456345478073e+06,1.755874034295895323e+07,2.667388610061053187e+07,3.630293957399497926e+07,4.621574720713419467e+07,5.651636751706453413e+07,6.698394922581902146e+07,7.777615204330809414e+07,8.873197136837527156e+07,9.983865325799442828e+07,1.110455494368653893e+08,1.224345794635848403e+08,1.340213931314734221e+08,1.457269053174365163e+08,1.576393705714379847e+08,1.696544105298715830e+08,1.818855537849822044e+08,1.942347090685697794e+08,2.068628106956782341e+08,2.196022412790031135e+08,2.325001925921142697e+08,2.457681859964703023e+08,2.592796460108840764e+08,2.730501724804203510e+08,2.871238037855400443e+08,3.015730243976880908e+08,3.165208867030931115e+08,3.318438995823199153e+08,3.477883700727673173e+08,3.644931333687079549e+08,3.820085016048809290e+08,4.005933852424964905e+08,4.170627519317169785e+08,4.315218136869160533e+08,4.417954509412289858e+08,4.490222658077086210e+08,4.307681281529999971e+08,4.040516590624789000e+08,3.815832094142404795e+08,3.629765246711564064e+08,3.446701778566520810e+08,3.293141530163669586e+08,3.143005868619953394e+08,3.002051561006633043e+08,2.879232469106290340e+08,2.759751217080316544e+08,2.642046038514195979e+08,2.531836317921052277e+08,2.428895012861043215e+08,2.323175379078628719e+08,2.220006330942335725e+08,2.122117414150876403e+08,2.020661327891948223e+08,1.921037948831185997e+08,1.821319843850669265e+08,1.722811799858741760e+08,1.614059297674722075e+08,1.000000000000000000e+00
0.000000000000000000e+00,0.000000000000000000e+00,0.000000000000000000e+00,0.000000000000000000e+00,0.000000000000000000e+00,0.000000000000000000e+00,0.000000000000000000e+00,0.000000000000000000e+00,0.000000000000000000e+00,0.000000000000000000e+00,0.000000000000000000e+00,0.000000000000000000e+00,0.000000000000000000e+00,0.000000000000000000e+00,0.000000000000000000e+00,0.000000000000000000e+00,0.000000000000000000e+00,0.000000000000000000e+00,0.000000000000000000e+00,0.000000000000000000e+00,0.000000000000000000e+00,0.000000000000000000e+00,0.000000000000000000e+00,6.469304400964097586e+05,6.839840287865404040e+06,1.489448572095095925e+07,2.375398259300822020e+07,3.330175003778196871e+07,4.318104864455211163e+07,5.337290822168655694e+07,6.382042032290105522e+07,7.451719191524720192e+07,8.538728812989486754e+07,9.645587173861692846e+07,1.077038538673170954e+08,1.190741908430415094e+08,1.306078275427158773e+08,1.422919625113277137e+08,1.541295982006102204e+08,1.661616893482128978e+08,1.783089915984107852e+08,1.906535717546269894e+08,2.031667852741282284e+08,2.158516090412834883e+08,2.288281024025315046e+08,2.419631773496293426e+08,2.554053716224883795e+08,2.690595494917948842e+08,2.831280621717792153e+08,2.974524512185462117e+08,3.123173709403517246e+08,3.274915305537506342e+08,3.432627434913415909e+08,3.597700482460530996e+08,3.770986539431384802e+08,3.952862582843288183e+08,4.122880826815009713e+08,4.253998931185420752e+08,4.355936895573353767e+08,4.425304991791852713e+08,4.348635168448253274e+08,4.072661930478161573e+08,3.838402887297356129e+08,3.634334264644027352e+08,3.454178113124176264e+08,3.296366929170488119e+08,3.146061251420540810e+08,3.002074457448560596e+08,2.873992805656863451e+08,2.752100743754096627e+08,2.628578633830920756e+08,2.527206245859977007e+08,2.412642625398218930e+08,2.300392262955728173e+08,2.192949882473567724e+08,2.094101263878419101e+08,1.995600650372374952e+08,1.896380833347998559e+08,1.792444650181752443e+08,1.684576928067668378e+08,1.000000000000000000e+00
0.000000000000000000e+00,0.000000000000000000e+00,0.000000000000000000e+00,0.000000000000000000e+00,0.000000000000000000e+00,0.000000000000000000e+00,0.000000000000000000e+00,0.000000000000000000e+00,0.000000000000000000e+00,0.000000000000000000e+00,0.000000000000000000e+00,0.000000000000000000e+00,0.000000000000000000e+00,0.000000000000000000e+00,0.000000000000000000e+00,0.000000000000000000e+00,0.000000000000000000e+00,0.000000000000000000e+00,0.000000000000000000e+00,0.000000000000000000e+00,0.000000000000000000e+00,0.000000000000000000e+00,0.000000000000000000e+00,0.000000000000000000e+00,0.000000000000000000e+00,4.530491110991772264e+06,1.218782861948229186e+07,2.089400442681139708e+07,3.020687412857276946e+07,4.002541042951072007e+07,5.014098866133687645e+07,6.052510360578523576e+07,7.118717894771747291e+07,8.202591332700800896e+07,9.307915042587879300e+07,1.041917260576634407e+08,1.155723320714296997e+08,1.270847629038480967e+08,1.386940353254191577e+08,1.505171079619925022e+08,1.625316684379371703e+08,1.746204018923417926e+08,1.869002778583845794e+08,1.993679541900619566e+08,2.120485927185528576e+08,2.249293415208767653e+08,2.380701941260187030e+08,2.513252448407557309e+08,2.650142362699755728e+08,2.789278950238074064e+08,2.932022345998552442e+08,3.078497130026278496e+08,3.229968404697641134e+08,3.386021963585503101e+08,3.548714820460013151e+08,3.718709776088569760e+08,3.897398130785763264e+08,4.069805548083045483e+08,4.195857733103296757e+08,4.292754510845913887e+08,4.370359565069382191e+08,4.399752262655938268e+08,4.107035137946801186e+08,3.858262395783386230e+08,3.647068307214092612e+08,3.462188569066189528e+08,3.298379866292859912e+08,3.139692466549461484e+08,3.001304122938458323e+08,2.861140721553565860e+08,2.733193001649934053e+08,2.617371523880447745e+08,2.499333350235081911e+08,2.387374687436115444e+08,2.282777389140182734e+08,2.180567745436867476e+08,2.074005218206610084e+08,1.964816994406217039e+08,1.863203843724316359e+08,1.760628443246402442e+08,1.000000000000000000e+00
0.000000000000000000e+00,0.000000000000000000e+00,0.000000000000000000e+00,0.000000000000000000e+00,0.000000000000000000e+00,0.000000000000000000e+00,0.000000000000000000e+00,0.000000000000000000e+00,0.000000000000000000e+00,0.000000000000000000e+00,0.000000000000000000e+00,0.000000000000000000e+00,0.000000000000000000e+00,0.000000000000000000e+00,0.000000000000000000e+00,0.000000000000000000e+00,0.000000000000000000e+00,0.000000000000000000e+00,0.000000000000000000e+00,0.000000000000000000e+00,0.000000000000000000e+00,0.000000000000000000e+00,0.000000000000000000e+00,0.000000000000000000e+00,0.000000000000000000e+00,0.000000000000000000e+00,2.507331042401671410e+06,9.613747049248958007e+06,1.809226700955871493e+07,2.729810916501814872e+07,3.690874666739311069e+07,4.696534386173953861e+07,5.727486303916738927e+07,6.782773646900245547e+07,7.864920692647543550e+07,8.963786740584525466e+07,1.007619192169633210e+08,1.120655516148064882e+08,1.235454601022434980e+08,1.351951621186398566e+08,1.469226237520122528e+08,1.588765799070531726e+08,1.709713232342469990e+08,1.832447038961120248e+08,1.956046337695230842e+08,2.082886337397955954e+08,2.210271103733907342e+08,2.341431915195993781e+08,2.473482192468336821e+08,2.608797525875652432e+08,2.747154030133483410e+08,2.889342323148179650e+08,3.034821247400191426e+08,3.184286102728600502e+08,3.339002930015323162e+08,3.499762029068015218e+08,3.667353559041513801e+08,3.843740760895653367e+08,4.020443958417356014e+08,4.137745829077177644e+08,4.235932216813908219e+08,4.309388072374470234e+08,4.360058444991402626e+08,4.147905668363748193e+08,3.883708825251047015e+08,3.663002967297620773e+08,3.473852248112375736e+08,3.291492535993354321e+08,3.137194979813460708e+08,2.988842042186568379e+08,2.858041471817675233e+08,2.727200272652501464e+08,2.602594491519935429e+08,2.482409561640018225e+08,2.365343759803504050e+08,2.264260830634762943e+08,2.159087179749014676e+08,2.044449056178033054e+08,1.941835241639066637e+08,1.833926795181434453e+08,1.000000000000000000e+00
0.000000000000000000e+00,0.000000000000000000e+00,0.000000000000000000e+00,0.000000000000000000e+00,0.000000000000000000e+00,0.000000000000000000e+00,0.000000000000000000e+00,0.000000000000000000e+00,0.000000000000000000e+00,0.000000000000000000e+00,0.000000000000000000e+00,0.000000000000000000e+00,0.000000000000000000e+00,0.000000000000000000e+00,0.000000000000000000e+00,0.000000000000000000e+00,0.000000000000000000e+00,0.000000000000000000e+00,0.000000000000000000e+00,0.000000000000000000e+00,0.000000000000000000e+00,0.000000000000000000e+00,0.000000000000000000e+00,0.000000000000000000e+00,0.000000000000000000e+00,0.000000000000000000e+00,0.000000000000000000e+00,8.611314236872859765e+05,7.168984458746641874e+06,1.532233572121500969e+07,2.432422119404396415e+07,3.388344358309268206e+07,4.384800892102356255e+07,5.407214912967938930e+07,6.458115407098123431e+07,7.534959812147219479e+07,8.620301734551773965e+07,9.737906827855876088e+07,1.086366528442085385e+08,1.200770918901874721e+08,1.316399736515107751e+08,1.434012649510408938e+08,1.553005359230502844e+08,1.674105898497046232e+08,1.796106835736376643e+08,1.918942728701128364e+08,2.046007473277059197e+08,2.173427488350128233e+08,2.302692395397576094e+08,2.435546120316299200e+08,2.569542506474518776e+08,2.707409522095352411e+08,2.848637235838264823e+08,2.993096513151032925e+08,3.141324832623566985e+08,3.294843861733168960e+08,3.453365416895318031e+08,3.618379200508291721e+08,3.793057610833932757e+08,3.960746200345887542e+08,4.092430580813419223e+08,4.175163145518965125e+08,4.251038611854681969e+08,4.298198929836702347e+08,4.184662055847961903e+08,3.914043490335971713e+08,3.681142639979355335e+08,3.477804710406410694e+08,3.297148284439756870e+08,3.138868038273410797e+08,2.988025570862325430e+08,2.847147380856173635e+08,2.713790878421648145e+08,2.588774103710645735e+08,2.468633682288349271e+08,2.359814617019437850e+08,2.243530979632380605e+08,2.132602362185536623e+08,2.029155334182925820e+08,1.915006081854899228e+08,1.000000000000000000e+00
0.000000000000000000e+00,0.000000000000000000e+00,0.000000000000000000e+00,0.000000000000000000e+00,0.000000000000000000e+00,0.000000000000000000e+00,0.000000000000000000e+00,0.000000000000000000e+00,0.000000000000000000e+00,0.000000000000000000e+00,0.000000000000000000e+00,0.000000000000000000e+00,0.000000000000000000e+00,0.000000000000000000e+00,0.000000000000000000e+00,0.000000000000000000e+00,0.000000000000000000e+00,0.000000000000000000e+00,0.000000000000000000e+00,0.000000000000000000e+00,0.000000000000000000e+00,0.000000000000000000e+00,0.000000000000000000e+00,0.000000000000000000e+00,0.000000000000000000e+00,0.000000000000000000e+00,0.000000000000000000e+00,0.000000000000000000e+00,0.000000000000000000e+00,4.870103636889334768e+06,1.263726956610371917e+07,2.140937024942195788e+07,3.087270715278666466e+07,4.070699897192327678e+07,5.091858994341814518e+07,6.139321295582572371e+07,7.204508989127895236e+07,8.290902324756203592e+07,9.398807632650150359e+07,1.052090960910633802e+08,1.166608547134102583e+08,1.281463026126544625e+08,1.398653640789681673e+08,1.517416543007754982e+08,1.637464137045662403e+08,1.759716034940016270e+08,1.883312639532444179e+08,2.009046519538204074e+08,2.135581078007078767e+08,2.264725839986742437e+08,2.396383611036419272e+08,2.530520646478738785e+08,2.667389232857694626e+08,2.807527691520418525e+08,2.950361647903989553e+08,3.098336734028381109e+08,3.250624117230499387e+08,3.406903402478179932e+08,3.571082498466127515e+08,3.742173088970351219e+08,3.910982654437027574e+08,4.042718169491403103e+08,4.121056602920228243e+08,4.190720028939374685e+08,4.245995194791007638e+08,4.235249770378394127e+08,3.946527569057362080e+08,3.698384795432849526e+08,3.488123400181252956e+08,3.305475829009780884e+08,3.143398407884781957e+08,2.986641370115462542e+08,2.844655986405015588e+08,2.704590804288673401e+08,2.580330736876561344e+08,2.453238232025762796e+08,2.341353039264943302e+08,2.221886894248628318e+08,2.109430752636433244e+08,2.003190210322820246e+08,1.000000000000000000e+00
0.000000000000000000e+00,0.000000000000000000e+00,0.000000000000000000e+00,0.000000000000000000e+00,0.000000000000000000e+00,0.000000000000000000e+00,0.000000000000000000e+00,0.000000000000000000e+00,0.000000000000000000e+00,0.000000000000000000e+00,0.000000000000000000e+00,0.000000000000000000e+00,0.000000000000000000e+00,0.000000000000000000e+00,0.000000000000000000e+00,0.000000000000000000e+00,0.000000000000000000e+00,0.000000000000000000e+00,0.000000000000000000e+00,0.000000000000000000e+00,0.000000000000000000e+00,0.000000000000000000e+00,0.000000000000000000e+00,0.000000000000000000e+00,0.000000000000000000e+00,0.000000000000000000e+00,0.000000000000000000e+00,0.000000000000000000e+00,0.000000000000000000e+00,0.000000000000000000e+00,2.756035835917106364e+06,1.004164781029992923e+07,1.860027711360865086e+07,2.786695302739830688e+07,3.761309152130088210e+07,4.771480938742699474e+07,5.811805602148279548e+07,6.876555763612553477e+07,7.956184986206057668e+07,9.066259497190313041e+07,1.017878729057561010e+08,1.131919182495085448e+08,1.246869610289070308e+08,1.363873392180086970e+08,1.482388242277851105e+08,1.602157917163889110e+08,1.723785176827549338e+08,1.847013720862268507e+08,1.971364360952093899e+08,2.098394586467182934e+08,2.227561569896751642e+08,2.358385947312033772e+08,2.491852419528857768e+08,2.628245481572009921e+08,2.767212903666734099e+08,2.909834887565353513e+08,3.056427606842078567e+08,3.206702187988080978e+08,3.362757476945368052e+08,3.523922327912428975e+08,3.693600690679838061e+08,3.869726081559183002e+08,3.988221664326593280e+08,4.064684662083960176e+08,4.133691358945887685e+08,4.187795573337674141e+08,4.222079966660543680e+08,3.982919601962369680e+08,3.723114911908201575e+08,3.504965406448459625e+08,3.315733527447666526e+08,3.133594746248080134e+08,2.981355757784807682e+08,2.828855474159747958e+08,2.696681777280519009e+08,2.564218140585283339e+08,2.442358437912538648e+08,2.321944277094903290e+08,2.198878022497759461e+08,2.090191958999569714e+08,1.000000000000000000e+00
0.000000000000000000e+00,0.000000000000000000e+00,0.000000000000000000e+00,0.000000000000000000e+00,0.000000000000000000e+00,0.000000000000000000e+00,0.000000000000000000e+00,0.000000000000000000e+00,0.000000000000000000e+00,0.000000000000000000e+00,0.000000000000000000e+00,0.000000000000000000e+00,0.000000000000000000e+00,0.000000000000000000e+00,0.000000000000000000e+00,0.000000000000000000e+00,0.000000000000000000e+00,0.000000000000000000e+00,0.000000000000000000e+00,0.000000000000000000e+00,0.000000000000000000e+00,0.000000000000000000e+00,0.000000000000000000e+00,0.000000000000000000e+00,0.000000000000000000e+00,0.000000000000000000e+00,0.000000000000000000e+00,0.000000000000000000e+00,0.000000000000000000e+00,0.000000000000000000e+00,0.000000000000000000e+00,1.051447866160381120e+06,7.529846739271068946e+06,1.577728621867213584e+07,2.488555608822071552e+07,3.449572059814080596e+07,4.449339203943346441e+07,5.482769029515854269e+07,6.536183074576133490e+07,7.621020640947708488e+07,8.712781124934393167e+07,9.833717086886981130e+07,1.096091027450029850e+08,1.210738902208915055e+08,1.326963835144127458e+08,1.445209806029018760e+08,1.565029635083754361e+08,1.685848601436707377e+08,1.809033723153804243e+08,1.931972598294147551e+08,2.059216156735355854e+08,2.187769791307906210e+08,2.318172765956726372e+08,2.450709676315198541e+08,2.586524970698810220e+08,2.723992337078109384e+08,2.865657503703440428e+08,3.011199821896196008e+08,3.160139219687380195e+08,3.314225081274073124e+08,3.474474172685266137e+08,3.640851905180130005e+08,3.812920440330193639e+08,3.938700520474651456e+08,4.021151533811360598e+08,4.076892685272893906e+08,4.129824654291863441e+08,4.162555268477842808e+08,4.016953015447546244e+08,3.750547927298707962e+08,3.520765761895949841e+08,3.319839021334932446e+08,3.142861091443899870e+08,2.981558059950737953e+08,2.827417690032004118e+08,2.685606689107491970e+08,2.557462078650704622e+08,2.426010144635968506e+08,2.307448687065905035e+08,2.189518079484854341e+08,1.000000000000000000e+00
0.000000000000000000e+00,0.000000000000000000e+00,0.000000000000000000e+00,0.000000000000000000e+00,0.000000000000000000e+00,0.000000000000000000e+00,0.000000000000000000e+00,0.000000000000000000e+00,0.000000000000000000e+00,0.000000000000000000e+00,0.000000000000000000e+00,0.000000000000000000e+00,0.000000000000000000e+00,0.000000000000000000e+00,0.000000000000000000e+00,0.000000000000000000e+00,0.000000000000000000e+00,0.000000000000000000e+00,0.000000000000000000e+00,0.000000000000000000e+00,0.000000000000000000e+00,0.000000000000000000e+00,0.000000000000000000e+00,0.000000000000000000e+00,0.000000000000000000e+00,0.000000000000000000e+00,0.000000000000000000e+00,0.000000000000000000e+00,0.000000000000000000e+00,0.000000000000000000e+00,0.000000000000000000e+00,0.000000000000000000e+00,0.000000000000000000e+00,5.153624834518054500e+06,1.306936281167237647e+07,2.192708190623334050e+07,3.145319509575988352e+07,4.138665388046173751e+07,5.160959087463890761e+07,6.213787875155624747e+07,7.287585552952894568e+07,8.379472749083197117e+07,9.496449027350680530e+07,1.062352051774802357e+08,1.177119140014224499e+08,1.292765006914529800e+08,1.410690932420139015e+08,1.530257631372555792e+08,1.650889276486569941e+08,1.773158139303440154e+08,1.896998584368690848e+08,2.023812387261500955e+08,2.150726569605573118e+08,2.281025115271495283e+08,2.413334224449939728e+08,2.547939010753646493e+08,2.685220269505835772e+08,2.826484177867328525e+08,2.970420201319023967e+08,3.119196023356187344e+08,3.271819958656088710e+08,3.429629791036214232e+08,3.594601459448624849e+08,3.765369279782103896e+08,3.888510722360274792e+08,3.970681930547170639e+08,4.025645012807226181e+08,4.074252211403711438e+08,4.113144376659086943e+08,4.067665121429153085e+08,3.781627738268988132e+08,3.540833448413574100e+08,3.329394199488755465e+08,3.147405845926773548e+08,2.981805117244130969e+08,2.824455868630944490e+08,2.683461649378946126e+08,2.540933667997713387e+08,2.417818898685392439e+08,2.284456129230127037e+08,1.000000000000000000e+00
0.000000000000000000e+00,0.000000000000000000e+00,0.000000000000000000e+00,0.000000000000000000e+00,0.000000000000000000e+00,0.000000000000000000e+00,0.000000000000000000e+00,0.000000000000000000e+00,0.000000000000000000e+00,0.000000000000000000e+00,0.000000000000000000e+00,0.000000000000000000e+00,0.000000000000000000e+00,0.000000000000000000e+00,0.000000000000000000e+00,0.000000000000000000e+00,0.000000000000000000e+00,0.000000000000000000e+00,0.000000000000000000e+00,0.000000000000000000e+00,0.000000000000000000e+00,0.000000000000000000e+00,0.000000000000000000e+00,0.000000000000000000e+00,0.000000000000000000e+00,0.000000000000000000e+00,0.000000000000000000e+00,0.000000000000000000e+00,0.000000000000000000e+00,0.000000000000000000e+00,0.000000000000000000e+00,0.000000000000000000e+00,0.000000000000000000e+00,0.000000000000000000e+00,3.025492091090715025e+06,1.042223974672435410e+07,1.906390856458662078e+07,2.839654008605876565e+07,3.821633831574434042e+07,4.839904427237892151e+07,5.884262465453046560e+07,6.949280149591857195e+07,8.040048087100124359e+07,9.148265226908235252e+07,1.027232312479022294e+08,1.141284484177391976e+08,1.257109125004837662e+08,1.374353745019125938e+08,1.493239996800596416e+08,1.613670444944819212e+08,1.735419935203865469e+08,1.858550417516330481e+08,1.984560045084293485e+08,2.111436263162617683e+08,2.241570987781009078e+08,2.372472490238789916e+08,2.506915875822057724e+08,2.643366808074198067e+08,2.783036247414779067e+08,2.925953918956139684e+08,3.073458470640592575e+08,3.224940900568597913e+08,3.381643870013033748e+08,3.544682196392657757e+08,3.714372290490956903e+08,3.840611761407792568e+08,3.916845124277307987e+08,3.970271719075790048e+08,4.019125362139445543e+08,4.056967289346662760e+08,4.078497652386041880e+08,3.817465489285817146e+08,3.560135974578467607e+08,3.342123080783455372e+08,3.154085770439248085e+08,2.981454547809351683e+08,2.824343415925025940e+08,2.674810435071853995e+08,2.536360976498037875e+08,2.397469040839143097e+08,1.000000000000000000e+00
0.000000000000000000e+00,0.000000000000000000e+00,0.000000000000000000e+00,0.000000000000000000e+00,0.000000000000000000e+00,0.000000000000000000e+00,0.000000000000000000e+00,0.000000000000000000e+00,0.000000000000000000e+00,0.000000000000000000e+00,0.000000000000000000e+00,0.000000000000000000e+00,0.000000000000000000e+00,0.000000000000000000e+00,0.000000000000000000e+00,0.000000000000000000e+00,0.000000000000000000e+00,0.000000000000000000e+00,0.000000000000000000e+00,0.000000000000000000e+00,0.000000000000000000e+00,0.000000000000000000e+00,0.000000000000000000e+00,0.000000000000000000e+00,0.000000000000000000e+00,0.000000000000000000e+00,0.000000000000000000e+00,0.000000000000000000e+00,0.000000000000000000e+00,0.000000000000000000e+00,0.000000000000000000e+00,0.000000000000000000e+00,0.000000000000000000e+00,0.000000000000000000e+00,0.000000000000000000e+00,1.256652212320551509e+06,7.885745438572075218e+06,1.625271287028756551e+07,2.541371120538194478e+07,3.515192670581827313e+07,4.515462813942200691e+07,5.555264135920870304e+07,6.616075520601938665e+07,7.704911479649978876e+07,8.805155737767243385e+07,9.928930094716809690e+07,1.106568058857455254e+08,1.221666889956357181e+08,1.339018585468085408e+08,1.457663070431421101e+08,1.577183113174466193e+08,1.698631436578156352e+08,1.822485749671548903e+08,1.947305946930033565e+08,2.074528462399558723e+08,2.203480117953557968e+08,2.333839180379411578e+08,2.467809519699509740e+08,2.604046367956731319e+08,2.742995156812851429e+08,2.885229183518581390e+08,3.031257756104789376e+08,3.181270337912229896e+08,3.337278886863796115e+08,3.497554050872170329e+08,3.665514415965753198e+08,3.795954347457649112e+08,3.872644538207700253e+08,3.926926069628868699e+08,3.965423815392888188e+08,4.002172160572848320e+08,4.022179471665636897e+08,3.858117366956840158e+08,3.585398084292091131e+08,3.357084290512678027e+08,3.160587666129854918e+08,2.979947166832061410e+08,2.819376388853443861e+08,2.663755412353498638e+08,2.521033043385745883e+08,1.000000000000000000e+00
0.000000000000000000e+00,0.000000000000000000e+00,0.000000000000000000e+00,0.000000000000000000e+00,0.000000000000000000e+00,0.000000000000000000e+00,0.000000000000000000e+00,0.000000000000000000e+00,0.000000000000000000e+00,0.000000000000000000e+00,0.000000000000000000e+00,0.000000000000000000e+00,0.000000000000000000e+00,0.000000000000000000e+00,0.000000000000000000e+00,0.000000000000000000e+00,0.000000000000000000e+00,0.000000000000000000e+00,0.000000000000000000e+00,0.000000000000000000e+00,0.000000000000000000e+00,0.000000000000000000e+00,0.000000000000000000e+00,0.000000000000000000e+00,0.000000000000000000e+00,0.000000000000000000e+00,0.000000000000000000e+00,0.000000000000000000e+00,0.000000000000000000e+00,0.000000000000000000e+00,0.000000000000000000e+00,0.000000000000000000e+00,0.000000000000000000e+00,0.000000000000000000e+00,0.000000000000000000e+00,0.000000000000000000e+00,0.000000000000000000e+00,5.438362473280551843e+06,1.347840866334120184e+07,2.242184510256603360e+07,3.204529532619263232e+07,4.200698724019342661e+07,5.231967180088520795e+07,6.289061734189654887e+07,7.367498215317262709e+07,8.461830106950946152e+07,9.580356878326888382e+07,1.071475232958831638e+08,1.186851913812574893e+08,1.302980797304802537e+08,1.421299470987155437e+08,1.541198563605140150e+08,1.661748505385274887e+08,1.784867032285184264e+08,1.910072504265244305e+08,2.036339099464023411e+08,2.164848811420041323e+08,2.295215644343615174e+08,2.428653713428932726e+08,2.563080619077399075e+08,2.701598767213529348e+08,2.843181797626045942e+08,2.987955434784671068e+08,3.137357712422458529e+08,3.290233771208882332e+08,3.449974017290110588e+08,3.615487296935377717e+08,3.750214244597069621e+08,3.822586996633423567e+08,3.879298780024420023e+08,3.911058339032459259e+08,3.947777898936562538e+08,3.974084767588695288e+08,3.896749354643760920e+08,3.615916384970508814e+08,3.377502668222569823e+08,3.167103500903533697e+08,2.984962168663094044e+08,2.821692965563175678e+08,2.663034411034578085e+08,1.000000000000000000e+00
0.000000000000000000e+00,0.000000000000000000e+00,0.000000000000000000e+00,0.000000000000000000e+00,0.000000000000000000e+00,0.000000000000000000e+00,0.000000000000000000e+00,0.000000000000000000e+00,0.000000000000000000e+00,0.000000000000000000e+00,0.000000000000000000e+00,0.000000000000000000e+00,0.000000000000000000e+00,0.000000000000000000e+00,0.000000000000000000e+00,0.000000000000000000e+00,0.000000000000000000e+00,0.000000000000000000e+00,0.000000000000000000e+00,0.000000000000000000e+00,0.000000000000000000e+00,0.000000000000000000e+00,0.000000000000000000e+00,0.000000000000000000e+00,0.000000000000000000e+00,0.000000000000000000e+00,0.000000000000000000e+00,0.000000000000000000e+00,0.000000000000000000e+00,0.000000000000000000e+00,0.000000000000000000e+00,0.000000000000000000e+00,0.000000000000000000e+00,0.000000000000000000e+00,0.000000000000000000e+00,0.000000000000000000e+00,0.000000000000000000e+00,0.000000000000000000e+00,3.283188027750155423e+06,1.082002788164574280e+07,1.952651747710153461e+07,2.894248693670182303e+07,3.880578203897368908e+07,4.903643682251663506e+07,5.956402534101891518e+07,7.030527102389137447e+07,8.124085808689039946e+07,9.238666299010239542e+07,1.036881357979138792e+08,1.151259125797342211e+08,1.267830803072141558e+08,1.385474120118479729e+08,1.504315353586830795e+08,1.625441608306291699e+08,1.748050488470453024e+08,1.872812803218682408e+08,1.998317182532051504e+08,2.126067237432307601e+08,2.256509588346863091e+08,2.388745149047265351e+08,2.524021389611369371e+08,2.660958394798654914e+08,2.801444412708644867e+08,2.945765582453767061e+08,3.093054336957774162e+08,3.245711513150791526e+08,3.403189732196220756e+08,3.566735947334969044e+08,3.712689910393045545e+08,3.777010626755798459e+08,3.827705640126751065e+08,3.860289046847167611e+08,3.894722506312400699e+08,3.920771108108157516e+08,3.930432322783240080e+08,3.648454661107592583e+08,3.396031180892043114e+08,3.181173310773857832e+08,2.992311500391195416e+08,2.817751756918053031e+08,1.000000000000000000e+00
0.000000000000000000e+00,0.000000000000000000e+00,0.000000000000000000e+00,0.000000000000000000e+00,0.000000000000000000e+00,0.000000000000000000e+00,0.000000000000000000e+00,0.000000000000000000e+00,0.000000000000000000e+00,0.000000000000000000e+00,0.000000000000000000e+00,0.000000000000000000e+00,0.000000000000000000e+00,0.000000000000000000e+00,0.000000000000000000e+00,0.000000000000000000e+00,0.000000000000000000e+00,0.000000000000000000e+00,0.000000000000000000e+00,0.000000000000000000e+00,0.000000000000000000e+00,0.000000000000000000e+00,0.000000000000000000e+00,0.000000000000000000e+00,0.000000000000000000e+00,0.000000000000000000e+00,0.000000000000000000e+00,0.000000000000000000e+00,0.000000000000000000e+00,0.000000000000000000e+00,0.000000000000000000e+00,0.000000000000000000e+00,0.000000000000000000e+00,0.000000000000000000e+00,0.000000000000000000e+00,0.000000000000000000e+00,0.000000000000000000e+00,0.000000000000000000e+00,0.000000000000000000e+00,1.469151082332015038e+06,8.243350712565431371e+06,1.669107367055309191e+07,2.597076185200834647e+07,3.572712002287352830e+07,4.580322183374413848e+07,5.625988833530678600e+07,6.688240973704230785e+07,7.784049455105224252e+07,8.898343817672844231e+07,1.002373835863687396e+08,1.116213964973561168e+08,1.231866036366728544e+08,1.349520869136216044e+08,1.468311160249347985e+08,1.589293237194987833e+08,1.711246823197983503e+08,1.835388636264128089e+08,1.960754674730010629e+08,2.088946677681736350e+08,2.218230642184695899e+08,2.348989324773153365e+08,2.483851139325680137e+08,2.620696778322380781e+08,2.760710990567614436e+08,2.903249845771335363e+08,3.049850938301116228e+08,3.201538473239663839e+08,3.357090669659557343e+08,3.518878951792846322e+08,3.664313635569489598e+08,3.733797539470126629e+08,3.784674047451778054e+08,3.808374428498380184e+08,3.843008453376003504e+08,3.866539016202794909e+08,3.877351805994314551e+08,3.687796065861054063e+08,3.420403030850607157e+08,3.193465504326907992e+08,3.003118755262329578e+08,1.000000000000000000e+00
0.000000000000000000e+00,0.000000000000000000e+00,0.000000000000000000e+00,0.000000000000000000e+00,0.000000000000000000e+00,0.000000000000000000e+00,0.000000000000000000e+00,0.000000000000000000e+00,0.000000000000000000e+00,0.000000000000000000e+00,0.000000000000000000e+00,0.000000000000000000e+00,0.000000000000000000e+00,0.000000000000000000e+00,0.000000000000000000e+00,0.000000000000000000e+00,0.000000000000000000e+00,0.000000000000000000e+00,0.000000000000000000e+00,0.000000000000000000e+00,0.000000000000000000e+00,0.000000000000000000e+00,0.000000000000000000e+00,0.000000000000000000e+00,0.000000000000000000e+00,0.000000000000000000e+00,0.000000000000000000e+00,0.000000000000000000e+00,0.000000000000000000e+00,0.000000000000000000e+00,0.000000000000000000e+00,0.000000000000000000e+00,0.000000000000000000e+00,0.000000000000000000e+00,0.000000000000000000e+00,0.000000000000000000e+00,0.000000000000000000e+00,0.000000000000000000e+00,0.000000000000000000e+00,0.000000000000000000e+00,0.000000000000000000e+00,5.777923575369124301e+06,1.391989416736078635e+07,2.293628368488883600e+07,3.262534592370070145e+07,4.267295863268466294e+07,5.301495056971979886e+07,6.362880037046040595e+07,7.447913395405700803e+07,8.550167815642824769e+07,9.671554368589471281e+07,1.081398431791608930e+08,1.196942066353885084e+08,1.313880906230344474e+08,1.432437890638082623e+08,1.552611308173415959e+08,1.674591985599306226e+08,1.797992858630000651e+08,1.923422010584103763e+08,2.050106957024947703e+08,2.178687800183671415e+08,2.310511245411582589e+08,2.443680632825743258e+08,2.580120581787225604e+08,2.718801271183391213e+08,2.861165586936222315e+08,3.006472502990763187e+08,3.157288896786653996e+08,3.311107049324658513e+08,3.471103796557539701e+08,3.615019397147753835e+08,3.689094960366711617e+08,3.735794343378704190e+08,3.768544902815283537e+08,3.790830609052076340e+08,3.815765054447117448e+08,3.823336795248950124e+08,3.725086473800863624e+08,3.448457211284885406e+08,3.212514022843496203e+08,1.000000000000000000e+00
0.000000000000000000e+00,0.000000000000000000e+00,0.000000000000000000e+00,0.000000000000000000e+00,0.000000000000000000e+00,0.000000000000000000e+00,0.000000000000000000e+00,0.000000000000000000e+00,0.000000000000000000e+00,0.000000000000000000e+00,0.000000000000000000e+00,0.000000000000000000e+00,0.000000000000000000e+00,0.000000000000000000e+00,0.000000000000000000e+00,0.000000000000000000e+00,0.000000000000000000e+00,0.000000000000000000e+00,0.000000000000000000e+00,0.000000000000000000e+00,0.000000000000000000e+00,0.000000000000000000e+00,0.000000000000000000e+00,0.000000000000000000e+00,0.000000000000000000e+00,0.000000000000000000e+00,0.000000000000000000e+00,0.000000000000000000e+00,0.000000000000000000e+00,0.000000000000000000e+00,0.000000000000000000e+00,0.000000000000000000e+00,0.000000000000000000e+00,0.000000000000000000e+00,0.000000000000000000e+00,0.000000000000000000e+00,0.000000000000000000e+00,0.000000000000000000e+00,0.000000000000000000e+00,0.000000000000000000e+00,0.000000000000000000e+00,0.000000000000000000e+00,3.580315997121789027e+06,1.117264528555695154e+07,2.000605157738540322e+07,2.948074005520334095e+07,3.943310564861059934e+07,4.970906249163876474e+07,6.025396772945688665e+07,7.109021319152516127e+07,8.207960475418098271e+07,9.328944924480126798e+07,1.045750569680311233e+08,1.161450759929993004e+08,1.278258754051414132e+08,1.395947795695575774e+08,1.516058532914334238e+08,1.638042996225473583e+08,1.760678055427145660e+08,1.885375911852160692e+08,2.011523926936182082e+08,2.140438084403524995e+08,2.271312771769430339e+08,2.404338780914334357e+08,2.539095989924002290e+08,2.677832718419631422e+08,2.818842730912864804e+08,2.963699083131628036e+08,3.112238563979250789e+08,3.266066219814483523e+08,3.424568431552135348e+08,3.566264627750405669e+08,3.639844727531279922e+08,3.686990814569771290e+08,3.723305399196031094e+08,3.741322652935692072e+08,3.762745310638961792e+08,3.778521726542615891e+08,3.764092826548347473e+08,3.480348706715645790e+08,1.000000000000000000e+00
0.000000000000000000e+00,0.000000000000000000e+00,0.000000000000000000e+00,0.000000000000000000e+00,0.000000000000000000e+00,0.000000000000000000e+00,0.000000000000000000e+00,0.000000000000000000e+00,0.000000000000000000e+00,0.000000000000000000e+00,0.000000000000000000e+00,0.000000000000000000e+00,0.000000000000000000e+00,0.000000000000000000e+00,0.000000000000000000e+00,0.000000000000000000e+00,0.000000000000000000e+00,0.000000000000000000e+00,0.000000000000000000e+00,0.000000000000000000e+00,0.000000000000000000e+00,0.000000000000000000e+00,0.000000000000000000e+00,0.000000000000000000e+00,0.000000000000000000e+00,0.000000000000000000e+00,0.000000000000000000e+00,0.000000000000000000e+00,0.000000000000000000e+00,0.000000000000000000e+00,0.000000000000000000e+00,0.000000000000000000e+00,0.000000000000000000e+00,0.000000000000000000e+00,0.000000000000000000e+00,0.000000000000000000e+00,0.000000000000000000e+00,0.000000000000000000e+00,0.000000000000000000e+00,0.000000000000000000e+00,0.000000000000000000e+00,0.000000000000000000e+00,0.000000000000000000e+00,1.709881467015970498e+06,8.541144499340875074e+06,1.714602599568598345e+07,2.648656414608556777e+07,3.627347268722651899e+07,4.649711216624292731e+07,5.699663010124379396e+07,6.771403119165773690e+07,7.870711753647619486e+07,8.985993798472867906e+07,1.011562525024015754e+08,1.126795836016148478e+08,1.243171274221397042e+08,1.361556228877862096e+08,1.480693469677253067e+08,1.601997705022133291e+08,1.724952031460028291e+08,1.849554555473778248e+08,1.975320279232940674e+08,2.104050610118018985e+08,2.233456998186652660e+08,2.366693580006602407e+08,2.500827350161097348e+08,2.638400565899755657e+08,2.778573536708561182e+08,2.923018883379135132e+08,3.070767837080770135e+08,3.222429827052015066e+08,3.379806007814577222e+08,3.521762908792413473e+08,3.607826664949270487e+08,3.648568994211847186e+08,3.681304472821429968e+08,3.690199822464051247e+08,3.713055690845499635e+08,3.727225940297790170e+08,3.730282681919445395e+08,1.000000000000000000e+00
0.000000000000000000e+00,0.000000000000000000e+00,0.000000000000000000e+00,0.000000000000000000e+00,0.000000000000000000e+00,0.000000000000000000e+00,0.000000000000000000e+00,0.000000000000000000e+00,0.000000000000000000e+00,0.000000000000000000e+00,0.000000000000000000e+00,0.000000000000000000e+00,0.000000000000000000e+00,0.000000000000000000e+00,0.000000000000000000e+00,0.000000000000000000e+00,0.000000000000000000e+00,0.000000000000000000e+00,0.000000000000000000e+00,0.000000000000000000e+00,0.000000000000000000e+00,0.000000000000000000e+00,0.000000000000000000e+00,0.000000000000000000e+00,0.000000000000000000e+00,0.000000000000000000e+00,0.000000000000000000e+00,0.000000000000000000e+00,0.000000000000000000e+00,0.000000000000000000e+00,0.000000000000000000e+00,0.000000000000000000e+00,0.000000000000000000e+00,0.000000000000000000e+00,0.000000000000000000e+00,0.000000000000000000e+00,0.000000000000000000e+00,0.000000000000000000e+00,0.000000000000000000e+00,0.000000000000000000e+00,0.000000000000000000e+00,0.000000000000000000e+00,0.000000000000000000e+00,0.000000000000000000e+00,3.442069599180750083e+05,6.106639459651057608e+06,1.434221131044458598e+07,2.345881772513742000e+07,3.318308077028079703e+07,4.330260754948011041e+07,5.368536658836259693e+07,6.438601174632792175e+07,7.530785157124702632e+07,8.635413863545981050e+07,9.772120657842095196e+07,1.091125706410892457e+08,1.207438925471633673e+08,1.324571452780278176e+08,1.444196989023152292e+08,1.565057166515319049e+08,1.687859081460857391e+08,1.811924079571880400e+08,1.936734445722658336e+08,2.065479153003436625e+08,2.194868509975289702e+08,2.326028514839691520e+08,2.460987966949295998e+08,2.597133503613477945e+08,2.737170823521197438e+08,2.880291644216714501e+08,3.026880397907934189e+08,3.177418139670904875e+08,3.333062806003218889e+08,3.473694083603121638e+08,3.558941582789501548e+08,3.599787503348649740e+08,3.629017568900900483e+08,3.651046046682926416e+08,3.660480668725348115e+08,3.677004950411782265e+08,1.000000000000000000e+00
0.000000000000000000e+00,0.000000000000000000e+00,0.000000000000000000e+00,0.000000000000000000e+00,0.000000000000000000e+00,0.000000000000000000e+00,0.000000000000000000e+00,0.000000000000000000e+00,0.000000000000000000e+00,0.000000000000000000e+00,0.000000000000000000e+00,0.000000000000000000e+00,0.000000000000000000e+00,0.000000000000000000e+00,0.000000000000000000e+00,0.000000000000000000e+00,0.000000000000000000e+00,0.000000000000000000e+00,0.000000000000000000e+00,0.000000000000000000e+00,0.000000000000000000e+00,0.000000000000000000e+00,0.000000000000000000e+00,0.000000000000000000e+00,0.000000000000000000e+00,0.000000000000000000e+00,0.000000000000000000e+00,0.000000000000000000e+00,0.000000000000000000e+00,0.000000000000000000e+00,0.000000000000000000e+00,0.000000000000000000e+00,0.000000000000000000e+00,0.000000000000000000e+00,0.000000000000000000e+00,0.000000000000000000e+00,0.000000000000000000e+00,0.000000000000000000e+00,0.000000000000000000e+00,0.000000000000000000e+00,0.000000000000000000e+00,0.000000000000000000e+00,0.000000000000000000e+00,0.000000000000000000e+00,0.000000000000000000e+00,0.000000000000000000e+00,3.909435315580085851e+06,1.157217876877673343e+07,2.051708098826747015e+07,3.010934331976214051e+07,4.011365307581702620e+07,5.048161557493478060e+07,6.112286501887321472e+07,7.195020547952413559e+07,8.297641068884313107e+07,9.425942682921178639e+07,1.056765014506691098e+08,1.173242879017677605e+08,1.289734766118493676e+08,1.408659491981382370e+08,1.529466684498834908e+08,1.651379787148243189e+08,1.775203944209901690e+08,1.901227858275135756e+08,2.028739263622268438e+08,2.157348588773343861e+08,2.288442200683136284e+08,2.422082604453899860e+08,2.558235317326708436e+08,2.697285631612502933e+08,2.839651051842905283e+08,2.984877001811457872e+08,3.134801775373030901e+08,3.289325819111382365e+08,3.428875522353144884e+08,3.515677975279876590e+08,3.553304373596668243e+08,3.585277169641575813e+08,3.607711876116436720e+08,3.614494308624421358e+08,1.000000000000000000e+00
0.000000000000000000e+00,0.000000000000000000e+00,0.000000000000000000e+00,0.000000000000000000e+00,0.000000000000000000e+00,0.000000000000000000e+00,0.000000000000000000e+00,0.000000000000000000e+00,0.000000000000000000e+00,0.000000000000000000e+00,0.000000000000000000e+00,0.000000000000000000e+00,0.000000000000000000e+00,0.000000000000000000e+00,0.000000000000000000e+00,0.000000000000000000e+00,0.000000000000000000e+00,0.000000000000000000e+00,0.000000000000000000e+00,0.000000000000000000e+00,0.000000000000000000e+00,0.000000000000000000e+00,0.000000000000000000e+00,0.000000000000000000e+00,0.000000000000000000e+00,0.000000000000000000e+00,0.000000000000000000e+00,0.000000000000000000e+00,0.000000000000000000e+00,0.000000000000000000e+00,0.000000000000000000e+00,0.000000000000000000e+00,0.000000000000000000e+00,0.000000000000000000e+00,0.000000000000000000e+00,0.000000000000000000e+00,0.000000000000000000e+00,0.000000000000000000e+00,0.000000000000000000e+00,0.000000000000000000e+00,0.000000000000000000e+00,0.000000000000000000e+00,0.000000000000000000e+00,0.000000000000000000e+00,0.000000000000000000e+00,0.000000000000000000e+00,0.000000000000000000e+00,1.944821418373840861e+06,8.893376672141436487e+06,1.757970065159712359e+07,2.699445501563946158e+07,3.690542397954870015e+07,4.714802299901144952e+07,5.773510555012375116e+07,6.853101605785080791e+07,7.950334449055248499e+07,9.077465229670886695e+07,1.020638752616309822e+08,1.136517935968125015e+08,1.253154140646907240e+08,1.371934422518656552e+08,1.492404892429658175e+08,1.613917598386593163e+08,1.737245972296374738e+08,1.862226555721654594e+08,1.988340369683819115e+08,2.117524122640479803e+08,2.248644847081263065e+08,2.381668110042349100e+08,2.516850198210985363e+08,2.655416903701255918e+08,2.796299449472541809e+08,2.940885069965265989e+08,3.089914577862468362e+08,3.242351107539414763e+08,3.381063359833695292e+08,3.475573619809643030e+08,3.525422937771281004e+08,3.548192121009376049e+08,3.559067259185719490e+08,1.000000000000000000e+00
0.000000000000000000e+00,0.000000000000000000e+00,0.000000000000000000e+00,0.000000000000000000e+00,0.000000000000000000e+00,0.000000000000000000e+00,0.000000000000000000e+00,0.000000000000000000e+00,0.000000000000000000e+00,0.000000000000000000e+00,0.000000000000000000e+00,0.000000000000000000e+00,0.000000000000000000e+00,0.000000000000000000e+00,0.000000000000000000e+00,0.000000000000000000e+00,0.000000000000000000e+00,0.000000000000000000e+00,0.000000000000000000e+00,0.000000000000000000e+00,0.000000000000000000e+00,0.000000000000000000e+00,0.000000000000000000e+00,0.000000000000000000e+00,0.000000000000000000e+00,0.000000000000000000e+00,0.000000000000000000e+00,0.000000000000000000e+00,0.000000000000000000e+00,0.000000000000000000e+00,0.000000000000000000e+00,0.000000000000000000e+00,0.000000000000000000e+00,0.000000000000000000e+00,0.000000000000000000e+00,0.000000000000000000e+00,0.000000000000000000e+00,0.000000000000000000e+00,0.000000000000000000e+00,0.000000000000000000e+00,0.000000000000000000e+00,0.000000000000000000e+00,0.000000000000000000e+00,0.000000000000000000e+00,0.000000000000000000e+00,0.000000000000000000e+00,0.000000000000000000e+00,0.000000000000000000e+00,5.166666735011710552e+05,6.417352590684002265e+06,1.472302807182011008e+07,2.398729848621768877e+07,3.376128607556094229e+07,4.391575993522264063e+07,5.441189913740978390e+07,6.512034923486152291e+07,7.612826944474247098e+07,8.723511594508458674e+07,9.863794728013268113e+07,1.100908925804254264e+08,1.217166428076063693e+08,1.335473735122854412e+08,1.455570452947629690e+08,1.577648865937383175e+08,1.700122123317374289e+08,1.825026109141771197e+08,1.950353185026688278e+08,2.079271724907916486e+08,2.209806278084305525e+08,2.342213483823744059e+08,2.477008856723097265e+08,2.615063762335963249e+08,2.754628609341960549e+08,2.898257197503424883e+08,3.046011748590866923e+08,3.197598408874706626e+08,3.334085366259515285e+08,3.429164345776647329e+08,3.477073613110799789e+08,3.497044673993350267e+08,1.000000000000000000e+00
0.000000000000000000e+00,0.000000000000000000e+00,0.000000000000000000e+00,0.000000000000000000e+00,0.000000000000000000e+00,0.000000000000000000e+00,0.000000000000000000e+00,0.000000000000000000e+00,0.000000000000000000e+00,0.000000000000000000e+00,0.000000000000000000e+00,0.000000000000000000e+00,0.000000000000000000e+00,0.000000000000000000e+00,0.000000000000000000e+00,0.000000000000000000e+00,0.000000000000000000e+00,0.000000000000000000e+00,0.000000000000000000e+00,0.000000000000000000e+00,0.000000000000000000e+00,0.000000000000000000e+00,0.000000000000000000e+00,0.000000000000000000e+00,0.000000000000000000e+00,0.000000000000000000e+00,0.000000000000000000e+00,0.000000000000000000e+00,0.000000000000000000e+00,0.000000000000000000e+00,0.000000000000000000e+00,0.000000000000000000e+00,0.000000000000000000e+00,0.000000000000000000e+00,0.000000000000000000e+00,0.000000000000000000e+00,0.000000000000000000e+00,0.000000000000000000e+00,0.000000000000000000e+00,0.000000000000000000e+00,0.000000000000000000e+00,0.000000000000000000e+00,0.000000000000000000e+00,0.000000000000000000e+00,0.000000000000000000e+00,0.000000000000000000e+00,0.000000000000000000e+00,0.000000000000000000e+00,0.000000000000000000e+00,0.000000000000000000e+00,4.119013499426496215e+06,1.189324415987338312e+07,2.090509026668894663e+07,3.058887305347311869e+07,4.066971845337664336e+07,5.105700652741026878e+07,6.174418943912901729e+07,7.265674770697554946e+07,8.373953821029786766e+07,9.506685817252472043e+07,1.065285138076977879e+08,1.181728946185010672e+08,1.299350835206608772e+08,1.418764148776988685e+08,1.540323308648568094e+08,1.662763613179203868e+08,1.786763100594221652e+08,1.912676015140818059e+08,2.040856630051368773e+08,2.170169322661283016e+08,2.302166598029683530e+08,2.436360456694022119e+08,2.573104955004301071e+08,2.712592134122890830e+08,2.855596993117349744e+08,3.001695936512205601e+08,3.152829903110612035e+08,3.288977832527083158e+08,3.381762548564559221e+08,3.433339126177688837e+08,1.000000000000000000e+00
0.000000000000000000e+00,0.000000000000000000e+00,0.000000000000000000e+00,0.000000000000000000e+00,0.000000000000000000e+00,0.000000000000000000e+00,0.000000000000000000e+00,0.000000000000000000e+00,0.000000000000000000e+00,0.000000000000000000e+00,0.000000000000000000e+00,0.000000000000000000e+00,0.000000000000000000e+00,0.000000000000000000e+00,0.000000000000000000e+00,0.000000000000000000e+00,0.000000000000000000e+00,0.000000000000000000e+00,0.000000000000000000e+00,0.000000000000000000e+00,0.000000000000000000e+00,0.000000000000000000e+00,0.000000000000000000e+00,0.000000000000000000e+00,0.000000000000000000e+00,0.000000000000000000e+00,0.000000000000000000e+00,0.000000000000000000e+00,0.000000000000000000e+00,0.000000000000000000e+00,0.000000000000000000e+00,0.000000000000000000e+00,0.000000000000000000e+00,0.000000000000000000e+00,0.000000000000000000e+00,0.000000000000000000e+00,0.000000000000000000e+00,0.000000000000000000e+00,0.000000000000000000e+00,0.000000000000000000e+00,0.000000000000000000e+00,0.000000000000000000e+00,0.000000000000000000e+00,0.000000000000000000e+00,0.000000000000000000e+00,0.000000000000000000e+00,0.000000000000000000e+00,0.000000000000000000e+00,0.000000000000000000e+00,0.000000000000000000e+00,0.000000000000000000e+00,2.180717067196885590e+06,9.239455068318778649e+06,1.801157404657827318e+07,2.750244801913395897e+07,3.751766907847550511e+07,4.785946496563654393e+07,5.847588083562776446e+07,6.932141457566325366e+07,8.040243034812611341e+07,9.169285105296754837e+07,1.031503570612003952e+08,1.147423414983060956e+08,1.265173002866511643e+08,1.384361233935480416e+08,1.504986264329948127e+08,1.627662820708108842e+08,1.751350475837138295e+08,1.876663856104177535e+08,2.004704539208673537e+08,2.133750163906951249e+08,2.265876051826809943e+08,2.399002507283590734e+08,2.535756716527594030e+08,2.674318453951482177e+08,2.816503287562393546e+08,2.961529591593239903e+08,3.111472464865731597e+08,3.247013233703904748e+08,3.339711899610329866e+08,1.000000000000000000e+00
0.000000000000000000e+00,0.000000000000000000e+00,0.000000000000000000e+00,0.000000000000000000e+00,0.000000000000000000e+00,0.000000000000000000e+00,0.000000000000000000e+00,0.000000000000000000e+00,0.000000000000000000e+00,0.000000000000000000e+00,0.000000000000000000e+00,0.000000000000000000e+00,0.000000000000000000e+00,0.000000000000000000e+00,0.000000000000000000e+00,0.000000000000000000e+00,0.000000000000000000e+00,0.000000000000000000e+00,0.000000000000000000e+00,0.000000000000000000e+00,0.000000000000000000e+00,0.000000000000000000e+00,0.000000000000000000e+00,0.000000000000000000e+00,0.000000000000000000e+00,0.000000000000000000e+00,0.000000000000000000e+00,0.000000000000000000e+00,0.000000000000000000e+00,0.000000000000000000e+00,0.000000000000000000e+00,0.000000000000000000e+00,0.000000000000000000e+00,0.000000000000000000e+00,0.000000000000000000e+00,0.000000000000000000e+00,0.000000000000000000e+00,0.000000000000000000e+00,0.000000000000000000e+00,0.000000000000000000e+00,0.000000000000000000e+00,0.000000000000000000e+00,0.000000000000000000e+00,0.000000000000000000e+00,0.000000000000000000e+00,0.000000000000000000e+00,0.000000000000000000e+00,0.000000000000000000e+00,0.000000000000000000e+00,0.000000000000000000e+00,0.000000000000000000e+00,0.000000000000000000e+00,6.772212440381488996e+05,6.773224982237852179e+06,1.514956206541611254e+07,2.445527147877648100e+07,3.434041350540732592e+07,4.451969217369867861e+07,5.511301610421004146e+07,6.583493219083788991e+07,7.691558181420162320e+07,8.810509556149046123e+07,9.948440723737950623e+07,1.110533613942169696e+08,1.227436578407741487e+08,1.346459729021748006e+08,1.466822527387710810e+08,1.588295878497072458e+08,1.712111127971448898e+08,1.837227764524555504e+08,1.963935840436758101e+08,2.093239567776927054e+08,2.223968272445450425e+08,2.356833903438305855e+08,2.492710722625985146e+08,2.630687478547055125e+08,2.771962930052742362e+08,2.916177498739703894e+08,3.064334983294814229e+08,3.198090674017577767e+08,1.000000000000000000e+00
0.000000000000000000e+00,0.000000000000000000e+00,0.000000000000000000e+00,0.000000000000000000e+00,0.000000000000000000e+00,0.000000000000000000e+00,0.000000000000000000e+00,0.000000000000000000e+00,0.000000000000000000e+00,0.000000000000000000e+00,0.000000000000000000e+00,0.000000000000000000e+00,0.000000000000000000e+00,0.000000000000000000e+00,0.000000000000000000e+00,0.000000000000000000e+00,0.000000000000000000e+00,0.000000000000000000e+00,0.000000000000000000e+00,0.000000000000000000e+00,0.000000000000000000e+00,0.000000000000000000e+00,0.000000000000000000e+00,0.000000000000000000e+00,0.000000000000000000e+00,0.000000000000000000e+00,0.000000000000000000e+00,0.000000000000000000e+00,0.000000000000000000e+00,0.000000000000000000e+00,0.000000000000000000e+00,0.000000000000000000e+00,0.000000000000000000e+00,0.000000000000000000e+00,0.000000000000000000e+00,0.000000000000000000e+00,0.000000000000000000e+00,0.000000000000000000e+00,0.000000000000000000e+00,0.000000000000000000e+00,0.000000000000000000e+00,0.000000000000000000e+00,0.000000000000000000e+00,0.000000000000000000e+00,0.000000000000000000e+00,0.000000000000000000e+00,0.000000000000000000e+00,0.000000000000000000e+00,0.000000000000000000e+00,0.000000000000000000e+00,0.000000000000000000e+00,0.000000000000000000e+00,0.000000000000000000e+00,0.000000000000000000e+00,4.453991633317166939e+06,1.229970893501603603e+07,2.138060640911115706e+07,3.115180847755564749e+07,4.128234110255899280e+07,5.173644479104103148e+07,6.250754909932034463e+07,7.343971715492810309e+07,8.454903518804147840e+07,9.593602407243935764e+07,1.074349200402841270e+08,1.191624700760846138e+08,1.309463608811363280e+08,1.429618066696451902e+08,1.551306694781458080e+08,1.673617886658760607e+08,1.798823835056337714e+08,1.926045429699663520e+08,2.053883454261010885e+08,2.184350277249797583e+08,2.316826377427496910e+08,2.451894437640996575e+08,2.588577285248122215e+08,2.729049769112927914e+08,2.872659517834203243e+08,3.019566420210189819e+08,1.000000000000000000e+00
0.000000000000000000e+00,0.000000000000000000e+00,0.000000000000000000e+00,0.000000000000000000e+00,0.000000000000000000e+00,0.000000000000000000e+00,0.000000000000000000e+00,0.000000000000000000e+00,0.000000000000000000e+00,0.000000000000000000e+00,0.000000000000000000e+00,0.000000000000000000e+00,0.000000000000000000e+00,0.000000000000000000e+00,0.000000000000000000e+00,0.000000000000000000e+00,0.000000000000000000e+00,0.000000000000000000e+00,0.000000000000000000e+00,0.000000000000000000e+00,0.000000000000000000e+00,0.000000000000000000e+00,0.000000000000000000e+00,0.000000000000000000e+00,0.000000000000000000e+00,0.000000000000000000e+00,0.000000000000000000e+00,0.000000000000000000e+00,0.000000000000000000e+00,0.000000000000000000e+00,0.000000000000000000e+00,0.000000000000000000e+00,0.000000000000000000e+00,0.000000000000000000e+00,0.000000000000000000e+00,0.000000000000000000e+00,0.000000000000000000e+00,0.000000000000000000e+00,0.000000000000000000e+00,0.000000000000000000e+00,0.000000000000000000e+00,0.000000000000000000e+00,0.000000000000000000e+00,0.000000000000000000e+00,0.000000000000000000e+00,0.000000000000000000e+00,0.000000000000000000e+00,0.000000000000000000e+00,0.000000000000000000e+00,0.000000000000000000e+00,0.000000000000000000e+00,0.000000000000000000e+00,0.000000000000000000e+00,0.000000000000000000e+00,0.000000000000000000e+00,2.472231981435282156e+06,9.649909715840116143e+06,1.845757447675628588e+07,2.802148180386894941e+07,3.807196724769352376e+07,4.846599277552874386e+07,5.911245694364294410e+07,7.006652463488732278e+07,8.117851006884382665e+07,9.247427346884009242e+07,1.039699231885418743e+08,1.156035011539856344e+08,1.274431404271543175e+08,1.393585455427961051e+08,1.514536227190476358e+08,1.637477067595436275e+08,1.761983106774320304e+08,1.888442783646110594e+08,2.016235786083410084e+08,2.146075874307363927e+08,2.278156144597728550e+08,2.412604518436226845e+08,2.549874325867357850e+08,2.688726548276084065e+08,2.831566923539968729e+08,1.000000000000000000e+00
0.000000000000000000e+00,0.000000000000000000e+00,0.000000000000000000e+00,0.000000000000000000e+00,0.000000000000000000e+00,0.000000000000000000e+00,0.000000000000000000e+00,0.000000000000000000e+00,0.000000000000000000e+00,0.000000000000000000e+00,0.000000000000000000e+00,0.000000000000000000e+00,0.000000000000000000e+00,0.000000000000000000e+00,0.000000000000000000e+00,0.000000000000000000e+00,0.000000000000000000e+00,0.000000000000000000e+00,0.000000000000000000e+00,0.000000000000000000e+00,0.000000000000000000e+00,0.000000000000000000e+00,0.000000000000000000e+00,0.000000000000000000e+00,0.000000000000000000e+00,0.000000000000000000e+00,0.000000000000000000e+00,0.000000000000000000e+00,0.000000000000000000e+00,0.000000000000000000e+00,0.000000000000000000e+00,0.000000000000000000e+00,0.000000000000000000e+00,0.000000000000000000e+00,0.000000000000000000e+00,0.000000000000000000e+00,0.000000000000000000e+00,0.000000000000000000e+00,0.000000000000000000e+00,0.000000000000000000e+00,0.000000000000000000e+00,0.000000000000000000e+00,0.000000000000000000e+00,0.000000000000000000e+00,0.000000000000000000e+00,0.000000000000000000e+00,0.000000000000000000e+00,0.000000000000000000e+00,0.000000000000000000e+00,0.000000000000000000e+00,0.000000000000000000e+00,0.000000000000000000e+00,0.000000000000000000e+00,0.000000000000000000e+00,0.000000000000000000e+00,0.000000000000000000e+00,8.520047026676950045e+05,7.103225896429722197e+06,1.551929306725576147e+07,2.495253593577147275e+07,3.485330824243428558e+07,4.512397981517200917e+07,5.571242240639081597e+07,6.652090596923871338e+07,7.764369995239070058e+07,8.897001119784750044e+07,1.003922536110658497e+08,1.119721067504472136e+08,1.236931161512831300e+08,1.356267414281099439e+08,1.477076786630675793e+08,1.599976124578469694e+08,1.723953915283244848e+08,1.849692044285083711e+08,1.977188467923206985e+08,2.107418282108877599e+08,2.238457503999966383e+08,2.371737114342774749e+08,2.508232096994634867e+08,2.646799975187171996e+08,1.000000000000000000e+00
